name,category,file,source_url,sha256,bytes
unnamed,ancient,icons/ancient/elf-2019.png,https://www.mm2values.com/img/2019elf.png,0d7c824e3586fe44fec87613ccdbe610fd9ea737577d1840c01d99d66485bd46,20555
unnamed,ancient,icons/ancient/blossom-696.webp,https://www.mm2values.com/img/BlossomGun.png,c27e7bf9e78f97ecb6742c32cb4396313fb66dc4977d961d0bd3df49b557ed51,14402
unnamed,ancient,icons/ancient/sakura.webp,https://www.mm2values.com/img/Sakura.png,c1394c4bc52594b9e61c87321c83b553fe9849f0e25a155dbb0227bb36673452,6814
unnamed,ancient,icons/ancient/celestial.webp,https://www.mm2values.com/img/Celestial.png,25989b5bbbba4dc7d1fda2e405e4d688a8083b548a52615b79e9c0dcc8095b96,8764
unnamed,ancient,icons/ancient/raygun.webp,https://www.mm2values.com/img/Raygun.png,11ba1d699795830358f8060455d9f2585a0ee8a7fa2ee37e16bec00a4af3e56e,13460
unnamed,ancient,icons/ancient/niks-scythe.webp,https://www.mm2values.com/img/NiksScythe.png,de01473154811bef748e5878445f09ad77837be499c0f41070b991dc2431fbee,9856
unnamed,ancient,icons/ancient/gingerscope.webp,https://www.mm2values.com/img/Gingerscope.png,942896e77bb65497744c68c0a58bda369bd40a09516005b8adaf73e401b4e5d8,7282
unnamed,ancient,icons/ancient/travelers-axe.webp,https://www.mm2values.com/img/TravellersAxe.png,d6fa0c5fb88dcaae68f4cb0eaf16f5e8a62c2b482a8d276833ff9679fac6d1ba,9570
unnamed,ancient,icons/ancient/vampires-axe.png,https://www.mm2values.com/img/vampsaxe.png,659888e6d6fb33ad618d95123f7f28b9578f401df00b8d5698c8999251d09682,136877
unnamed,ancient,icons/ancient/harvester.png,https://www.mm2values.com/img/harvester.png,ab656a2ddf31d7743fdf0e40ba60498dfcbede5c7645b184cfe0e89d3b16d6fc,71937
unnamed,ancient,icons/ancient/icepiercer.webp,https://www.mm2values.com/img/Icepiercer.png,4dad90cd34ca44d5219de63eb23033a9a58fd6c6dfba814c9bcebf6fac9abeff,10936
unnamed,ancient,icons/ancient/icebreaker.webp,https://www.mm2values.com/img/Icebreaker.png,8616195e23369158f1f27ef3109a23882e6447d6b1a9ecb71926ea99e21840af,32490
unnamed,ancient,icons/ancient/batwing.webp,https://www.mm2values.com/img/BatwingUpdated.png,1ccb9082ed84ebcd325cf9d2af3456d3efb417628ab2aefca6c33db593aa505c,12580
unnamed,ancient,icons/ancient/elderwood-scythe.png,https://www.mm2values.com/img/ewscythe.png,37f3595d2d6f7c30dbdccb7308d3300ba864f261c52446f142e85b8d221b661e,23315
unnamed,ancient,icons/ancient/swirlyaxe.webp,https://www.mm2values.com/img/SwirlAxe.png,1381e289eb43278878c9a2cbb32d84be140dccf6a8153e63c43957b144801129,26800
unnamed,ancient,icons/ancient/hallowscythe.webp,https://www.mm2values.com/img/HallowscytheUp.png,cabf813f402d94ca93d535f987db0881ac57c575fd57e926f086d3d2d40c333b,21400
unnamed,ancient,icons/ancient/log-chopper.webp,https://www.mm2values.com/img/LogchopperUp.png,e61785bd1375ac70c8003d4d49d290a2c087bc9c4cd11333eff706bcee9a9e1a,18618
unnamed,ancient,icons/ancient/ice-wing.webp,https://www.mm2values.com/img/IcewingknifeUp.png,5d0cbecd55dddb824763b515750a03fb7d303b6f9703eb0de4c396dd4f81fedb,21724
unnamed,ancient,icons/ancient/unnamed_19.png,https://www.mm2values.com/imgs/spacer.png,cd700fa05f0f99181e2c9375736e1b8c2b0a8d07de63e8dddd7e861b0e0b71ca,15513
Chroma DeathShard,chroma,icons/chroma/chroma-deathshard.png,https://www.mm2values.com/img/chromads.png,bdcb6604897f8a829d6fa6238b73a0006f084b6315dd829c91a5d3d36f588d2d,64131
unnamed,chroma,icons/chroma/chroma-travelers-gun.webp,https://www.mm2values.com/img/ChromaTravGun.png,459b9a5ecf018ae184abdc53f628bb823e7079bda430c6e8ef6738c5bc50260a,7122
unnamed,chroma,icons/chroma/chroma-evergun.webp,https://www.mm2values.com/img/Chroma_Evergun.png,282b86d1fac0db8f6a7c8128a2457d39365b0f9427108b8e86f722803f760c9b,12926
unnamed,chroma,icons/chroma/chroma-evergreen.webp,https://www.mm2values.com/img/Chroma_Evergreen.png,d72d40bfedc767b28e549845089132aeadf9dae96f6e2de3e5fcc22fea1240ee,5932
unnamed,chroma,icons/chroma/chroma-bauble.webp,https://www.mm2values.com/img/CBauble.png,59f3d942c2ca2c52e9544b5f9b5f35d01eda2cb22f4a07d9b131684e103fdc0c,43446
unnamed,chroma,icons/chroma/chroma-vampires-gun.png,https://www.mm2values.com/img/chromavampsgun.png,06ad3b5c1d65bb394253ada95a444886768e1a53ea4ee7ef9cf89a014cd57275,172371
unnamed,chroma,icons/chroma/chroma-constellation.webp,https://www.mm2values.com/img/ChromaConstellation.png,dd924a1c9ad5f18374d8f3c44689ecfacbd97bea290ec220d650e2c1fb860ca8,8794
unnamed,chroma,icons/chroma/chroma-alienbeam.webp,https://www.mm2values.com/img/ChromaAlienbeam.png,7678f7448a6637aeb43af2607e5975ad32f1af82f6bfdba4faa3e01dab63bec9,25530
unnamed,chroma,icons/chroma/chroma-sunrise.webp,https://www.mm2values.com/img/ChromaSunsetGun.png,608ede18335e1fbdf81d95fd78421e833f37d804d137b76ed017f5dea864c067,7650
unnamed,chroma,icons/chroma/chroma-raygun.webp,https://www.mm2values.com/img/ChromaRaygun.png,87a8c5c72155c4f279f304c37f1443feff6a334b99006d3c13939113421de3fd,20226
unnamed,chroma,icons/chroma/chroma-snowcannon.webp,https://www.mm2values.com/img/Chroma_Snowcannon.png,8fa36452cfcaa5dbd33ff2a8dacafe5679287f27fac9c02a39fad88b9aec5ba7,26934
unnamed,chroma,icons/chroma/chroma-sunset.webp,https://www.mm2values.com/img/ChromaSunsetKnife.png,5370f59d3798f89f676378a883c5024b48787bf7d361ddc9e3ab8e7975b77f7b,8038
unnamed,chroma,icons/chroma/chroma-blizzard.webp,https://www.mm2values.com/img/ChromaBlizzard.png,0d99f4f3cb428ec66a688ab8e350925cd1f8ee33c8fda2d4bfaa09153c92542c,9402
unnamed,chroma,icons/chroma/chroma-snowstorm.webp,https://www.mm2values.com/img/Chroma_Snowstorm.png,a1f19e8bf10be5ec4d1d5c737106488e0068bed17a70d8f2aad4d9cf5c0b8c92,6088
unnamed,chroma,icons/chroma/chroma-heart-wand.png,https://www.mm2values.com/img/CHeartwand.png,8b0c7e5f39e2f2a62e44dd9e6857574d5ea7ab2827d21278de9dee0f330cab50,253436
unnamed,chroma,icons/chroma/chroma-snow-dagger.png,https://www.mm2values.com/img/Chroma_Snow_Dagger.png,7f86362ed067349a7fdcb1eada60778246978f48f9e8e4f7d7accd714673ee9d,99112
unnamed,chroma,icons/chroma/chroma-watergun.webp,https://www.mm2values.com/img/Chroma_Watergun.png,0c7523600c20226f20549bb97fa70760623d257fcdb6f5b6d15db7c3d6cde7d8,8178
unnamed,chroma,icons/chroma/chroma-treat.webp,https://www.mm2values.com/img/Ctreat.png,4d92654ad2c9743f49cee9a6a0d6532ee786da82d021f20f5c715ca862cad7b9,10056
unnamed,chroma,icons/chroma/chroma-sweet.png,https://www.mm2values.com/img/Csweet.png,4547b2d4ad62b015e736076428b7624b79d80fe95fe76a0bf2e63297abfa17a1,92568
unnamed,chroma,icons/chroma/chroma-icecream.webp,https://www.mm2values.com/img/C_Icecream.png,4ddc73cdf5b9330a2b3076e09502031b57bb9308a78f2d9fa919301d9f90ff15,5696
unnamed,chroma,icons/chroma/chroma-ornament.webp,https://www.mm2values.com/img/Chroma_Ornament.png,2bbda5949bf00b164aa29d7cfd02ecdaf22da3282a2bc935d44eb10a6b7d6ab1,17310
unnamed,chroma,icons/chroma/chroma-sands.webp,https://www.mm2values.com/img/CSands.png,dbeaff380b8da3df7525b0544dd976c89707891809e20bd639dfe4c2185bd156,8758
unnamed,chroma,icons/chroma/chroma-beachy.webp,https://www.mm2values.com/img/CBeachy.png,21cef7b4a5d01c2a9cf30fa72c276fd603751dce6e8214b5afbdc72c1f03eb7b,8570
unnamed,chroma,icons/chroma/chroma-darkbringer.webp,https://www.mm2values.com/img/Chroma_Darkbringer.png,fa07e3b9fbe9e80d8425fa609d442c60f0a59409e6baac47a9bc1ab3e9b5e7ff,7258
unnamed,chroma,icons/chroma/chroma-lightbringer.webp,https://www.mm2values.com/img/Chroma_Lightbringer.png,a9bf3e8797cd6474341a3f156d1012efb583e422220e9f7a3719c1a68c49d568,8182
unnamed,chroma,icons/chroma/chroma-luger.png,https://www.mm2values.com/img/chromaluger.png,6b31a99bbb71f95bd4ffd74851e9e22dd465aab94544dbc374f44de54ac3d807,85069
unnamed,chroma,icons/chroma/chroma-laser.png,https://www.mm2values.com/img/chromalaser.png,d40d8731c5a9811d7fbe205414a1d977a876125bae34d8d26dbceaeb5567de89,97697
unnamed,chroma,icons/chroma/chroma-candleflame.png,https://www.mm2values.com/img/chromacandle.png,7d1acc7de8f2270bc6fcbad57234fb5ac2f355b31da4b77101b67bac83fc0fa8,18893
unnamed,chroma,icons/chroma/chroma-swirlygun.png,https://www.mm2values.com/img/chromaswirlygun.png,12ed8efc67bb2fbf6ecb242750abf24eaf6ac573d069aa935f0c8e2c011607a8,87205
unnamed,chroma,icons/chroma/chroma-elderwood-blade.webp,https://www.mm2values.com/img/ChromaElderwoodBlade.png,f2523c0e63f854ebd97fd65886aac773370a860255ba9bdd2fbac9bc67a7f6b1,13282
unnamed,chroma,icons/chroma/chroma-shark.png,https://www.mm2values.com/img/chromashark.png,292331a8f49c0f83adc661613d2abfc10c69ed920d68cf6c9c352c2e0afc7e93,94064
unnamed,chroma,icons/chroma/chroma-slasher.png,https://www.mm2values.com/img/chromaslasher.png,9c79dd9ce5a3374e873ff6682308e9420b657eb206891a575e505116705cd099,47939
unnamed,chroma,icons/chroma/chroma-fang.png,https://www.mm2values.com/img/chromafang.png,278f8d979332551776f62600bd8b264e55b072723a0b553fe6da59704688ad69,85677
unnamed,chroma,icons/chroma/chroma-gemstone.png,https://www.mm2values.com/img/chromagem.png,b3e75b48db6e5ec7aff423cdcc40cec94beb0b3e849eab57cee57d7e6c41581f,70319
unnamed,chroma,icons/chroma/chroma-heat.png,https://www.mm2values.com/img/chromaheat.png,5cbcdd021376d3411dfaa687e56a19b5c323b82e3f18563832ba8ea5ffd63de2,54462
unnamed,chroma,icons/chroma/chroma-cookiecane.webp,https://www.mm2values.com/img/ChromaCookiecane.png,07380bb3f259cdafe777bf8d11fb0df2b2b3f842abd384bc2a205b56273ed03b,6836
unnamed,chroma,icons/chroma/chroma-tides.png,https://www.mm2values.com/img/chromatides.png,6df01b1e73f55161f050395fcd368e1485d4697afcac985e15e8b5a6a92cea77,61882
unnamed,chroma,icons/chroma/chroma-seer.png,https://www.mm2values.com/img/chromaseer.png,5b4b0272a407ae6fe6d720d2fae337da2103f877cbe880ce62027efe7d848c2b,80786
unnamed,chroma,icons/chroma/chroma-gingerblade.webp,https://www.mm2values.com/img/Chroma_Gingerblade.png,9412d7e3ebe47b5ee746a8d4524289fc55ad50cd5613c067e200b2f41319485d,15030
unnamed,chroma,icons/chroma/chroma-saw.png,https://www.mm2values.com/img/chromasaw.png,ed230a80d0742e6ef3dfbcbc83fedd549bda6991125fe74b476f586319214cf5,86755
unnamed,chroma,icons/chroma/chroma-boneblade.webp,https://www.mm2values.com/img/Chroma_Boneblade.png,5186d9c06826ca11e807a7b2ec03da66fbf962ae0b49cb4e84ae8f91fc34b109,12356
unnamed,common,icons/common/bats-knife.webp,https://www.mm2values.com/img/BatsK2018UP.png,56b966f0f6dc89f6e32c893ba97893457e78f7d312d99a1c9aba313d10c5f0f9,3254
unnamed,common,icons/common/gifts-knife.png,https://www.mm2values.com/img/giftsknife.png,9612ee18aef980b2bb5ee8c7411bd12a420f895eacbe19ac53ce362cd5899dad,21930
unnamed,common,icons/common/pine-knife.png,https://www.mm2values.com/img/pineknife.png,762c2cb9a62ff35c9452c14c73100af6b5a52e67173e1b254daf9e8e1634f8cc,21993
unnamed,common,icons/common/ghoulish.webp,https://www.mm2values.com/img/Ghoulish.png,be1fff157c9fa6ef278b322c3ab9993cfed49f6b5f95af85eac9590773c43337,4926
unnamed,common,icons/common/glitch-1.png,https://www.mm2values.com/img/glitch.png,0e18b77fced1c36ff5369b78389df7a933bfc327b37e639ba768158c6ef45980,14954
unnamed,common,icons/common/frosted-knife.png,https://www.mm2values.com/img/frostedknife.png,57fd8ce17d378d92545f795c64d762ab27651395d11fa43e4ff721a4f01683aa,21612
unnamed,common,icons/common/glitch-2.png,https://www.mm2values.com/img/glitch2.png,c03e6697b9bdc51f4112b1f2b80adf113eca9c5c3f9e318b312ebe01a195e6d2,16657
unnamed,common,icons/common/candycorn.webp,https://www.mm2values.com/img/Candycorn2017UP.png,b054bb7118de6ba5031b7f3816dfd10606bdecb301e1a6e02054591443205d36,2852
unnamed,common,icons/common/sparkle9.webp,https://www.mm2values.com/img/Sparkle9UP.png,9595313b0b3d2ddaa685fd602637fcbdb53983fcfad7b53c685e26267d2f3ed0,2620
unnamed,common,icons/common/wrapped-gun-271.webp,https://www.mm2values.com/img/Wrapped_gun_2018up.png,1efc36004b6bb31b16f65e2b8279c1552dfe00d5b66c8e65ae9346603c7f7ae8,4382
unnamed,common,icons/common/snowflakes-gun.png,https://www.mm2values.com/img/snowflakesgun.png,2523974731bb7dbf46092aacbba52a0fd0f8568fcb9af005a6f67ec01416017e,22826
unnamed,common,icons/common/webbed-gun.png,https://www.mm2values.com/img/webbedgun.png,fbf7ce1c1cb52a4e8176f205a0dfe234c215f4361994b11afa994209c8278fb7,23443
unnamed,common,icons/common/coal-knife-268.webp,https://www.mm2values.com/img/Coal_2018_knifeup.png,d50d11004edebf7698b67706dab942eee0c8ae5fe90bf7c53e0c84dc19c06fe3,2566
unnamed,common,icons/common/snowman-gun-269.webp,https://www.mm2values.com/img/Snowman_gun2018up.png,a66d3e51759b8a68f78155087c8771754f74917b868fa5087ea30366ba9cc40b,3422
unnamed,common,icons/common/ecto.webp,https://www.mm2values.com/img/Ecto2017UP.png,59de438ad2c3a79851ab7d03fd71cb1a4b393fabf96a0d3667dee2840284afc9,3608
unnamed,common,icons/common/sparkle8.webp,https://www.mm2values.com/img/Sparkle8UP.png,413728ced6ba20e3bce10149ded34f950b41633e67b875df46ff42336783b844,3038
unnamed,common,icons/common/sparkle10.webp,https://www.mm2values.com/img/Sparkle10UP.png,8c412861075cb9275b609981c0e3119c19d7ebe962d4c176a6546f00a66486a8,2380
unnamed,common,icons/common/rip-gun.png,https://www.mm2values.com/img/ripgun.png,87dc65cb6e1e75ae396159383ba0ff71a0976528e24af020f2d013a06b247961,22119
unnamed,common,icons/common/sparkle7.webp,https://www.mm2values.com/img/Sparkle7UP.png,e969caa36dd710a1a08897bfb8da4c4376a82948fe6c4ebcfb5bc245c9171270,2992
unnamed,common,icons/common/elf-knife.webp,https://www.mm2values.com/img/Elf_knife2015UP.png,db224d68fbe30ca00c59997a10ff306ba7100883e7f311f4082d28851d7b8016,3798
unnamed,common,icons/common/slimy.png,https://www.mm2values.com/img/slimeyknife.png,9582a2607f758ef47b9db5625a36cae458e276da5c5524a938b4a9568bac8cb1,21729
unnamed,common,icons/common/mummified.png,https://www.mm2values.com/img/mummified.png,c0064290a4eadecb553f79832c600ae1f963f3ef8794497b8aa113fc36f71054,22059
unnamed,common,icons/common/prism.png,https://www.mm2values.com/img/prism.png,818b6405e0987f3993fad940171ed6a9e78f3284da0512cff72e0306dac313b0,21136
unnamed,common,icons/common/pumpkin-patch-383.png,https://www.mm2values.com/img/pumpkinpatch.png,e099f5c7df97069f29a6b6aafe2e44839e2ad4bda4d1aa4ed4c9663f52b6b771,21841
unnamed,common,icons/common/sparkle6.webp,https://www.mm2values.com/img/Sparkle6UP.png,386d6586e56b72d5f4982a15bc6720ae33e5812a5ad5ec9c224ea3dbd9e98328,3020
unnamed,common,icons/common/combat-ii.webp,https://www.mm2values.com/img/Combat2UP.png,c20414a449a3b1f32e60546afcf0afe43558a0341eeaaaea0cb8fb99496637f8,8386
unnamed,common,icons/common/sparkle4.webp,https://www.mm2values.com/img/Sparkle4UP.png,540252d5485667834da980b25aa73e5ccc490db9e9656029f7dcee1b69de2297,3114
unnamed,common,icons/common/phantom-247.webp,https://www.mm2values.com/img/Phantom2017UP.png,4b51da4ba162a7210cbc6d56d1e73e5fa7362e6514d139af8fe01ccecfb1200d,2456
unnamed,common,icons/common/tailslide.webp,https://www.mm2values.com/img/TailslideUP.png,e22e042731db390d8ccf1bc5411e2952aeefbe5502e6aade8754cd954bf8a19f,2676
unnamed,common,icons/common/sparkle5.webp,https://www.mm2values.com/img/Sparkle5knifeUP.png,2928a899b4dc26382a97591f0d12f511a34ee976f69eb757e532dcd8d085d1e9,3208
unnamed,common,icons/common/ollie.webp,https://www.mm2values.com/img/Ollie_UP.png,be633aeff9d364c77cc2314a7c3c2ca9047deda30330786d76a030795901532d,3144
unnamed,common,icons/common/skool.png,https://www.mm2values.com/img/skool.png,cd51062f79f7e224e6a7dead76333a05838fb42ccea83d9d825ba12340aa65a0,21643
unnamed,common,icons/common/sidewinder.webp,https://www.mm2values.com/img/SidewinderUP.png,d302e7920503791f934891e22fa9eac61cea0b30c78b3498626bdca9ee25a819,2834
unnamed,common,icons/common/denis.png,https://www.mm2values.com/img/denis.png,7acc646fc443db2daee475af78ab473a5dd91cf06e402325eb7873c06f070924,21916
unnamed,common,icons/common/alex.png,https://www.mm2values.com/img/alex.png,5e93ce2e564ad1072721ef50ead484a1bac36d78d77b3c6f9bf45b7c90c00ae0,21898
unnamed,common,icons/common/corl.png,https://www.mm2values.com/img/corl.png,22f48ad4970c4e24394075f9c2716b56749bdaaa1419e36400dc43eb8c119a2e,21619
unnamed,common,icons/common/sketchy.png,https://www.mm2values.com/img/sketchy.png,7f83f97dad07ec13282f83edb403304305b1f36f9e98e0ad08aa6ef7ace01e27,22566
unnamed,common,icons/common/sub.png,https://www.mm2values.com/img/sub.png,b56d5f8f147a969a65437f1f86794ae7abfd6a67ceaaa7bfea0a8766de600d6d,21587
unnamed,common,icons/common/euro.webp,https://www.mm2values.com/img/EuroUP.png,137bb3954b6de1a21d383e0aa4f5db9ee6d0633d569cdeac7a29e7feca12f134,2708
unnamed,common,icons/common/starry.webp,https://www.mm2values.com/img/Starrygun2020.png,102a2f2c031c0ca692dbd6b40451f9fa23a9b18c1a51812d99c8e10cb06637e4,7466
unnamed,common,icons/common/asteroid.png,https://www.mm2values.com/img/asteroid.png,d56e8950d790c914bda3d1711cb1d4d31f1099ad3506f1655d5cdc0d3edf42b8,22208
unnamed,common,icons/common/bats-613.webp,https://www.mm2values.com/img/Bats2020.png,1f4c3b15e388543d0e0d3b75c8409cd1be64bfd931c94e021cf3d21de1b8a2f7,2492
unnamed,common,icons/common/infected-gun.webp,https://www.mm2values.com/img/Infected_Gun_2022.png,61ad069e0661523f3bc2ea0e817345814b31f086e73837cf452a612622d21a7a,4800
unnamed,common,icons/common/elf-gun-217.png,https://www.mm2values.com/img/elfgun.png,7e38fbb879482a96225f7ed9f7814fd6d059b94866ceaa8fc7055535c91c1887,20877
unnamed,common,icons/common/slime-knife.webp,https://www.mm2values.com/img/SlimeK2018UP.png,56487e798776cb70a363f52e088935838b98b1cbb4110d43a857af991c65d0c9,3128
unnamed,common,icons/common/grave-gun.webp,https://www.mm2values.com/img/GraveG2018UP.png,ee0f9b18ca452de8d7babfac4c0944c14b348a86a8a78d7f6558d9d057a681a0,3520
unnamed,common,icons/common/sparkle2.webp,https://www.mm2values.com/img/Sparkle2UP.png,313dff67d25dbab926f2584f4a9a458052881ffd0ed6ccb2a01329d051c156a4,3016
unnamed,common,icons/common/sparkle3.webp,https://www.mm2values.com/img/Sparkle3UP.png,6cef66a1ba8710f2bcc05a5833b10e2ca180117c06beefb2147327d2c9b66fac,3008
unnamed,common,icons/common/indy.webp,https://www.mm2values.com/img/IndyUP.png,d7b991bc5793e5911be260b0404194ecb915d767b2c72984f68f9e8b8d61cfad,2688
unnamed,common,icons/common/apocalypse-gun.webp,https://www.mm2values.com/img/ApocGun.png,d5b68b1b750523afb3f680d2e4a4461788804824623254698f9c912c6c097080,4388
unnamed,common,icons/common/2015.png,https://www.mm2values.com/img/2015.png,adee26bcd30677b8bbf9a4aaf21a390c81de79d6d0735c8f2c544a39ea20ec02,22792
unnamed,common,icons/common/tnl.png,https://www.mm2values.com/img/tnl.png,987e05e9e5e2930978a7e2eb2f3ba92b6aeab6063ee16deef185e840697860c4,21138
unnamed,common,icons/common/goo.png,https://www.mm2values.com/img/goo.png,0b3a1248967245abce347bdf6c873080cb46551aadd9ab929f48511ef325c011,20930
unnamed,common,icons/common/neon.png,https://www.mm2values.com/img/neon.png,43f65c82151143408e035bfcf476225e486544af6606168ae13c3f7992e8fc66,21273
unnamed,common,icons/common/reptile.png,https://www.mm2values.com/img/reptile.png,000c4333703300694b1d48e647ed50a1a845b13b578e31d9c4ce1510d0ac8162,21259
unnamed,common,icons/common/infected.png,https://www.mm2values.com/img/infected.png,00c13ef27512a8b6264128fde7861afab0b0ceab048411b2c6331216f479106c,21952
unnamed,common,icons/common/patrick.png,https://www.mm2values.com/img/patrick.png,4080a0db855eefc6cce085572481bc5b1da7b938ece780d8f9a8e4ba4d91f113,21832
unnamed,common,icons/common/egg.png,https://www.mm2values.com/img/egg.png,81adf5bfefdaeb7fc548665b004ef8eadde9d2492790dc2c362fc1ae339045bc,21266
unnamed,common,icons/common/carrot-225.png,https://www.mm2values.com/img/carrot.png,372059e71a84f7140f21717ad19e64711200c2565cb45735f985d441717d301a,21866
unnamed,common,icons/common/ghosty-227.webp,https://www.mm2values.com/img/Ghosty2016UP.png,f6705c1928b21b43193df22764ac4fad128ae9455963fad9495eb6a0d9920f45,2334
unnamed,common,icons/common/sparkle1.webp,https://www.mm2values.com/img/Sparkle1UP.png,60b295914df665608224ff563e15f353b0a1ba43f31b5c4aa74b5c274943686b,2928
unnamed,common,icons/common/zombie-248.webp,https://www.mm2values.com/img/Zombie2017UP.png,ad44f2fa8fe1007bc90e1ccad930b9a4ce3d13f63880aefbefac09db9781a4a2,2680
unnamed,common,icons/common/grind.webp,https://www.mm2values.com/img/GrindUP.png,2fb0361a4ad1672de584e87c1296a58d475e8f06329abb3668a766b68ea5ddfa,3012
unnamed,common,icons/common/slashed.webp,https://www.mm2values.com/img/Slashed.png,8585cf92a6daaeb6fb2828659297c997f3b780a50e68dde0018f4bb521778b32,3214
unnamed,common,icons/common/webbed-knife.png,https://www.mm2values.com/img/webbedknife.png,9b7c50e75293aca83d663aa71ce62ac0352043e0531daa0603274b0bdbde35e4,22126
unnamed,common,icons/common/hearts.png,https://www.mm2values.com/img/hearts.png,dba45de4ac5ee17c0cfef9884a3c4606d9c8b4580d80eb9460f9b6b47a4c416c,21465
unnamed,common,icons/common/valentine.png,https://www.mm2values.com/img/valentine.png,3f4e406087096792c64ae8957e31dad087db810fda01a8ae741409c6f4cb199e,22088
unnamed,common,icons/common/passion.png,https://www.mm2values.com/img/passion.png,4edfc316c2225c8785ea63bd63193ce9b95b7be38800c430a25056b787dcd899,21880
unnamed,common,icons/common/sweetheart.png,https://www.mm2values.com/img/sweetheart.png,68eae6ed08d6b619ddc308f3b21c049ffb16aaeeaf062399fb710d03f5d25216,22853
unnamed,common,icons/common/blossom-209.png,https://www.mm2values.com/img/blossom.png,c2cba6d512d41689a381c31e2311abf4907da0efd3e356158a040b5d5213c69b,21827
unnamed,common,icons/common/roses.png,https://www.mm2values.com/img/roses.png,fd1d9462784997bc952edfd179e8c551d1b8081097de2c803c1edd2ca0e9f6bd,21673
unnamed,common,icons/common/santa-knife-211.webp,https://www.mm2values.com/img/Santa_knife2015UP.png,53bac3393149a3e2404d12142b3634ea0aebcc936f2bcd9cda116be148ad8f76,3576
unnamed,common,icons/common/santa-gun.webp,https://www.mm2values.com/img/SantaGun2015UP.png,1a7e00d632131dd1ffb3b371279d132fe5787965e1e8abdb434720d533cd82d4,4004
unnamed,common,icons/common/ornament2-knife.webp,https://www.mm2values.com/img/orn22015UP.png,8061bc7c008d694bd71bf039df83a1a630009697aff2d4907b3755ab62569662,3988
unnamed,common,icons/common/ornament2-gun.webp,https://www.mm2values.com/img/Ornament22015UP.png,8fc828632042690e96b656e9ab2db07473bc66719b3017a5e23df66713f6d7bf,4798
unnamed,common,icons/common/ornament-1.png,https://www.mm2values.com/img/ornament1gun.png,2d1bea4c793b48e080728af573dea13614ffc33c2aa71df114f359a3e3baa3c5,22415
unnamed,common,icons/common/ornament-216.webp,https://www.mm2values.com/img/orn12015UP.png,c90bd0a440b79545b653e7eef27d92955a575fa15efe9f6b7402a618b441e290,3918
unnamed,common,icons/common/tulip.png,https://www.mm2values.com/img/tulip.png,53320a9d1d31013ba4d1779c182842dda95e923fc91978401dffa053f60f2f9d,21350
unnamed,common,icons/common/bunny-222.png,https://www.mm2values.com/img/bunny.png,52791b7e8d04192368f540597dd007c042ef125935776d9baed467b7106028f4,21568
unnamed,common,icons/common/choco.png,https://www.mm2values.com/img/choco.png,d2d8e6c026bb8d785d5ae41ad2728c28169964e1ed8ea947f04266686cd79924,21857
unnamed,common,icons/common/brains.webp,https://www.mm2values.com/img/Brain2016UP.png,519d81b96d547d35024c5340a03af034c1a195ecbb9f87f2f3f6aacf7da96ecd,2774
unnamed,common,icons/common/witch.webp,https://www.mm2values.com/img/Witch2016UP.png,4b7e2988299359eb9b6d65abe263af6b394d793dd10a2fd441496de99bfc7651,2774
unnamed,common,icons/common/bones-230.webp,https://www.mm2values.com/img/bones2016UP.png,132fdc9fa6567dd12811edee64edf887265d115664bd5313521b67473c8b4f87,7326
unnamed,common,icons/common/slime-gun.webp,https://www.mm2values.com/img/SlimeGun2018UP.png,1b1958d356179a7e6c9fc3c08302e61769422e1bbdc32031e8f94f5db6c225e6,3764
unnamed,common,icons/common/bats-gun.webp,https://www.mm2values.com/img/Bats2018UP.png,b3204d004ddb6bcaeb8e59dc1c5e517c1095496302c78a318d6ad6529440ae73,3576
unnamed,common,icons/common/grave-knife.webp,https://www.mm2values.com/img/Grave2018UP.png,8bd12529216c229aa81b1517d115e18c6f75fc5995c81e4d28f6900ae4ffd42e,2520
unnamed,common,icons/common/haunted-knife.webp,https://www.mm2values.com/img/Hauntedk2018UP.png,4ae6e990ffdbdcd4ca1f96431a44e280a208393349c8dd348f23fa9bc283206f,3284
unnamed,common,icons/common/haunted-gun.webp,https://www.mm2values.com/img/Haunted2018UP.png,3ace261cf20cec3f77197c332eee5a3a72141970cc5fc46e19b49b8eec9a31d4,3224
unnamed,common,icons/common/frosted-gun.png,https://www.mm2values.com/img/frostedgun.png,278b4299f003c25ca929c22580d48c812a6a38e8da5fae4f7b57a5f7364719df,23053
unnamed,common,icons/common/gifts-gun.png,https://www.mm2values.com/img/giftsgun.png,6262ae3d099a2797158863b49f8b44d22b514242f5753bb35ed95d59aa79f390,22707
unnamed,common,icons/common/pine-gun.png,https://www.mm2values.com/img/pinegun.png,37f400557a5a32b1718476c0cd94b27a921de286517e8cc256e4b953e6fe4a2d,23081
unnamed,common,icons/common/snowflakes-knife.png,https://www.mm2values.com/img/snowflakesknife.png,be88e60dbe6543cce319021660ba20c67e7691b4b89ad612eb6b6ee5cf4ab881,21786
unnamed,common,icons/common/candycorn-2019.webp,https://www.mm2values.com/img/Candycorn2019UP.png,e95521311d129da0c29969618de43cde76c4fcc1bbdf0ca832c5c6305b0b52ea,11064
unnamed,common,icons/common/penguin-knife.webp,https://www.mm2values.com/img/Penguin2025.png,fa67733fadb30661b518bdedc030ab32e2803b30243d8de0b06705b1883cae7f,4660
unnamed,common,icons/common/reindeer-knife.png,https://www.mm2values.com/img/Reindeer_2025.png,7a9dde34d3d037bcd8f46d8964a1b63c5384cb70d18a7bb610294aaa655a2d42,3732
unnamed,common,icons/common/elf-gun-270.webp,https://www.mm2values.com/img/Elf_gun_2018up.png,7723fee47ee7e343ced86e909c8b8add67632a7dba36fb2a066557d26921f8a1,3108
unnamed,common,icons/common/cats.webp,https://www.mm2values.com/img/catsKnife2025.png,c056beda461dfcf9cbf6f4ba65dd4ece0c17ac24a79fc5a28eb27224088127ec,3758
unnamed,common,icons/common/haunted.webp,https://www.mm2values.com/img/HauntedKnife2025.png,1de34450e4508c4dfc45ce49c581d7e41e4eaa17709e4ad859f8ff9d6c3193a6,3452
unnamed,common,icons/common/candycorn-gun.webp,https://www.mm2values.com/img/CandyCornGun2025.png,fdfdca1ac240f73cbe9be3210e613ec1edefa735cb13d07653ff46199d517391,5122
unnamed,common,icons/common/ufos-knife.webp,https://www.mm2values.com/img/UFOsKnife2025.png,60c312cce2df097e24aa439d0446ba03c25399eae0333b98fcc2bac0264043bf,3608
unnamed,common,icons/common/coal-gun-259.webp,https://www.mm2values.com/img/Coal_2018UP.png,cec8a7c79db14035f3082770f661d199f9190d0361107ac385f03343e43968f8,2678
unnamed,common,icons/common/snowman-knife-260.webp,https://www.mm2values.com/img/Snowman_2018up.png,14a0a0e2f2b892d54dd68d35669033e881ab9b06d8ed669c61741a423a8e953e,2930
unnamed,common,icons/common/santa-knife-261.webp,https://www.mm2values.com/img/Santa_2018up.png,670a3454ff9cd466c8b1dd5d46c505bcbe05b0a231f3ef707af9fa4a32996c31,2850
unnamed,common,icons/common/wrapped-knife-262.webp,https://www.mm2values.com/img/Wrapped2018UP.png,739ac9da707b9946bc3282f46c1fda82453aff39ed9ee8145671f44aeff9d023,3856
unnamed,common,icons/common/ornaments-gun.webp,https://www.mm2values.com/img/Ornamentsgun2020.png,180ce8dd6f9c3d7941d5e2a608da510af5ba57999817037d2b7c4aef8819ffac,11176
unnamed,common,icons/common/rb-knife.webp,https://www.mm2values.com/img/RBKnife.png,5f7990490d3bc43a29931dbd32c2e8552fa7970e61f4fa232c9cb7d0c7ebbc51,9006
unnamed,common,icons/common/apocalypse-knife.webp,https://www.mm2values.com/img/ApocKnife.png,7f1b9b4e2f7391daf99f08035eba45714c118382641e56ba8ab12a5cdac3a103,3526
unnamed,common,icons/common/darkness-knife.webp,https://www.mm2values.com/img/Darkness_Knife_2022.png,34b7e3881bae346ed92ca1327f8b93ecbcae9b9a44f00be5c9983f5f3011e98a,3394
unnamed,common,icons/common/hunter-knife.webp,https://www.mm2values.com/img/Hunter_Knife_2022.png,a60f18b2afe5b0a02c1c546ad8290d12f2143d0adb06c071409c889b23cc0ad8,3466
unnamed,common,icons/common/webs-gun.webp,https://www.mm2values.com/img/Websgun22.png,6735baef1ad40a6b9c5065a5d0082486e2c4f20d070970d3ebe48f3abcf1cd93,6854
unnamed,common,icons/common/infected-knife.webp,https://www.mm2values.com/img/Infected_Knife_2022.png,b6579f57edbbb8f322e7b276ae90a3f6a058b35d9177d9c5a2f62f534ba2f5dd,3436
unnamed,common,icons/common/candycorn-knife.webp,https://www.mm2values.com/img/CandyCornKnife2025.png,dcdb3486846854742c10d43e68879e353aa70c14492711cbabc1a472fce6dfb5,4708
unnamed,common,icons/common/fall.webp,https://www.mm2values.com/img/FallGun2025.png,9042eea05519a683a6eb4d6375bfa8a2df69964face928c92891336c8e8d3acc,4642
unnamed,common,icons/common/ufos-gun.webp,https://www.mm2values.com/img/UFOsGun2025.png,df767238fad59be6d1d323c9e4a4f7fea11e22b057d485176b1ee056723b0e7c,4360
unnamed,common,icons/common/stickers-952.webp,https://www.mm2values.com/img/StickersKnife2025.png,c94730bfa54658c86b14844277871cb75e492777b3c56017eb43f36623bb68f5,4548
unnamed,common,icons/common/etched.webp,https://www.mm2values.com/img/Etched_Knife_2023.png,c83fd37ecc25aed880011c30c2b44ba01f4360dda6bed5b7bf210cb29984196d,3482
unnamed,common,icons/common/elf-2017.webp,https://www.mm2values.com/img/Elf2017UP.png,82b30789862fa8bffcdac10275ef937f5016aa623172cb3c7f1e8542df721f90,3002
unnamed,common,icons/common/santa-2017.webp,https://www.mm2values.com/img/Santa2017UP.png,49a672f0671d362c0601b19c40ee62393da197a537fbc56562a850f1a9820fd6,2912
unnamed,common,icons/common/coal.webp,https://www.mm2values.com/img/Coal2017UP.png,422c4c9d036a3fa7000ded0da783d61692d37941e67445d859d76ab298511c36,2528
unnamed,common,icons/common/present.webp,https://www.mm2values.com/img/Present2017UP.png,bbab4c26145b63aa7d16148e8b7edfba495dfa84f7d6aa3ba4f7b0931f247cff,3868
unnamed,common,icons/common/scarf.png,https://www.mm2values.com/img/Scarf.png,4341fc65499cff68569184052796a0df2c0bfd5b6777c8fd5d5bf333fb9d64e8,42083
unnamed,common,icons/common/strawberries-gun.webp,https://www.mm2values.com/img/Strawberries_gun26.png,41c17d12c04c87362e970d366d2feb301775676de4625a4d454401bca02567bc,5340
unnamed,common,icons/common/strawberries-knife.webp,https://www.mm2values.com/img/Strawberriesknifes.png,732027cda414f35ade7c2a8cac3a5b36054726099a9d666918466504c238dfd7,5150
unnamed,common,icons/common/hearts-knife.webp,https://www.mm2values.com/img/Hearts_2026.png,75fa63cd9cdb7b9d1653f4b400d595340dd44acb7de1eb344b2054ac8f5e7adb,3518
unnamed,common,icons/common/ornaments-knife-535.webp,https://www.mm2values.com/img/Ornaments2020.png,2233e65e84e7c969210cbdc86c48c791e2a1bc11866f4483ba633d52c51f63d6,6416
unnamed,common,icons/common/gift-bag-knife.webp,https://www.mm2values.com/img/giftbagknife.png,e18fb95b59b3841405043e75e47b80d0ea346ef7fd80cf243f6c81bcfd996c56,10802
unnamed,common,icons/common/ribbons.webp,https://www.mm2values.com/img/Ribbon2021.png,485685d1f695ac0adf3ba6a253f82af69f58bed2f329ea8ccec341a3cb56e157,4410
unnamed,common,icons/common/cane-gun-561.webp,https://www.mm2values.com/img/CaneGun2021.png,681e23c2f98697038b5ab1f9a5f9b91c873c8d3548914544caa0d7187443f2b8,4900
unnamed,common,icons/common/candy-corn-gun.webp,https://www.mm2values.com/img/CandyCornG22.png,e9618eb3c56e542513a7973a3c6dab17679569f57f0ea173a9ba0c88a11cb27c,4766
unnamed,common,icons/common/striped-gun.webp,https://www.mm2values.com/img/StripedG25.png,7ea22a8d629077ab0c0b09ace36d71c581f12d6356b163003a2faf9d2c107722,4048
unnamed,common,icons/common/stickers-954.webp,https://www.mm2values.com/img/Thanksgiving_stickers.png,dcc91cb6d7bd3ffa68df64eee357fec49e544589bde650a89cd7b5aa8ce2f3c0,4374
unnamed,common,icons/common/toy-knife.webp,https://www.mm2values.com/img/Toy_knife_Summer.png,90557ba4db9432122f45776f4d561221a193b47612137e195128b655a2089866,5086
unnamed,common,icons/common/vines-knife.webp,https://www.mm2values.com/img/Vines_Knife_2023.png,91a85a65927a9e135d91464bf525eec5f15d21d7b5cfe7879996b19cd95b9d47,3966
unnamed,common,icons/common/ghosts-754.webp,https://www.mm2values.com/img/Ghosts_Knife_2023.png,bfa85050def3635f1ce0396a82b260e719140b9da40f3b340738e703a6f468dc,3718
unnamed,common,icons/common/pumpkin-755.webp,https://www.mm2values.com/img/Pumpkin_Gun_2023.png,990c83850786bc619a387800a95f3ea4276777f70287d1e1174632c21ac1a27e,5738
unnamed,common,icons/common/stockings.webp,https://www.mm2values.com/img/stockings2020.png,a33983d12ddf2f0f48c847c058224ebf7cac801d2690172d7b6f0e766941f215,7500
unnamed,common,icons/common/trees.webp,https://www.mm2values.com/img/trees2020.png,0a6ae65269442df18453a8206f3b41378f3bda86e49d45c7d00ce744f1b4fe2f,8972
unnamed,common,icons/common/gift-bag-gun.webp,https://www.mm2values.com/img/giftbaggun.png,4a4c700d94dadf2bbdbc5af1d2aae2efd57ce19551d406ed5d9db3716c24e867,12494
unnamed,common,icons/common/coal-knife-559.webp,https://www.mm2values.com/img/CoalKnife2021.png,879672ecbba7ebe0b80c66f199310f92e83e690809029fc83ac74b145bbe3da4,2252
unnamed,common,icons/common/carrots.webp,https://www.mm2values.com/img/CarrotKnife2025.png,d7e5f8d3192af8643030a1c0044878121ff4dcf110fb2b4c58df2863b70ff198,3852
unnamed,common,icons/common/chick.webp,https://www.mm2values.com/img/ChickKnife2025.png,fe6b03031f642aee4e77beea4291530b1b8415028aa893651962228c4bc97e27,3234
unnamed,common,icons/common/skyline-knife.webp,https://www.mm2values.com/img/SkylineK25.png,15640b6efe363d8379c641daf61115a8205c747d27cf027921deee99cf9ddf17,2942
unnamed,common,icons/common/dolphins-knife.webp,https://www.mm2values.com/img/DolphinsK25.png,ce1b5a9015db0d22c27194562416c8fca93166f7807e7e2456ec7f819f759b79,3126
unnamed,common,icons/common/stickers-gun-911.webp,https://www.mm2values.com/img/StickersG25.png,dae20c5ec0e6f4292760ebd86f5f867fca5ffb13979e0a2188064443bd6eb5f0,3558
unnamed,common,icons/common/striped-knife.webp,https://www.mm2values.com/img/StripedK25.png,18d21d64812532dfefff133c9741ab31eaf2707d502effa87a6018b48be15b8a,3990
unnamed,common,icons/common/leaves-knife.webp,https://www.mm2values.com/img/LeavesK25.png,162b6ded350dc9f09bb5e1ec9ad52641f6c6ed57b60e140c814619800196ce21,3574
unnamed,common,icons/common/coal-gun-2022.webp,https://www.mm2values.com/img/CoalG2022.png,002da0937fcba1180cd41e4176b871e2dd26fc91b19ebc557cfcaad69e59d81c,4888
unnamed,common,icons/common/coconut-knife.webp,https://www.mm2values.com/img/CoconutK25.png,b4f1a77993953801a8c18433b9bd8ee7f39357a93a7f3b9788803c302734d8b4,3118
unnamed,common,icons/common/candied-knife.webp,https://www.mm2values.com/img/CandiedKnife22.png,eb95e9417a4ce27393dc0c4d31ff5df3e19e4c369c8eaeccd2406cec30b09f53,4646
unnamed,common,icons/common/stickers-knife-922.webp,https://www.mm2values.com/img/StickersK25.png,6745445e0f1e9e710c3dd76735b24ef2298244dfb2c66c0891fbb92e74b2f2f9,3118
unnamed,common,icons/common/snowman-gun-2022.webp,https://www.mm2values.com/img/SnowmanG2022.png,92ac585b3619f2f14fb383078fae21b9c3e1c7fa42c8fcd447d3a71bccd947da,5472
unnamed,common,icons/common/love.webp,https://www.mm2values.com/img/Love2023.png,a841d39e0ba8e0affff33960d628e008a229d06b1c77fbfbb9ba86370687a3d4,3516
unnamed,common,icons/common/wavy-gun.webp,https://www.mm2values.com/img/WavyGun.png,37bc4a22e4978c5554197a5f9ffdd70f2957b20b862b187e76b018fd0a1b1868,5416
unnamed,common,icons/common/wavy-knife.webp,https://www.mm2values.com/img/WavyKnife.png,b4129b2afe1a768c14ce611c52ef0b6b7b7a8bc088dd38733cef67dc36f4edff,4328
unnamed,common,icons/common/cane-knife-550.webp,https://www.mm2values.com/img/Cane2021.png,ca18e3eec5d1299e664a69116a373c385fc1106a2433575bbb6407c020bb47ac,3994
unnamed,common,icons/common/stickers-knife-558.webp,https://www.mm2values.com/img/StickersKnife2021.png,408a98d6ffa4c630b82394d1020ede1e4bf87a2d64152eb0135142baf8e202c1,3352
unnamed,common,icons/common/hot-chocolate.webp,https://www.mm2values.com/img/HotChocolate2024.png,fd52659bde8bb15e733b8886f1973ccc4c1b59fccb321d30ccc7a89e9960f64f,4240
unnamed,common,icons/common/carved-gun.webp,https://www.mm2values.com/img/CurvedGun.png,d888cdc2596389a22462ac935991fa5900d8c0614fed522b5d4034b395b60780,11022
unnamed,common,icons/common/gifts-2024.webp,https://www.mm2values.com/img/Giftsknife2024.png,13b81918789e9e80e2123b55c1fbfa52db4cf2ff2b0cd69e7052c42330c65196,4154
unnamed,common,icons/common/carved-knife.webp,https://www.mm2values.com/img/Carvedknife.png,5e8427c41e0ded9d8068cb7f237fb45b3ca8bc2152bcb622077fc065866bfb1c,7210
unnamed,common,icons/common/igloo-gun.webp,https://www.mm2values.com/img/Igloogun2024.png,6043b520230fd0dd77bbf0b53067c384629746aeca3dd55379383a1dc1076f1f,5986
unnamed,common,icons/common/stickers-xmas-2024.webp,https://www.mm2values.com/img/Stickersknifexmas2024.png,deaa91d8521a4bfe383cd2203cc5a2f5d14c548ac11d29a81e73ae30d0fe635a,4362
unnamed,common,icons/common/eyeball-knife.webp,https://www.mm2values.com/img/Eyeball_Knife22.png,e52069896614e1bd20e911e0df720e4ea4068ec844c2cf86b197e9859ee0fd9b,3548
unnamed,common,icons/common/darkness-gun.webp,https://www.mm2values.com/img/Darkness_Gun_2022.png,06fe015844a8f74c4338ef777dcc47a0ed0956156c87318974ec047599692064,4790
unnamed,common,icons/common/stickers-knife-668.webp,https://www.mm2values.com/img/StickersKnife2022.png,1746c0adb3198ff35808374d3474736b985c89bb312bcc67e85c2ed428d030b7,7010
unnamed,common,icons/common/candy-corn-knife-2020.webp,https://www.mm2values.com/img/CandyCornKnife2020UP.png,1078d50d96e10c7b487b5ce3a8aed781fd6f5a60fba0aa840602195dc2bcafaf,10132
unnamed,common,icons/common/watcher-gun-2020.webp,https://www.mm2values.com/img/Watcher_Gun.png,5093b7c4fdf63ce4d4fcf0637348b5df5cb7e0c19bbf892051f7f9f77861f230,5214
unnamed,common,icons/common/toy-gun.webp,https://www.mm2values.com/img/Toy_gun_Summer.png,0fcfbf5f860add49d46909008ed90002f12df5598f04604117daafeffb3586dc,6270
unnamed,common,icons/common/snowfall.webp,https://www.mm2values.com/img/Snowfall2023knife.png,5a799c3d2eebea0613e56773a91f3be0def1891b3bf7207a3f6b06ee865373d3,4576
unnamed,common,icons/common/santa-gun-23.webp,https://www.mm2values.com/img/Santa2023gun.png,204bc7caef0eba2cc2c3affccea13a2620c48615dd7a907896cddad99d3c883d,2422
unnamed,common,icons/common/elf-gun-23.webp,https://www.mm2values.com/img/Elfgun2023.png,80957374e182df160fd672786b68068f9e7cfbb09878574433133634dbeca721,6568
unnamed,common,icons/common/ribbon-knife.webp,https://www.mm2values.com/img/Ribbonknife2023.png,be2ca8e9719cb790e7553588fc7e9a4f3bc85a6f6af7097c377859491c40ef9c,4410
unnamed,common,icons/common/bells.webp,https://www.mm2values.com/img/Bellsknife2023.png,bc7175a646bc14be01c03ef553a1d9563bb37565096cab7c66511541be18e49e,4910
unnamed,common,icons/common/present-knife.webp,https://www.mm2values.com/img/Present2023knife.png,c785812d242012f1d445bb06cc6490e00983bba968df183910d28c0c109300bd,1958
unnamed,common,icons/common/frozen-gun-23.webp,https://www.mm2values.com/img/Frozengun2023.png,7cd7b2275b945264e48a106d10786f705d8da308459d5f7b2cb59f8eab9e699b,5716
unnamed,common,icons/common/frozen-knife-23.webp,https://www.mm2values.com/img/Frozenknife2023.png,6353c53565216c67534f7a792ae692f5870c75a4a6ab736977df54d7d7799a70,3762
unnamed,common,icons/common/giftwrap-knife.webp,https://www.mm2values.com/img/GiftWrap2021.png,95a010c7d197b0f211ade6362df192a16fd23205cd8eb49fb6c51f5c76a2590b,3424
unnamed,common,icons/common/coal-gun-549.webp,https://www.mm2values.com/img/CoalGun2021.png,421ee8fc060fd6d1434ed63c1e1dfc1b031a0ca60f69ab68d1030661cf8b14bb,3214
unnamed,common,icons/common/stickers-gun-551.webp,https://www.mm2values.com/img/Stickersgun2021.png,3da9c46265ce05feaed05f53f045faf6a63413e91cd6572c226f826dcd9cda92,4572
unnamed,common,icons/common/candy-corn-834.webp,https://www.mm2values.com/img/CandyCorn2024.png,a12d8459ae48db6352a52584550dd94882c57f39ce8e1863a6847d32b5b697a9,3306
unnamed,common,icons/common/bats-835.webp,https://www.mm2values.com/img/Bats_knife24.png,9aa390c9d9e061f1be45d5094b731c9c90130767262ed506f802b74c4c2c534c,3636
unnamed,common,icons/common/stickers-knife-836.webp,https://www.mm2values.com/img/StickersKnife2024.png,755599656c5899120cd408995826948efe702427d92cee223da5685ca3c7cc96,3074
unnamed,common,icons/common/candles.webp,https://www.mm2values.com/img/CandlesKnife.png,78f1e7e3ee054177ff7d764006f7eb04c901c3f155594fd19fccd3f6e70c6765,2970
unnamed,common,icons/common/candy-corn-844.webp,https://www.mm2values.com/img/CandyCornGun2024.png,ca4497282a8effd42aed764e96c310d107840d37e1b24d1ad9b649d708d5f400,5024
unnamed,common,icons/common/ghosts-845.webp,https://www.mm2values.com/img/Ghosts2024.png,2d3b0c55347fee1088a94f8a81fa168bac89ccf9b353e5488b56389175f9ec53,4778
unnamed,common,icons/common/stickers-gun-846.webp,https://www.mm2values.com/img/StickersGun2024.png,ee941777d9573da5389720bd4d0279d09d15b53355b7f8f61581e5268ebc401d,4612
unnamed,common,icons/common/bats-847.webp,https://www.mm2values.com/img/BatsKnife2024.png,27d40c18affeb6ca02fbb47116d9364b96717a19217a30c9934facc6e157842e,3476
unnamed,common,icons/common/stickers-gun-600.webp,https://www.mm2values.com/img/StickersGun.png,3195018b9443f8508343666d4c730b819e093966c025ef9474350affa366acf3,11582
unnamed,common,icons/common/stickers-knife-601.webp,https://www.mm2values.com/img/StickersKnife.png,2063bfe13f2a455c23abf514ddf654d8526922436ef6784fd607b98714400883,7358
unnamed,common,icons/common/reindeer-2024.webp,https://www.mm2values.com/img/Reindeer2024.png,49151a63accab32d333731c886da1268e6fb3f46c0f6aad128489d4827603a28,4038
unnamed,common,icons/common/stockings-gun-24.webp,https://www.mm2values.com/img/Stockingsgun2024.png,3caa3400ded74bbd727a8675077457df60cdac2f74cb52fe0948b50073091c4a,5740
unnamed,common,icons/common/igloo-knife.webp,https://www.mm2values.com/img/IglooKnife2024.png,ab7290822e6a11d1cbb1f475cf6179fc8e77a0f9ff50508de9314fbf7e011bf3,4240
unnamed,common,icons/common/stickers-xmas-24.webp,https://www.mm2values.com/img/StickersGunXmas2024.png,1148caa7e85dcfdb71c95f44af1f84dabce768949a19ce4b359937e505f72772,4804
unnamed,common,icons/common/candy-corn-knife.webp,https://www.mm2values.com/img/Candy_Corn_Knife_2022.png,7e680520200d77b1a745c44218248ecdd00bc14f5c26f53555dd397c47517445,3586
unnamed,common,icons/common/stickers-639.webp,https://www.mm2values.com/img/Stickers_Knife_2022.png,520a7dea4c4f7dd1e366f81eb05cb3bac3bbaaf2dd313da6f4dc19fc2f4f4c79,4670
unnamed,common,icons/common/coal-knife-2022.webp,https://www.mm2values.com/img/CoalK2022.png,514b796a0afed36db816b2eea95d8c457cfeccc94450ab88e831509448a21798,3348
unnamed,common,icons/common/candied-gun-2022.webp,https://www.mm2values.com/img/CandiedGun22.png,643fd768676fc2f120d7449ae013a556a6b4317a9a4fa91004bb1f04abc9d82d,6276
unnamed,common,icons/common/stickers-gun-2022.webp,https://www.mm2values.com/img/StickersG2022.png,3a5535d6008d580ca0371d71d17da70693056e9e68fb5f3d29a6536afa2f59f9,5414
unnamed,common,icons/common/snowman-knife-2022.webp,https://www.mm2values.com/img/SnowmanK2022.png,0810bfd845d3d621950d8e173f00285785f150b41785e4d97a7bb213529031ee,4218
unnamed,common,icons/common/candy-corn-gun-2020.webp,https://www.mm2values.com/img/CandyCorn2020gunUP.png,346d54ad6bbe39e423ca81a083b11b3a42aed5bac18c8e1f8b4ddfe12e9fbe7d,14144
unnamed,common,icons/common/watcher-knife-2020.webp,https://www.mm2values.com/img/watcherknfie2020.png,98b570ceba4ec086cb678a1c9ab6d595a83137ef5658e49431d40f16c063215f,9906
unnamed,common,icons/common/candle.webp,https://www.mm2values.com/img/Candle2020UP.png,420ca8ca2fe4c4ec910124ae64379b4b97b223ab0c244bc892a754740dcb44ce,7798
unnamed,common,icons/common/stickers-gun-972.webp,https://www.mm2values.com/img/Stickers_Gun_29.png,b8a33a48ed8d2526f092fac260dcae2867fdfae64c505897c472e78cbbdd4da1,4482
unnamed,common,icons/common/lights-gun-973.webp,https://www.mm2values.com/img/Lights_Gun_2025.png,be25d23808e045dbb96cc0f8f9bf9e02ff2b40b66a41f68c4e7ef0cd6db6c80d,6018
unnamed,common,icons/common/snowball-knife.webp,https://www.mm2values.com/img/Snowball_Knife_2025.png,575ffb4747db13375b02e79c9c8d5c3bef5d9206397f0d69fe53ed938ba6d734,4430
unnamed,common,icons/common/peppermint-knife.webp,https://www.mm2values.com/img/Peppermint_Knife_2025.png,5b5609369836adae11787cc16c6c974e3db2f70f1b92cfb8625d66df07cd1d73,5228
unnamed,common,icons/common/peppermint-gun.png,https://www.mm2values.com/img/peppermintgun.png,ede7e9e199ecef199b627631aca743a286322e6936e9830f73e0edc70fdc7474,12562
unnamed,common,icons/common/fragile-gun.png,https://www.mm2values.com/img/fragilegun.png,68b5741ece0a554e4839e77e3cc05b5624b9242d6f2546cbb77c1936d531ba65,64238
unnamed,common,icons/common/lights-knife-980.webp,https://www.mm2values.com/img/Lights_Christmas_2025.png,911be2704b79782d8a9d6809c76ffbbc7b0d37b0ece54f8329d30d8eec22744d,5596
unnamed,common,icons/common/fragile-knife.png,https://www.mm2values.com/img/fragileknife.png,4e76b5f46bcffd8a52caa2f974c484c191edfaaf6617eca30dbe6bc9f3b2ce60,50523
unnamed,common,icons/common/snowball-gun.webp,https://www.mm2values.com/img/Snowball_Gun_2025_chistmas.png,cd22bdc941656e35b35a129ed63053c671361f3d2f5f321a155ae3e596489f5a,6382
unnamed,common,icons/common/stickers-knife-982.webp,https://www.mm2values.com/img/Stickers_Knife_Christmas_2025.png,c21a4c920725aa0f95e4218b4d66805acc79fad209364c09731d1e0f1626cd28,5334
unnamed,common,icons/common/sticker-gun.webp,https://www.mm2values.com/img/Stickers_gun_Summer.png,11c645bf3db0f4b7fc2c0c338446685690c05f0f16e79cb2efe4c30496c72bab,5122
unnamed,common,icons/common/stickers-knife-738.webp,https://www.mm2values.com/img/Stickers_knife_Summer.png,370a617dcdbbc1bbb5eecce0e0c374983660397ab94654b65f905d6f94493e2a,4666
unnamed,common,icons/common/xbox.png,https://www.mm2values.com/img/xbox.png,3ebacab26c6894d7889379f98562c394bc874d9950c34c28dc690f7662ec3e78,21339
unnamed,common,icons/common/whiteout.webp,https://www.mm2values.com/img/WhiteoutUP.png,2eb0f15c2297e05ef0053087801858d03b6dc84b0fcc4ffbe97d2b7c9dbfe4c5,3872
unnamed,common,icons/common/splatter.webp,https://www.mm2values.com/img/spaltterUP.png,0e009d3279d64de44398c5f7795ea181eaa3572b9950eb9ca3c5ba7eed6a003f,3364
unnamed,common,icons/common/ice.webp,https://www.mm2values.com/img/IceUP.png,a9018e6b30bba63f249945fc4475eaa613957097be24bdc17d37c0112c0cc625,4134
unnamed,common,icons/common/love-knife.webp,https://www.mm2values.com/img/Love_UP.png,4752328d54d05074e1241db64f7a607de949e9374d02c99f0c388608a1b357b2,2708
unnamed,common,icons/common/iron.webp,https://www.mm2values.com/img/IronUP.png,9c25447144398e398156eb5c637cc1d2b2b6254b7089d80c5ab7a8ff116faa01,2570
unnamed,common,icons/common/big-kill.webp,https://www.mm2values.com/img/Big_KillUP.png,0f04c4fc79f1b45a319a0e7f5c92c66fc51fbcd5d980bf1dfdb01ae2195b53b4,2082
unnamed,common,icons/common/fallout.webp,https://www.mm2values.com/img/FalloutUP.png,61a79a4f7ea3fbe5aa8a632a2a094e43c9dc316e0f564e1a448155a811cd1ac3,2588
unnamed,common,icons/common/cold.webp,https://www.mm2values.com/img/ColdgunUP.png,e3f1fc7b5bd0a0fe70558142fef0d97df29cdf3d72aa02c21e186dd3bc902259,3290
unnamed,common,icons/common/linked.webp,https://www.mm2values.com/img/LinkedUP.png,e5b1b61b66b993c4c4f147e73995ef86b0316ae3adb6faa52e5b88171daa346c,3348
unnamed,common,icons/common/slate.webp,https://www.mm2values.com/img/SlateKnifeUP.png,a2b6739ae70712f55948ec3883bad265b105d205fbb6899b96ccf426d6f367a7,3412
unnamed,common,icons/common/borders.webp,https://www.mm2values.com/img/BordersUP.png,1053b7feb1dd302821368bbddf82e3d510efc4c54eecaaa3e8151479b430e312,5018
unnamed,common,icons/common/8bit.webp,https://www.mm2values.com/img/8BitUP.png,81df347487b98d49cfecc20957dac5a7a607790bcda5f47ec4593e1df65cb1e3,3778
unnamed,common,icons/common/engraved.webp,https://www.mm2values.com/img/EngravedUP.png,04bc76aa2c6f8f86c72c112ed77c73c38e607093c63c1d8c40f99e56187c35a5,3492
unnamed,common,icons/common/infiltrator.webp,https://www.mm2values.com/img/InfiltratorUP.png,0c61aa6b1e44f06d0f5280b8bcb49b591a5864780d60cfa51eb5a085246dd718,2806
unnamed,common,icons/common/juice.webp,https://www.mm2values.com/img/JuiceGunUP.png,94f9da8d9ba32957fd9fa1c5e3def1d7f697260713c52c673034e169f628cba4,3514
unnamed,common,icons/common/star.webp,https://www.mm2values.com/img/StargunUP.png,2c9143219f8a960a5c175610e94163c5db34c144f78308dd75514475eae4c185,3318
unnamed,common,icons/common/clan.webp,https://www.mm2values.com/img/ClanUP.png,37e96f08f7e563bcf6ed17bff3f1392175b44f75c539d6b907d52ed120cf14dc,2644
unnamed,common,icons/common/cherry.webp,https://www.mm2values.com/img/CherryUP.png,64b1a95bf2355ce3c616f927ad2de860d51493d89a108b44b81461bd0e1e731d,2656
unnamed,common,icons/common/cardboard.webp,https://www.mm2values.com/img/CardboardUP.png,0e1787cc3255b1db280697c30dc98cb44fedb155b482393c0f7821acfab1971f,2840
unnamed,common,icons/common/stainless.webp,https://www.mm2values.com/img/StainlessUP.png,2c4246271ca602294a59831cea9383704cccd4d53f1814ec59fd12964ea2020e,2104
unnamed,common,icons/common/bit.webp,https://www.mm2values.com/img/BitGunUP.png,f1a9274308c7685cbf7ee5eeec543027b4346caaaf9089168f4cdd4172ecb160,3260
unnamed,common,icons/common/pea.webp,https://www.mm2values.com/img/PeaUP.png,205eb3ace2b4ce2e1a8fae6ac4186aa743d05a7b8ef2b972a7927b5f8f38a817,3774
unnamed,common,icons/common/news.webp,https://www.mm2values.com/img/NewsUP.png,a6ca23a42c81815b6d4ed34538c0535e4197553c6ffe163a27150e4531fcc412,3550
unnamed,common,icons/common/hl2.webp,https://www.mm2values.com/img/HL2UP.png,c882bf4b29efb3ba2571eae701dcdf34cb311cf22b49f7105f70b6dac227b0ed,2890
unnamed,common,icons/common/bleached.webp,https://www.mm2values.com/img/BleachedUP.png,a3e63dca3003553afd4502fa112d3cc02cc513d6456a5644ef50f471f1bbdbef,2272
unnamed,common,icons/common/clown-297.webp,https://www.mm2values.com/img/ClownUP.png,4baf5a113409b6d022e1e49db642262af750de16cc9344c503b9509c2d153b80,3690
unnamed,common,icons/common/oily.webp,https://www.mm2values.com/img/OilyUP.png,5b63e0a55f1f417c2f990914a52f9624fbdbca3917cc4535dd49e036eddc7e97,2678
unnamed,common,icons/common/aqua.webp,https://www.mm2values.com/img/AquaUP.png,25cbe58630596ef29b3c289556a87a2a219025848e1f33c2f48b502536e708b9,3202
unnamed,common,icons/common/eco.webp,https://www.mm2values.com/img/EcoUP.png,1a9327c67ef3d8a2f46447ec2215832c373e6dfdac90a33a4bf4e6bcfedc2d6f,2628
unnamed,common,icons/common/log.webp,https://www.mm2values.com/img/Log_UP.png,ab520bc6e11dd01f720edc5353afbc060fca022c42084e98df4329cfcb1ae1e6,2744
unnamed,common,icons/common/sandy.webp,https://www.mm2values.com/img/Sandy_UP.png,09f03b8d9c94ea211650f1eef8056e1bc0a2fd4d113d1a5bf3d8c45b07ce66bd,2718
unnamed,common,icons/common/static.webp,https://www.mm2values.com/img/Static_UP.png,6d0b3721f2f2228429af37c6f1dcc9941655afc92358f1ec824cc7c4cbfa46f4,3072
unnamed,common,icons/common/brown.webp,https://www.mm2values.com/img/Brown_UP.png,387a8c7af711c239d4ad7c485f21cfbaed55409a0a3773253b60463669d98670,2396
unnamed,common,icons/common/green.webp,https://www.mm2values.com/img/GreenUP.png,fb4b91966684124810f5bcbd85a79d88af22cfbd5ae028f65fe1b8e7efaf9de7,2632
unnamed,common,icons/common/yellow.webp,https://www.mm2values.com/img/YellowUP.png,3a93eb83ef9f4724cfef4984813b3abd6986e31091542345b9f489d60d3b8ac9,2578
unnamed,common,icons/common/orange.webp,https://www.mm2values.com/img/OrangeUP.png,ae8513a991fdc1a154bb04ec24c1a4a4c0295da48d68e7ccaf79500d5dc71f86,2698
unnamed,common,icons/common/clownfish-gun.webp,https://www.mm2values.com/img/Clowngun.png,1ac49fba4a525a7631a1ed2edbb372d33aadae607ad3229400f60d232fa29696,5224
unnamed,common,icons/common/sandy-gun.webp,https://www.mm2values.com/img/Sandy.png,30f4e0f027d4225ab9e07cae2a317e7f88c9098bbab6ca04f8fa2c0c7d7a9563,5310
unnamed,common,icons/common/balloons-gun.webp,https://www.mm2values.com/img/Balloons.png,a837b313558a258f7d3f8c5e37cefb1054868a811c689e7498138302d0a1d7af,5160
unnamed,common,icons/common/starfish-knife.webp,https://www.mm2values.com/img/StarfishNew.png,d9dc5fa26cf28d886a2f3c388a7299a7e9aef6c7b3398dd6e273258ba9a69cb2,3564
unnamed,common,icons/common/starfish-gun.webp,https://www.mm2values.com/img/StarFishGun.png,d7118e2a0cce6c818b9a1c25a0139e4d35c7f8fda6d38d5a94aefb1f7095c8e5,4572
unnamed,common,icons/common/clownfish-knife.webp,https://www.mm2values.com/img/ClownfishKnife.png,633a6134e59ed3ff2e019347dfc5bfe1ce85f01369d105a5ebc3c544214050f9,7864
unnamed,common,icons/common/combat.webp,https://www.mm2values.com/img/Combat1UP.png,d2990d0c8ec7d813dbaaa3bd8da14fbf28dcb05c40b3822aac7e9ce78239d5db,3142
unnamed,common,icons/common/copper.webp,https://www.mm2values.com/img/CopperUP.png,abf77e9bd0eb26a27481513d47b040f92d15afc1e1add82231f3a169708bdf5f,3510
unnamed,common,icons/common/hardened.webp,https://www.mm2values.com/img/HardUP.png,9b37ee606cb9b127089a6d1455bb622fe0df5a84131cbb59073fcca38c6d0f27,3488
unnamed,common,icons/common/splat.webp,https://www.mm2values.com/img/Splatup.png,5a25a4a01135ec5566b770e49c39aec2cb838d9b9c4a060fded45b138d19c699,5770
unnamed,common,icons/common/clown-gun.webp,https://www.mm2values.com/img/ClownGunUp.png,f244ace2a4e7ae1782b3907465c154069420b227c7e9a330d4220335a8b7a407,6364
unnamed,common,icons/common/leaf.png,https://www.mm2values.com/img/LeafMM2UP.png,58c4f306d4b9291649f113dc325e887758d29e9f4a74b6e7c63bdea3b98922d3,65228
unnamed,common,icons/common/lovely.webp,https://www.mm2values.com/img/LovelyKnifeUP.png,652fe1c118936e51b06e87112139c41fcfda96e574b7cdb7dc8acbfc31d9b575,3288
unnamed,common,icons/common/shaded.webp,https://www.mm2values.com/img/ShadedUp.png,3695f40b71c9b13f72bfa922d43b8af825e580de802f8a7e3fe85d2bce3965fb,3760
unnamed,common,icons/common/wood-knife.webp,https://www.mm2values.com/img/Wood.png,34d247eb92d97232769d5b0e5cb68f2213be2fd9d4f154e11cd422394666e16f,3504
unnamed,common,icons/common/vines-gun.webp,https://www.mm2values.com/img/Vines_Gun_2023.png,89b869d871b21ebc919bd073271c3f91dd7520dc3f3e879555e8551b52974c0b,5196
unnamed,common,icons/common/spider-751.webp,https://www.mm2values.com/img/Spider2023.png,337e56ff12ed9f71a3763fb8aec874436074a6763199ddabab1b3a84890b748a,3370
unnamed,common,icons/common/plaid-gun.webp,https://www.mm2values.com/img/Plaid26.png,7cc641b2b1e78f2e1e9bc88d1e9f3f718675a2c4d2cb747a78c740a844fc693a,5418
unnamed,common,icons/common/cherries.webp,https://www.mm2values.com/img/CherriesGun2026.png,8c93bceb3afbdee0e61dbf3bf54e75644629fb7718578b7a99b928c5c40cacc2,6338
unnamed,common,icons/common/duckies.webp,https://www.mm2values.com/img/DuckiesGun2026.png,8d3763f7096a53f11d2cc638e4a311e7f2bdbc79bf7ac523494229ae3da6a03c,6462
unnamed,common,icons/common/sand.webp,https://www.mm2values.com/img/Sand2026.png,a23e4906909a35f82f640848498681bded08b8c8da64fbecf96985ed4f350276,4962
unnamed,common,icons/common/tourist.webp,https://www.mm2values.com/img/Tourist.png,c27aa33c1b48fe96df9816a69673333afa0560aff8b760953e0ada7478aca376,4494
unnamed,godly,icons/godly/travelers-gun.webp,https://www.mm2values.com/img/TravGun.png,3264ea4472dd9eb9861f2ece9a4bd1e5d20e73fa10226d8a9ce1e72cc276059b,6556
unnamed,godly,icons/godly/evergun.webp,https://www.mm2values.com/img/Evergun.png,29a2c259dfd67e3a74dc845bd8c0a78087030698a271e6531f08f8b1ee40e465,14940
unnamed,godly,icons/godly/constellation.webp,https://www.mm2values.com/img/2024Constellation.png,638d075de66d15dc98ee9bbcc1c5b119715c2a0a1f42b8c585e58034126e4ae6,8544
unnamed,godly,icons/godly/evergreen.webp,https://www.mm2values.com/img/Evergreen.png,3aba684fb887bc7070c5d6e56b0918e760c194e38b23dc88ca0f6b282998a470,7060
unnamed,godly,icons/godly/turkey.png,https://www.mm2values.com/img/Turkey.png,247f68c4a9e78c2f94d6bbe2f50cf4339aa9c74c23487f8976e86d3d9a56ecd8,55053
unnamed,godly,icons/godly/vampires-gun.png,https://www.mm2values.com/img/vampsgun.png,4c3664cc6693556524491ed7ae0a7d6e782804c9133a8cfe5782f67ca556f8b7,149119
unnamed,godly,icons/godly/alienbeam.webp,https://www.mm2values.com/img/Alienbeam.png,303c717fba050fd1d759a48c36c488e583c18947d9e2252eca762e86e3462a71,17116
unnamed,godly,icons/godly/darkshot.webp,https://www.mm2values.com/img/Darkshot.png,e4e828eb08796d858d298f16efe032d851d1d556d1e0bcce987c6087680bc5aa,5260
unnamed,godly,icons/godly/darksword.webp,https://www.mm2values.com/img/Darksword.png,46adbbed14c2eb0c9eb638ea39d7dfe4f30153c7ebc0f062992339f7e134e071,4592
unnamed,godly,icons/godly/sunrise.webp,https://www.mm2values.com/img/SunsetGun.png,403914ce78482bc04af5d6dd0c3f9efe36d41629c22a912ccb49d493256f2469,5194
unnamed,godly,icons/godly/snowcannon.webp,https://www.mm2values.com/img/Snowcannon.png,6d6c25d09d25147d7c73029526030b22015d1baa039593d3b4340cb7062c9814,32934
unnamed,godly,icons/godly/bauble.webp,https://www.mm2values.com/img/Bauble.png,157c2c503a2d56a7ba1a3e9890cc3a69385231168e56213e33ae60c029ef58e8,44624
unnamed,godly,icons/godly/sunset-902.webp,https://www.mm2values.com/img/SunsetKnife.png,c1847952c09d922a1a15e839f77261d258f89390bda91149ebf0e61594c176cf,5152
unnamed,godly,icons/godly/soul.png,https://www.mm2values.com/img/soul.png,c46ff00416ee183abaa811114bec0cfde8e085f6458070ecfad54f8045db5cab,60373
unnamed,godly,icons/godly/spirit.png,https://www.mm2values.com/img/spirit.png,1b890bb2d47ad626787898a8b73ff93bc414f28476f94ea1f1faf153e6ddec63,46167
unnamed,godly,icons/godly/rainbow-gun-715.png,https://www.mm2values.com/img/rainbowgun.png,ab1cd339fccc0827c9abb5bd10f7e285080895073844d9616424f24eeb42b5f5,15527
unnamed,godly,icons/godly/rainbow-714.png,https://www.mm2values.com/img/Rainbowblade.png,c8872db4b7151dd16cc8ab465b63869acde592f22a338b3e6e119dc77493fa2d,29070
unnamed,godly,icons/godly/flora.webp,https://www.mm2values.com/img/Flora_Gun.png,d78fbcfdb628d17f165f096c693637508970e585be2b9e018dcde166b27c1d73,10268
unnamed,godly,icons/godly/bloom.webp,https://www.mm2values.com/img/Bloom_Knife.png,b9e669a0cc18e94b3e94f5a1f7a5423aaf63324c165a280a21379b646eacde15,7580
unnamed,godly,icons/godly/heart-wand.webp,https://www.mm2values.com/img/Heartwand.png,e3f6f9fa588474cef2b527e3dbce57363e3c89bed6739705377461d87c74a38a,29012
unnamed,godly,icons/godly/ocean.webp,https://www.mm2values.com/img/Ocean_gun.png,e65dadc0da76da2a8a3ce4fd22a91ef7b0903332d68fa54b4229157e5aa5ddf0,9908
unnamed,godly,icons/godly/waves.webp,https://www.mm2values.com/img/Waves_knife.png,466038bb20b45dd62566fac00276f8c2c1e8439bd8d4e515b5b6612a4555c6ec,8034
unnamed,godly,icons/godly/xenoknife.webp,https://www.mm2values.com/img/Xenoknife.png,ca9eccbfa71ce5a678da574c8ef303283f3df78e686ea777744b02be341f0ff5,12844
unnamed,godly,icons/godly/xenoshot.webp,https://www.mm2values.com/img/Xenoshot.png,6e5ad600d8e9ef003e5f06ac22927d8fa66dccebdf5d06e803955573c31ada43,16336
unnamed,godly,icons/godly/blizzard.webp,https://www.mm2values.com/img/Blizzard.png,ee25e49c52f0e47de1edcd6b3c0f2d503e3067e78dfd5aee67348e2ce2f06398,7670
unnamed,godly,icons/godly/snowstorm.webp,https://www.mm2values.com/img/Snowstorm.png,c583c0758749130b8e65afc0e262dc0c0e59bc436562fbf41fd1bd45896c735a,5452
unnamed,godly,icons/godly/flowerwood-gun.webp,https://www.mm2values.com/img/Flowerwood_Gun.png,a8e7bb84aee8ee5e76ff7dc4fab4a8eb499a1cea3306d0f20bccfd8b199466af,9374
unnamed,godly,icons/godly/flowerwood-knife.webp,https://www.mm2values.com/img/Flowerwood_Knife.png,0b6f462da4625bb7ae7339b29ff6436ebd8c3ddbdc2b81da8dd2433a5edf5047,7880
unnamed,godly,icons/godly/snow-dagger.webp,https://www.mm2values.com/img/Snow_Dagger.png,d106050bbb9c0b1ae437f79097aa093f797361123cee54d7ba88ef900e4c76a5,5710
unnamed,godly,icons/godly/watergun.webp,https://www.mm2values.com/img/WaterGun.png,90f7763ebd397614d20dbd18031f48425533592ba706b5b050ddee0302669585,7840
unnamed,godly,icons/godly/treat.png,https://www.mm2values.com/img/Treat.png,3bdbffc45f78bd2a3446e54ecc49e333a739d65f18b5800083ebdcc992989412,49947
unnamed,godly,icons/godly/icecream.webp,https://www.mm2values.com/img/Icecream_knife.png,0f38ec1c4c0d31311388a13d7e8ae150ed14cb1925cf4a3fc021656f02f53576,5174
unnamed,godly,icons/godly/sweet.png,https://www.mm2values.com/img/Sweet.png,f0b6e7e4d7d4d9ce6ad90ff567e254a9a445fa128ce86d2e539ca44a15ccb39e,38044
unnamed,godly,icons/godly/beachy.webp,https://www.mm2values.com/img/BeachyGodly2026.png,5faad6e3c7a9fac5f10e7b0f9417b79cf2adef1d7bef4bcdac37ccaaaa7ab81d,8672
unnamed,godly,icons/godly/sands.webp,https://www.mm2values.com/img/SandsGodly2026.png,38f5448f7835974c1a0fb071838120081d3c668b6383a9b0396daca51a527007,8630
unnamed,godly,icons/godly/borealis.webp,https://www.mm2values.com/img/2024Borealis.png,4cec895d486953edfca5e0fe0c11f28e117bab098216119cfcee4d2f590f89b6,7226
unnamed,godly,icons/godly/australis.webp,https://www.mm2values.com/img/2024Australis.png,d836590b6f1d8f7fd7c91c8ff3453bc287d57aa5abaab991c9c2509398ead340,6518
unnamed,godly,icons/godly/bat-618.webp,https://www.mm2values.com/img/Bat_Zombie.png,86d5d3a7f57c3ffa4d209517979cdf949ce9978302b985858465f42c24e8ef1b,9102
unnamed,godly,icons/godly/pearlshine.webp,https://www.mm2values.com/img/Pearlshine.png,c0845896ade82f3342ad1487e9f987e4f649b6499db1bd4957294644a2db885b,7758
unnamed,godly,icons/godly/pearl.webp,https://www.mm2values.com/img/Pearl.png,c715999a199b68fb45c3fa9f484c0595c6be509f9505d1798c976f7e41c7631b,6786
unnamed,godly,icons/godly/candy.webp,https://www.mm2values.com/img/Updated_Candy.png,3c7ebd675bf3bb1c0ac52cace1f5cfa703beeb298704a31062ab905534928d21,8474
unnamed,godly,icons/godly/heartblade.webp,https://www.mm2values.com/img/HeartBladeUp.png,d8500141c9564a5a4357ce632d74174b0785ece4ed4c6f3646ec7223568b716f,23620
unnamed,godly,icons/godly/luger.webp,https://www.mm2values.com/img/LugerUpdated.png,6989ccdeb9f4e742096a4addfbc960df71deaaeebb00d5b98ef39e18085664ce,16016
unnamed,godly,icons/godly/red-luger.webp,https://www.mm2values.com/img/Red_Luger.png,ce5caae912301cdf907723faa043182447416c8d5f240d2bbaac540ddcc0aed8,9944
unnamed,godly,icons/godly/phantom-620.webp,https://www.mm2values.com/img/Phantom_Shop.png,7340964d638ea77e00f249614db150bc1b30cbc9f7b8b2e5d9d1e2e78e7dce2e,13688
unnamed,godly,icons/godly/spectre.webp,https://www.mm2values.com/img/Spectre.png,1b32cb0b416b258e632eee4bc9972df4fa6b07889f37482928e4620a2317154f,20032
unnamed,godly,icons/godly/candleflame-524.png,https://www.mm2values.com/img/candleflame.png,fb92e085e4c19d48990b295066b13c03916aa7f19620658684f9936ae40d4e7f,18343
unnamed,godly,icons/godly/elderwood-revolver.png,https://www.mm2values.com/img/ewrev.png,13ce118a465c205971f26f425272293e0ea62b71d469748a52e9788012d5dfac,24205
unnamed,godly,icons/godly/darkbringer.webp,https://www.mm2values.com/img/DarkbringerUpdated.png,aaee514a3de3947c8768f46838c418511768f771ef05500f5368cadfeeae95ca,13916
unnamed,godly,icons/godly/iceblaster.webp,https://www.mm2values.com/img/IceblasterUP.png,1a97199aaa30c89948056da17574d5a71e75db32e530d1fe1af903f87e58d7de,20450
unnamed,godly,icons/godly/sugar.webp,https://www.mm2values.com/img/Sugar_v2.png,087d768de26ecc6f997e928524cc53fe08cda4da1419a6d0a74b20b38790d689,30416
unnamed,godly,icons/godly/makeshift.webp,https://www.mm2values.com/img/Makeshift.png,5c079f14636091b1e03f761f42ce7d14953a4e528ca8107ea89ddc8baa546987,13746
unnamed,godly,icons/godly/lightbringer.webp,https://www.mm2values.com/img/LightbringerUpdated.png,8553733f7e4cb51bd264299d7ff036a1ecd13573f006c8902016d79c2ac2e03c,15732
unnamed,godly,icons/godly/elderwood-blade.webp,https://www.mm2values.com/img/ElderwoodBlade.png,560e0b7403301574f30efd520b1970e6a8fdfb0ffe0279b0a2605d1684bd6ccc,11428
unnamed,godly,icons/godly/ornament-984.png,https://www.mm2values.com/img/ornagodly.png,94fd287f418331d2ffbbbc2b508525636f5a24d0e39c121e9249b51a6a98e07f,35649
unnamed,godly,icons/godly/green-luger.webp,https://www.mm2values.com/img/Green_Luger.png,e9338fd0a6dd0dd1ccdd89685ed027d4e7e20e4b098f41fdbf06616baad1c575,11432
unnamed,godly,icons/godly/amerilaser.webp,https://www.mm2values.com/img/AmeriUP.png,b73ff5f1629709bb4aa0abb348fbc5b128347a1e6bafcdab4223997f647c0132,16672
unnamed,godly,icons/godly/laser-46.webp,https://www.mm2values.com/img/LaserUpdated.png,bcce9d5bdd8fdcd27d730fa9a2e59c717a851b983bdb9238ce72a585ad298f29,20890
unnamed,godly,icons/godly/hallowgun.webp,https://www.mm2values.com/img/hallowgunup.png,5e9bc7822a67dcc4b8bbe2de6537f492adf3ff988d7d84cfe43a2fe8e1ae7a7b,19606
unnamed,godly,icons/godly/icebeam.webp,https://www.mm2values.com/img/IceBeamUP.png,1a326aae8488eb6ad64a6c8aaaed15c40dff385bed44c78ee6849494a9ebdfe0,18834
unnamed,godly,icons/godly/shark.webp,https://www.mm2values.com/img/SharkUP.png,769e425aef3eec0c1e0a2f7da6c0cebc0282887519b41bdb1a7d470a12cc0a39,25348
unnamed,godly,icons/godly/plasmabeam.webp,https://www.mm2values.com/img/Plasmabeam.png,ea40738e0cb1f4c168dc28f3fdf5c04048bfa6e6ddee67f176ab583b4261f748,10484
unnamed,godly,icons/godly/night-blade.webp,https://www.mm2values.com/img/NightBladeUp.png,97394cf80d4a7de07c57c26661c62d00d82ebf22991da629ec8a874fd850ec6d,6010
unnamed,godly,icons/godly/swirlygun.webp,https://www.mm2values.com/img/SwirlGunUP.png,66a6e6c380fa9f66fb2c917e9ccadadcf94f01674742708c13cf584dddac39a7,17074
unnamed,godly,icons/godly/iceflake.webp,https://www.mm2values.com/img/IceFlakeUP.png,24cdc47fd5b6451fd4a2dd683bfdb066b5e67d44c69c672bd3a9051f69eb7d1e,19984
unnamed,godly,icons/godly/battle-axe-ii.webp,https://www.mm2values.com/img/BattleAxe2UP.png,97aaa33cd9c6b61da6f6d52d1ef200bd8f1a1e0b93a36783cb9c816532b90250,13926
unnamed,godly,icons/godly/pixel.webp,https://www.mm2values.com/img/PixelUp.png,ed9b1311214f33e86115a3b4d93c33486407a59bd03949be5c0088ac976de6eb,4994
unnamed,godly,icons/godly/ginger-luger.webp,https://www.mm2values.com/img/Ginger_LugerUP.png,2dfe979d45a0d704e1cd19f952b3e83954a12143f237c9b4ae5c848e12918089,13758
unnamed,godly,icons/godly/old-glory.webp,https://www.mm2values.com/img/OldGloryUp.png,e4f547e6c4426d0b780a5360e650696a1f94e3c05eb71826df8824fc5faf1e18,13640
unnamed,godly,icons/godly/blaster.webp,https://www.mm2values.com/img/BlasterUP.png,323564d7dd5b65933ed8abfd1768ebf1cdaa6aa0164819804d9096977d02f9ca,9696
unnamed,godly,icons/godly/plasmablade.webp,https://www.mm2values.com/img/Plasmablade.png,daee89c97717b16dcd8f67e25eaef5b70d2565ff700085a05ff3e6f0bebc487a,9736
unnamed,godly,icons/godly/virtual.webp,https://www.mm2values.com/img/VirtualUP.png,07ea98def405b3c899e15a3e67d5e821df70aacea5e93a3fadaead45ca1b19a4,10164
unnamed,godly,icons/godly/slasher.webp,https://www.mm2values.com/img/SlasherUP.png,97afe3450ceaa05775d438bbaf76b05f608319341d6d2a39be77147239ae7df6,7048
unnamed,godly,icons/godly/minty.webp,https://www.mm2values.com/img/MintyUp.png,43cd825e71a325d14086b83dc12eb02ce96d5fdee6f8570927a926d4f9524fd0,16988
unnamed,godly,icons/godly/luger-cane.webp,https://www.mm2values.com/img/LugerCaneUP.png,1563a1a3a1db84cffc6762ecc05d070f8ac8363c9ac00c215b07cd41a283e9ae,13446
unnamed,godly,icons/godly/vampires-edge.webp,https://www.mm2values.com/img/VampiresedgeUP.png,e0a3bdf6f1289f5c9afec27f98b8b65eaf35062411acc8dbe654fded30579d63,17656
unnamed,godly,icons/godly/jinglegun.webp,https://www.mm2values.com/img/JinglegunUP.png,4c0c26104dd189854293f9b8a2ef5a008518a28e44751c3b636404bec3757699,23036
unnamed,godly,icons/godly/cookiecane.webp,https://www.mm2values.com/img/Cookiecane.png,737dbdfc79a2e287b006ab82f62cb6d19cdcbd6d44043cff1027b733d34f4418,7912
unnamed,godly,icons/godly/gingermint.webp,https://www.mm2values.com/img/Gingermint.png,40321a98a04c126b493cf9c024a9910895efd52a173f0d35a164b21f629d4902,11670
unnamed,godly,icons/godly/nebula.webp,https://www.mm2values.com/img/NebulaUp.png,072e341f242cb64bb47f0ddf60e1e1698fc5687dbf451246813d6e69bca2b244,20266
unnamed,godly,icons/godly/swirlyblade.webp,https://www.mm2values.com/img/SwirlyBladeUP.png,518fe6267d0a22ee77b235ba4a5f1784d2fd61721a30d33ed6dddcd175322abd,15762
unnamed,godly,icons/godly/death-shard.webp,https://www.mm2values.com/img/DeathshardUp.png,eb870bccc99eb8d43b8ba0b1df138468f7fcae72290edf68ff6970701801d031,10652
unnamed,godly,icons/godly/battleaxe.webp,https://www.mm2values.com/img/Battleaxe1UP.png,4f81e3d7700a247683c7a25771c721090184e4ceb4ea57c611341e96ff391e9a,16730
unnamed,godly,icons/godly/gingerblade.webp,https://www.mm2values.com/img/GingerbladeUP.png,bb434145447b65810e25eeeb48db07ddced64d3a13f47d69f548fe59f1798cbe,14914
unnamed,godly,icons/godly/eternal-cane.png,https://www.mm2values.com/img/eternalcane.png,972daf1a9635bfb68b1a4a947322bb86a2722981f59bceb424fba7bee9da3560,25801
unnamed,godly,icons/godly/gemstone.webp,https://www.mm2values.com/img/GemstoneUP.png,edf38f1d120d92980c9995f8514b22caf8413a9f799c07a4eb2d777c4198ed6d,18350
unnamed,godly,icons/godly/chill.webp,https://www.mm2values.com/img/ChillUpdated4.png,188bfa54d02c2bbbff027f18cdd23f16b083c473ca6d653168d53fec682bf887,8514
unnamed,godly,icons/godly/clockwork.webp,https://www.mm2values.com/img/ClockworkUp.png,61b423b2b9751f99f1ebc339e69ef148dc700d70da015aefa7f86a832cd097b3,11062
unnamed,godly,icons/godly/spider-33.webp,https://www.mm2values.com/img/SpiderUP.png,ff0f1ceeb82578f45b17d3b3985208682e03232c2b024140df15c243d2e4fca9,9184
unnamed,godly,icons/godly/heat.webp,https://www.mm2values.com/img/HeatUP.png,7205b0feb4d094751c68bd25ecfcd2af821543cd6a6165621ddc527161201fc9,15272
unnamed,godly,icons/godly/tides.webp,https://www.mm2values.com/img/TidesUP.png,a7f2a06c64193e53b9239ec1c1c5e22c4c3153ef52412aa556f0f3d9f3b19f9b,19426
unnamed,godly,icons/godly/fang.webp,https://www.mm2values.com/img/FangUp.png,1d673b2ea188e0e3b860971cf33b86554b785af819c2222e14da3432cfbb42e1,26036
unnamed,godly,icons/godly/eternal.webp,https://www.mm2values.com/img/EternalUpdated.png,353c6bc91922ffdfe156144316065895b13be3fa61ba340fdd855d6dd67542df,5802
unnamed,godly,icons/godly/xmas.webp,https://www.mm2values.com/img/XmasUP.png,97fd66ca33eaf3fa3d3e541065a2d9d76fcd023219dd0410b95a8c403779fa2e,11350
unnamed,godly,icons/godly/frostsaber.webp,https://www.mm2values.com/img/FrostsaberUP.png,5bbfb35007e1c2d38fbcf2afc3aed0a0867a7a636fa9c0fa4f2894eef8a69f93,11904
unnamed,godly,icons/godly/eternal-iii.png,https://www.mm2values.com/img/eternal3.png,b0826fa6910024efa89ad2d3f8a31f0db7f988a1311911f9b6c58cda5f00caa9,89960
unnamed,godly,icons/godly/bioblade.webp,https://www.mm2values.com/img/Mm2bioblade.png,04798323a1a7c580851ee5162281703f26e8b9ff6f945c4e1c96f096a13ef05d,19980
unnamed,godly,icons/godly/eternal-iv.webp,https://www.mm2values.com/img/Eternal4UP.png,aaf981b93e5d6d0d16a7c1e8ecff5eff5766397a2fbd32cfcb6a24dc171072d0,6032
unnamed,godly,icons/godly/handsaw.webp,https://www.mm2values.com/img/Handsaw_Png.png,ca2c759aa08eab98181ef3ec7fff1aa308f6d8001b03525d9568219d00e0896a,7200
unnamed,godly,icons/godly/hallows-edge.webp,https://www.mm2values.com/img/HallowEdgeUp.png,7247b427e8500c96e1ce27aeea3443bee42f8a7f46c0d82e76850b6f7a5f6f73,18050
unnamed,godly,icons/godly/ice-shard.webp,https://www.mm2values.com/img/IceShardUP.png,bde29c1b1994fe2be4f67d223b7a2b31c158f1442a34f732e4733418d0f84e15,16640
unnamed,godly,icons/godly/eternal-ii.webp,https://www.mm2values.com/img/Eternal_2UP.png,b22006846c0fb9ceb0525953e6bfa080bf1b87507bba127ae6077de629d8efc9,6054
unnamed,godly,icons/godly/boneblade.webp,https://www.mm2values.com/img/BonebladeUP.png,f0cc4ea433aef50d7e984da63d80563f1ba869e68735deea71562fada3bc5486,10990
unnamed,godly,icons/godly/pumpking.webp,https://www.mm2values.com/img/PumpkingUP.png,54cd5888b6d3eb59f3fd9e8797b5bdbaad5eff8e4b03cf010e915e9a54e50249,18950
unnamed,godly,icons/godly/saw.webp,https://www.mm2values.com/img/SawUP.png,1c30aa6a6d27c51f7a25f659bc8f63cc69f6308f98809a0973de9c2d6fd86b4c,16342
unnamed,godly,icons/godly/ghost-blade.png,https://www.mm2values.com/img/ghostblade.png,b548a870726906b596f5b6bf872ce963a75eef8445c79a665e53b7b273a4e048,22052
unnamed,godly,icons/godly/flames.webp,https://www.mm2values.com/img/FlamesUp.png,2df72176b86233185335b0bc64c9a13be1c06736540181e06ab9e32403e0856a,10958
unnamed,godly,icons/godly/winters-edge.webp,https://www.mm2values.com/img/WinterEdgeUP.png,8fe358d7f98f951a247381069d0b2fe4c785151826b3168d9d949a0719f6cf85,14940
unnamed,godly,icons/godly/ice-dragon.webp,https://www.mm2values.com/img/IceDragonUp.png,108581b6c73036a2f21a6017b002100b5a41eb8db9e1dc352bfc6f9275429a2a,12404
unnamed,godly,icons/godly/hallows-blade.webp,https://www.mm2values.com/img/HallowsbladeUP.png,ff58baec5d328917f37ecf8e56c53a1cf856e8ace872f8aa4ce86cf8e7321518,19250
unnamed,godly,icons/godly/frostbite.webp,https://www.mm2values.com/img/FrostbiteUP.png,e040fc433a94ceb8255a74ca2c1d40a1b20e9254aade82c6b43394fd43114315,16896
unnamed,godly,icons/godly/eggblade.webp,https://www.mm2values.com/img/EggbladeUP.png,4995bb2380595f854b8a41e57494cbbb395f41733f9c746fe90dd330ff0ad12e,16926
unnamed,godly,icons/godly/snowflake.webp,https://www.mm2values.com/img/SnowflakeUP.png,9a307d75cf446a29286745c0bda481ca238d714bf4ff599708d4d4f80b4b25ce,13782
unnamed,godly,icons/godly/prismatic.webp,https://www.mm2values.com/img/PrismaticUp.png,ff8c5fa569cf4c4002d156544caa3db520d95628d9191a0f0e07c32ef8690d84,11002
unnamed,godly,icons/godly/peppermint.png,https://www.mm2values.com/img/peppermint.png,a95b5519a45d3b9b26bf71bd674f5513b0ee19351b07dd8f3890f31aa6da8096,26484
unnamed,godly,icons/godly/cookieblade.webp,https://www.mm2values.com/img/CookiebladeUP.png,1bd230e6fc668e64c63fc63f0813cc4c4808a6f5610f007407405fd4a1061e55,19910
unnamed,godly,icons/godly/red-seer.png,https://www.mm2values.com/img/redseer.png,5f76b5a4c177d8336a0cec6edcf427c886d76e0aac6a93e4e6aea4f86009ce87,81792
unnamed,godly,icons/godly/blue-seer.png,https://www.mm2values.com/img/blueseer.png,a90fbebfc1063ecef46ffcd3f4ffc5b4e110454f951ab67a4361d04183795844,24818
unnamed,godly,icons/godly/purple-seer.png,https://www.mm2values.com/img/purpleseer.png,d334f8b5fe6feae038daef2b25a0b5f7fb5fedfb0351bd25e78f04c8776cf22f,85322
unnamed,godly,icons/godly/seer.webp,https://www.mm2values.com/img/Seer.png,5afce3cc63f7e1b18f005f8ef66e58302d709d648ccfe9546331a0f07ecd002b,20238
unnamed,godly,icons/godly/orange-seer.png,https://www.mm2values.com/img/orangeseer.png,1c96f1aa6cec9a805ab8f28ddaedb9ab184843c37757d91fbfa4cbca8230f709,83135
unnamed,godly,icons/godly/yellow-seer.png,https://www.mm2values.com/img/yellowseer.png,17d79fced8b98eae05f538ea0c3619d1c3c455e3d194ac486a4828123432366a,84795
Aquarium Gun,legendary,icons/legendary/aquarium-gun.webp,https://www.mm2values.com/img/AquariumG25.png,8acd917b17b396c95750ed629d4e8731a4503ba54369b509d98ed576d65ce981,4230
Aquarium Knife,legendary,icons/legendary/aquarium-knife.webp,https://www.mm2values.com/img/AquariumK25.png,7dafb94982830b3e504a192899689e95512efcfcc5b0b51102967e12ab66829f,3388
Arctic Gun,legendary,icons/legendary/arctic-gun.webp,https://www.mm2values.com/img/ArcticGun22.png,7b0348ceb8c29702b15cb6578147c67d0f0220fb8902ca105e74948ed913419f,6026
Arctic Knife,legendary,icons/legendary/arctic-knife.webp,https://www.mm2values.com/img/Arctic_knife22.png,5488c056a609960019d92f05ae4101ec3f3958ccef8e22600f9440e354bb5d65,4614
Aurora Gun,legendary,icons/legendary/aurora-gun-567.webp,https://www.mm2values.com/img/AuroraGun2021.png,a042262acef24fd42d4d41fd042d0542e034a2e3c6d6d27ef5343f2c7172f03d,4078
Aurora Knife,legendary,icons/legendary/aurora-knife-557.webp,https://www.mm2values.com/img/AuroraKnife2021.png,86465813d149d77c2dca94a3b719d4be4b6256a62b2019dbdca3a76a78127157,3238
Beach,legendary,icons/legendary/beach.webp,https://www.mm2values.com/img/Beach_knife.png,fb48a959b42a6ebd9d11443709189fcf86ac60c73dc304259ae2d53dba735381,5040
Blue Elite,legendary,icons/legendary/blue-elite.webp,https://www.mm2values.com/img/blueelite2017UP.png,53851a962f5fca23683366febccc0b23b57229e0f13e0a5465fe6663f2aa1a61,7242
Blue Scratch,legendary,icons/legendary/blue-scratch.webp,https://www.mm2values.com/img/Blue_Scratch2017UP.png,b9e457b570cb83464b3d9852c028b7425488deed27df1a99d652b47da85505cf,2412
Broken,legendary,icons/legendary/broken.webp,https://www.mm2values.com/img/Broken2023.png,bf06d2a0c444528f0115734fd481fb67fdc439905b37ec9e339c235c504faf6d,4580
Bubbles,legendary,icons/legendary/bubbles.webp,https://www.mm2values.com/img/Bubbles2026.png,ede4190755e58b4ee458d2c9d6fb0c9e9f03fce1b189ed1ece718c647731b513,5344
Bunnies,legendary,icons/legendary/bunnies.webp,https://www.mm2values.com/img/BunniesKnife2025.png,d914f92b746a9a897e3d8493299d66addf76a3d5ebddc9bdcaa3965dffea01c2,4400
Cavern Gun,legendary,icons/legendary/cavern-gun.webp,https://www.mm2values.com/img/Cavern_GunUP.png,94c4c6d6e9ebd67350e4fffd436780f422ec4727d78f912b9f8c537a56e4fb9e,17128
Cavern Knife,legendary,icons/legendary/cavern-knife.webp,https://www.mm2values.com/img/Cavernknife19UP.png,a0060d145e3027857d9cbbd926897cb6a909d8be3f8db38b6ae2a10e0759ef4b,4194
Chromatic Gun,legendary,icons/legendary/chromatic-gun.png,https://www.mm2values.com/img/chromaticgun.png,44b45439f7371d3255fdf18240cd842b5d60b71386f409dca277f56b16677142,63661
Chromatic Knife,legendary,icons/legendary/chromatic-knife.png,https://www.mm2values.com/img/chromaticknife.png,c56799959142cac168e777a99fd7b415d0a4ab525913efa06ef6af4c6538d643,51384
Cotton Candy,legendary,icons/legendary/cotton-candy.webp,https://www.mm2values.com/img/CottoncandyUP.png,7f64d5ba64f906e4f4bfabfe9565ea7ab0d9296666f4b6c0972eb1316a230cd5,3206
Cupid,legendary,icons/legendary/cupid.webp,https://www.mm2values.com/img/Cupid_2026.png,5d1d6acc0f680abfd4abec1fa31ea966315b3f28605fa259219c2fd15c54ab9e,4022
Cursed,legendary,icons/legendary/cursed-843.webp,https://www.mm2values.com/img/CursedKnife24.png,8f5500113b5f36de85e4511d62245caa74dd22c57c7249a69c6159933e066bdd,5094
Cursed,legendary,icons/legendary/cursed-853.webp,https://www.mm2values.com/img/CursedGun.png,5fdb3457d5534edc75d4fd910417ac53aba271a20697ae5fa3e73965d47f93c1,6110
Elite,legendary,icons/legendary/elite.webp,https://www.mm2values.com/img/EliteUP.png,ed23fac7ac1f95c9cbbbb6c8eb7666c77bd5a8a49d4575922e889062f46a3805,2398
Emerald,legendary,icons/legendary/emerald.webp,https://www.mm2values.com/img/EmeraldUP.png,3a2febf2823aa2bffb47532d16ad6f832cfeda0af034f8316c06127952db9b96,5264
Energized Gun,legendary,icons/legendary/energized-gun.webp,https://www.mm2values.com/img/EnergizedGun2025.png,d44ad467d049b3dd64b9486a8653fd46838210658f42e91cb53b6eef5b46a6cb,6086
Energized Knife,legendary,icons/legendary/energized-knife.webp,https://www.mm2values.com/img/EnergizedKnife2025.png,dd84226a0b220e2d7beb00bd6108c8be8c93a8541ce7a7baf58e8bbf4341895a,4602
Fade,legendary,icons/legendary/fade.webp,https://www.mm2values.com/img/Fade_UP.png,81f48272907bcc8af6218a84275aff213825754f8675c59155d077365fec35a3,2510
Frostfade Gun,legendary,icons/legendary/frostfade-gun.webp,https://www.mm2values.com/img/Frostfadegun.png,7fdb94611e0f3408c9632098f95b800bf806bfada185a5dbf59a61b671f05718,6020
Frostfade Knife,legendary,icons/legendary/frostfade-knife.webp,https://www.mm2values.com/img/Frostfade2023.png,b5a6cb3d6a11816f99a87ba85da766463f396628fbe5b52faba48886e39310dd,3564
Frozen Gun,legendary,icons/legendary/frozen-gun-963.webp,https://www.mm2values.com/img/Frozen_Gun_2025.png,0a7c5f360edd6251b676cca138ba5175c81ec01a18f8cbca46613b79e8bb42f9,7416
Frozen Knife,legendary,icons/legendary/frozen-knife-964.webp,https://www.mm2values.com/img/Frozen_Knife_2025.png,cbe66840f2dbe09a12969face5265290c28cfc02540079594e6c50d7d9a3c68c,5478
Fusion,legendary,icons/legendary/fusion.webp,https://www.mm2values.com/img/FusionUP.png,7f50a2aa7f978abb6721b35517a9f733f0c3a3c7b40cb5677bffe106b14c5d61,3110
Ghost Gun,legendary,icons/legendary/ghost-gun.webp,https://www.mm2values.com/img/GhostGun2018UP.png,f8aaf6c4df8f40f767126c27346108010fe75df5dde9e5bf94144896de3f9a77,3626
Ghost Knife,legendary,icons/legendary/ghost-knife.webp,https://www.mm2values.com/img/Ghostk2018UP.png,5594f64f9d85f68e046d025abc0fd9f5b019be8cd0431afcc6f564d0bdcd39bc,2190
Ginger Gun,legendary,icons/legendary/ginger-gun-74.webp,https://www.mm2values.com/img/Ginger_gun_20182018UP.png,33638f086cfc704f6937996f2ec2e6880d565e9ff27d599fadba086c04600b49,3780
Ginger Knife,legendary,icons/legendary/ginger-knife-95.webp,https://www.mm2values.com/img/GingerK2018UP.png,662a178bbfe603f6a2d5ef5142f970b0740741808443855afc3a0851313cdda1,3396
Green Elite,legendary,icons/legendary/green-elite.webp,https://www.mm2values.com/img/GreenEliteUP1.png,dd7e8d1937c5b1d81711a0e2c327508bdee611732c059e55d0df43afc17801a4,2492
Green Fire,legendary,icons/legendary/green-fire.webp,https://www.mm2values.com/img/Green_Fire2017UP.png,8ffe436be462f48f39b7608c1f31970d80db0d08a6acbbd2274953b358888122,2864
Icecracker,legendary,icons/legendary/icecracker.webp,https://www.mm2values.com/img/IcecrackerUP.png,143bdd2936df275014dd254e67ce2be1e2a525303532f62b512d5cd58c438a34,4608
Icedriller,legendary,icons/legendary/icedriller.webp,https://www.mm2values.com/img/icedriller.png,30f5feaaacb496d9a0851f0b3ccbe9bec11ceec8224430f728358906e3f9533d,13710
JD,legendary,icons/legendary/jd.webp,https://www.mm2values.com/img/JDUP.png,1b5a07f50f59dc528669d73cb19f242f7ba51f463377033d702aba5d9913a3b5,3348
Latte Gun,legendary,icons/legendary/latte-gun.png,https://www.mm2values.com/img/LatteGun.png,1b4e06043c195105cbda99c51f90d397eaf0eefae89839996dabc9dc31f55497,62080
Latte Knife,legendary,icons/legendary/latte-knife.png,https://www.mm2values.com/img/LatteKnife.png,785631a5dd50cb5f3440d7a5904077ec8950a60b64e629ddd8ded3637c4d7dbb,45723
Midnight,legendary,icons/legendary/midnight.webp,https://www.mm2values.com/img/MidnightUP.png,edcd1d95e595c8a00492451d3ed4f3f7a0b3f8c227e6cc598813627a1529d3cc,4666
Nightsky,legendary,icons/legendary/nightsky.webp,https://www.mm2values.com/img/Nightsky2024.png,b3431ecaa0b74b62698af0e3aa048bb9b180af13f04a2777e97e70580a680457,5066
Nightstar,legendary,icons/legendary/nightstar.webp,https://www.mm2values.com/img/NightskyKnife2024.png,cada8cf71431f3a0739504b1febea2bd3002ec80bfda4aee116bdcc4473d6ef8,3702
Overseer (gun),legendary,icons/legendary/overseer-gun.webp,https://www.mm2values.com/img/OverseergunUP.png,76e643dd5140f19577c97ec35d60514b5c52d08c027e741643ad088bc99ba428,2668
Overseer (knife),legendary,icons/legendary/overseer-knife.webp,https://www.mm2values.com/img/OverseerknifeUP.png,a780d7cc444dcaed84d24dc130f8bdea8f31efe25257747c30a981f24510a891,4416
Palms Gun,legendary,icons/legendary/palms-gun.webp,https://www.mm2values.com/img/Palmsg.png,d43efe127fdf08e9b6a77b0812436167eba0a734d6f42f8bac70d91027ac28c2,6194
Palms Knife,legendary,icons/legendary/palms-knife.webp,https://www.mm2values.com/img/PalmsKnfie.png,01f3a486c61ea263499120aaea42168ecaa9e0a8a67b24a8560480e7428a96d2,3754
Plasmite,legendary,icons/legendary/plasmite.webp,https://www.mm2values.com/img/PlasmitekUP.png,249bd8669ec9caa4dd2e6ac954e4cc1bb527bb6ddb894c92f5b89de16646a195,4338
Predator (gun),legendary,icons/legendary/predator-gun.webp,https://www.mm2values.com/img/PredatorGunUP.png,2ac3e3140329847d873ee4023b1791eace1d2239005f44f9f3e70b03d45df7d9,2904
Predator (knife),legendary,icons/legendary/predator-knife.webp,https://www.mm2values.com/img/PredatorKnifeUp.png,2d50bc5577df5148eac0fcbdc3fa882080619e6811f2d64a5ea9c1820dfa3dd5,2848
Red Fire,legendary,icons/legendary/red-fire.webp,https://www.mm2values.com/img/Red_Fire2017UP.png,68c37f62c82f3a3100999cac76bdbc634f1c3ada21994aa8160efacc1a924af8,5686
Ripper Gun,legendary,icons/legendary/ripper-gun.webp,https://www.mm2values.com/img/RipperGunUp.png,734d7c2f6c9914cf4bd7b4dd8b2a91add120f74416b80b5a2bd9a0f12490f043,5936
Ripper Knife,legendary,icons/legendary/ripper-knife.webp,https://www.mm2values.com/img/RipperKnUP.png,7f486c83f6fe61055d8bf500cc4aff3e7ff4f795700b0ba2451616dae4d9b853,4922
Rune,legendary,icons/legendary/rune.webp,https://www.mm2values.com/img/RuneUP.png,ed5b1c1be4588107a6292c8a5ed21e5b518e68536a8cde801a86c821e310a4fa,4036
Rupture,legendary,icons/legendary/rupture.webp,https://www.mm2values.com/img/RuptureUP.png,8d9e1b64d5caaedb5ae61997c670125f91d0edcd11c42f064938e214b337d6e2,3242
Santas Magic,legendary,icons/legendary/santas-magic.webp,https://www.mm2values.com/img/SantasMagicUP.png,797d9529bb25c0cf9600e0e65700fc48a8e10aa0a5afd95bbf94373ce9937c45,3526
Santas Spirit,legendary,icons/legendary/santas-spirit.png,https://www.mm2values.com/img/santasspirit.png,4e288cf41677f1ee602b54c4c32f8f699d0ede5d9fb2ed9037b7de202d317608,57397
Scratch,legendary,icons/legendary/scratch.webp,https://www.mm2values.com/img/redscratch2016UP.png,44693fa59221b96accf5ae71a3fe8169ded0f7cd1c4dfe2a0d9e86787df28c21,2414
Shiny,legendary,icons/legendary/shiny.webp,https://www.mm2values.com/img/ShinyUP.png,15ee33af794c84b0665f9381179bcff1aed87282b3751eeaa25fe066d6471059,2678
Skulls,legendary,icons/legendary/skulls-380.webp,https://www.mm2values.com/img/SkullsUP19.png,899050b9d547c728dc8adc817d95ea4ff8b1ef0e073d9297d64f866b245e782e,4428
Sparkle,legendary,icons/legendary/sparkle.webp,https://www.mm2values.com/img/SparkleUP.png,d309b9336a3be65b3f78f55e48685fcffeab9327299c4e5ff75b4656f6ee2794,3442
Spectral Gun,legendary,icons/legendary/spectral-gun.webp,https://www.mm2values.com/img/SpectralGun.png,12ed7a8c029e99227bdec79d1918f7e57d67668bd7ec0368d72d902ed3bea643,6128
Spectral Knife,legendary,icons/legendary/spectral-knife.webp,https://www.mm2values.com/img/SpectralKnife.png,64f153d96ee5551f136321752b3330dda9480cef35681ad836f6f738e9016c66,4590
Splash,legendary,icons/legendary/splash.webp,https://www.mm2values.com/img/SplashKUP.png,8f71a17398f87344639b5a815b2a04e67ee4167b501b7ec05cb565fe308ce28d,2764
Splash Gun,legendary,icons/legendary/splash-gun.webp,https://www.mm2values.com/img/SplashgunUP.png,0686a1a567c46054ba5237de097bd07d51fe9d21563ce2b04c8ed3353aab86f4,5460
Traveler Gun,legendary,icons/legendary/traveler-gun.webp,https://www.mm2values.com/img/Traveler_Gun_2023.png,6072dd2043d122cfd27dc9573de91d1cff9217d71c78dacc7d634764ab262a31,5168
Traveler Knife,legendary,icons/legendary/traveler-knife.webp,https://www.mm2values.com/img/TravellerKnife.png,70db1d81e5e4c7baaf0486132908c007ba7a768c27d576460eabca6e34561b50,4166
Tree (gun),legendary,icons/legendary/tree-gun.webp,https://www.mm2values.com/img/TreeGun2015UP.png,d9f1447597b77fa7090202bc5f6dfade7b64cf547d133705d744df5a9ce3dbf3,4514
Tree (knife),legendary,icons/legendary/tree-knife-70.webp,https://www.mm2values.com/img/tree2015UP.png,77e1e1e661a1749264697362d5954356732785f2a9e851e7ec28a6fb839d7b8f,4564
Universe,legendary,icons/legendary/universe.webp,https://www.mm2values.com/img/UniversegunUP.png,2687b54bcad7202a8ed1eb1ae848d8b452effba5b8fc1bc8829efc863b939504,3246
Vampire Gun,legendary,icons/legendary/vampire-gun-622.webp,https://www.mm2values.com/img/Vampire_Gun_2022.png,b2b4d24f805993bb6d07fcbe2e8a41767f6f1853f9f6d68221c0b6b87f179c28,4918
Vampire Knife,legendary,icons/legendary/vampire-knife-623.webp,https://www.mm2values.com/img/VampKnife2022.png,b1ece83b16b03677475c1088c2870c5169c88061db0bf45b192db2a1f0c528a0,4296
Viper,legendary,icons/legendary/viper.webp,https://www.mm2values.com/img/ViperUP.png,5fdfb8e49c962a1fa9629f0914b98e51b8a45e4450890197c0c36006288c0a14,2620
Web,legendary,icons/legendary/web.webp,https://www.mm2values.com/img/WebKnife_UP.png,0593ba4e7a2f69b9e9900498793726bb91f749b266a7ecb5e149de79dc040df7,2990
Witched,legendary,icons/legendary/witched.webp,https://www.mm2values.com/img/Witched19UP.png,32930d9ad94e075a3de3f475f0d0f00ed5fb9bd9de5d28bfd7614b0bb44d6957,3992
unnamed,misc,icons/misc/box-of-gold-papers.png,https://www.mm2values.com/img/goldwrap.png,a42f97169a483d508ae9df3945e06ddbf67ea3a5c226e1754d7c77f882382cbb,24821
unnamed,misc,icons/misc/box-of-ultra-wrap.webp,https://www.mm2values.com/img/UltraWrap2017UP.png,a1f3c4fc25c01d4d41a852d601e2910e829723d77558ccde6b329fb2649e2cd1,24356
unnamed,misc,icons/misc/box-of-purple-papers.png,https://www.mm2values.com/img/purpwrap.png,3e147d58744b0a5f4d224ea3c628517df5244c59935bf5569f4276d354784cef,24941
unnamed,misc,icons/misc/box-of-blue-papers.webp,https://www.mm2values.com/img/BlueWrap2017UP.png,09ac62ff8df07e2cfe583b2a49006931d3a8e0bb36758f5330c5b4442429b403,24298
unnamed,misc,icons/misc/box-of-red-papers.png,https://www.mm2values.com/img/redwrap.png,299d1429460593950e2fb631b64dfb187f3d16a1b44dc1623d586f5f5aeb10aa,25039
unnamed,misc,icons/misc/box-of-green-papers.webp,https://www.mm2values.com/img/GreenPapers2017UP.png,eada65b688d2b6c6fe3ea023bdb8dff0dc61d8b468e40fb62fe930c0c887d692,24296
unnamed,misc,icons/misc/box-of-fert.webp,https://www.mm2values.com/img/BoxOfFertUp.png,b50d699c5aac80492bcb2e43b89677057cbaf185b99ed7b906f8fb779784cd0b,3322
unnamed,misc,icons/misc/mystery-keys.webp,https://www.mm2values.com/img/mysterykey.png,b6fd8d7051a5fa63c54d46c8abcc08e1cd65ff0be18ceebd21e4b2808b45599d,11852
unnamed,misc,icons/misc/skeleton-key.webp,https://www.mm2values.com/img/SkeletonKey2018UP.png,8bdd37f25a2291b8c08420e42fffb2ed7a9baca555a125115a7a3c3ef77265be,4378
unnamed,misc,icons/misc/xmas-gifts.webp,https://www.mm2values.com/img/Gifts2015Up.png,2716c28f71c06ce0ae7c7e8ddf522d5a9d1750bdede38441098c2ddcdc374ea4,36392
unnamed,misc,icons/misc/snowflake-key.webp,https://www.mm2values.com/img/snowflake_key.png,da116af19c41cfd748ccd33561ce5db14277ecd11609685c0c326096047c4734,6188
unnamed,misc,icons/misc/candies-2016.webp,https://www.mm2values.com/img/Candies2016UP.png,378b755c174c60fce22e51b8569f50f766b93ea13601160ba61116fdb7c9a5f3,8780
unnamed,misc,icons/misc/candies-2017.webp,https://www.mm2values.com/img/Candies2017UP.png,68fe220352dfe77122d8c81e8ddf1143a45c469ab235c7b7099f5eaa2e17cdfc,22328
unnamed,pets,icons/pets/zombie-dog.png,https://www.mm2values.com/img/zombiedog.png,39cda0fb6f93eaa4fbbefa5ca55779c88c2d4387e6305fb9b9f62ab817b106ec,23806
unnamed,pets,icons/pets/blue-pumpkin-341.webp,https://www.mm2values.com/img/BluePumpkin2018UP.png,6e305ba23d7dbf2c93698a7b6a13db93d9044e7183d5bec924c1510cd4026813,4602
unnamed,pets,icons/pets/dogey.png,https://www.mm2values.com/img/dogey.png,2c21435bd3157a8a0e29e87df1a77d0e6bba5853c226c750faf49653870186d8,24532
unnamed,pets,icons/pets/red-pumpkin-342.webp,https://www.mm2values.com/img/RedPump2018UP.png,57b6e1b806a5c1b3a37bb5dab551fbd59b919e3ecb972dfc4e6ee84f088839e5,4350
unnamed,pets,icons/pets/black-cat.png,https://www.mm2values.com/img/blackcat.png,bb245bcdd27ce48aec73b33882bc3b0198b92d8ccbee8722fe67cf566d614c60,20200
unnamed,pets,icons/pets/green-pumpkin-343.webp,https://www.mm2values.com/img/GreenPump2018UP.png,9728e03557121c371e556a34a86e3e01c47b6073a9e4b63227d38537f0a94f94,4674
unnamed,pets,icons/pets/pumpkin-344.webp,https://www.mm2values.com/img/PumpkinPet2017UP.png,622e3a94465661319b147ad0bb6eae6851bd9411dec0c233810bdc25311ca0a1,34468
unnamed,pets,icons/pets/piggy.png,https://www.mm2values.com/img/piggy.png,17fdc2b8e61f0be6da8ee8deef589281877975f5e9a00f7b88489eeeee176c57,24409
unnamed,pets,icons/pets/mr-reindeer.png,https://www.mm2values.com/img/mrreindeer.png,474cc986673a819abc356483f8645ec8024e818b056ab05d43729bb31a226640,117847
unnamed,pets,icons/pets/santa-pet-2019.webp,https://www.mm2values.com/img/santapet.png,223e4e24b7357e13b0f0a985c473f151d93bd4baed1cd1c9a477677da8d0e7b6,12422
unnamed,pets,icons/pets/red-pumpkin-591.png,https://www.mm2values.com/img/redpumpkin2020.png,b394d953aa1154a4ed2fabb92930118d790317a77efdb3bd37acd5922842a138,155145
unnamed,pets,icons/pets/red-pumpkin-594.webp,https://www.mm2values.com/img/RedPumpkin2021.png,3ac6377643c74c9c601abaf6822905acc95a438d7aad7c125d7c81ccf6196ba0,7322
unnamed,pets,icons/pets/elf.png,https://www.mm2values.com/img/elfp.png,3a0ae0b7dedaf8eaea48dd207369de96238446cfe0a674774950f775aa7ccec4,22919
unnamed,pets,icons/pets/green-pumpkin-590.webp,https://www.mm2values.com/img/Greenpumpkin2020.png,61fc9cd0038f86bb3bba4c15848c71f0909d9ef6d147fcd2051baba5f682a569,15136
unnamed,pets,icons/pets/skully.webp,https://www.mm2values.com/img/skully2021.png,50962f4a51481f5ed36ac2d437562f487993d6ef7d1fd66fd58b36561f508e50,3956
unnamed,pets,icons/pets/green-pumpkin-596.webp,https://www.mm2values.com/img/GreenPumpkin2021.png,794dfbbc096235124ef20da55961282dcc92b5081e549855284dcdbaf874a083,7968
unnamed,pets,icons/pets/mr-snowman.webp,https://www.mm2values.com/img/Mrsnowman.png,acea4de587a835100a3aad34b1af12f76986602414002b20074ec6f634d7c7cf,11574
unnamed,pets,icons/pets/3-heart.png,https://www.mm2values.com/img/heartp.png,503113cd1454d5c9c94696d05cb255ff555669515bf8ba7ebb84d23eab2c651e,22300
unnamed,pets,icons/pets/blue-pumpkin-589.webp,https://www.mm2values.com/img/Bluepumpkin2020.png,d13b1b539ba4cbc68a9c763cb8f72c27c820259c4951148c5867cf4a9f957332,10126
unnamed,pets,icons/pets/green-pumpkin-2019.png,https://www.mm2values.com/img/2019greenpumpkin.png,b6dbde302794f7ba76145411347e51073903b93d104f0b0f855df565716512e1,22668
unnamed,pets,icons/pets/red-pumpkin-2019.png,https://www.mm2values.com/img/2019redpumpkin.png,40ddffe20209a5ae96d17eb144348b23756f3c0dc981d60412a863b00db5d651,21284
unnamed,pets,icons/pets/shadow-pumpkin.webp,https://www.mm2values.com/img/ShadowPumpkin2021.png,1e2500f8f1f4e73ea98947af9e2cb6da4221f2a4eea3afc63b6747600bacd5b6,6312
unnamed,pets,icons/pets/purple-pumpkin.webp,https://www.mm2values.com/img/PurpPump2018UP.png,767c62c43732b2583377bdf59aee72e74667473f821c1145a8de124f58dddb12,4368
unnamed,pets,icons/pets/nobledragon.png,https://www.mm2values.com/img/noble.png,f2e322a81112e7d41ef0d1d6fb9effcc47424a2812efe5665f74355a8b42a254,25926
unnamed,pets,icons/pets/rudolph.png,https://www.mm2values.com/img/rudolph.png,61efc401eb153e6508a52bc56779675d04052a9214e02887922239343e14e028,23628
unnamed,pets,icons/pets/chroma-fire-bat.png,https://www.mm2values.com/img/cfirebat.png,e8373d3d32bc13e1d31b08233b1446d5e68fc880ae098ca35633da0aed4999f5,25216
unnamed,pets,icons/pets/chroma-fire-bear.png,https://www.mm2values.com/img/cfirebear.png,c44b682d4b16648400b603f22c255d3ad873d66b3b6cb52df9e9288331d54975,27295
unnamed,pets,icons/pets/chroma-fire-fox.png,https://www.mm2values.com/img/cfirefox.png,03e9cb135e06f3dfffd4f175bdac9c74b1a4ea6f26bdac3e52ef2ff47bf80096,26079
unnamed,pets,icons/pets/chroma-fire-pig.png,https://www.mm2values.com/img/cfirepig.png,c7350b64895a1d20b06fbb437b1434278e1dcee3a208e7d613076acf1d4d3582,24627
unnamed,pets,icons/pets/chroma-fire-bunny.png,https://www.mm2values.com/img/chromabunny.png,07c2a4124f591cb374b41ff1c56a6563d0e3b24634ce02e14894b2c1370893ac,12778
unnamed,pets,icons/pets/chroma-fire-cat.png,https://www.mm2values.com/img/cfirecat.png,c7ac60278b2fb5c51944106cd8bbcaceade603becc14842e9522544ecc06bc9b,26261
unnamed,pets,icons/pets/chroma-fire-dog.png,https://www.mm2values.com/img/cfiredog.png,f0beaf905cda7f8db011093d11b83266d51fc74bb8c2f3d5642356eb04970b73,25964
unnamed,pets,icons/pets/overseer-eye.png,https://www.mm2values.com/img/overseereye.png,8a244f2220be5a8636f1445b44df339d55eae4948bfa9c16ad70f8456d25f808,26463
unnamed,pets,icons/pets/fairy.png,https://www.mm2values.com/img/fairy.png,acf4419fdfe9f119a99234d1411e1b332c71d22ac1fcdbebd38c7d5fa7feaa1a,24075
unnamed,pets,icons/pets/reindeer.png,https://www.mm2values.com/img/reindeer.png,a4776902cf5a82be66a0d1aa670e4a01b48cbba24667d853c1f781a4e15c4690,23571
unnamed,pets,icons/pets/eyeball.png,https://www.mm2values.com/img/eyeball.png,4ea00b6a408b6afdfa8f51a5d5e7c3e32d1f29a9521d86d35ffb3f71fec09aa7,26361
unnamed,pets,icons/pets/jetstream.png,https://www.mm2values.com/img/jetstream.png,687409f75fda2a02daf09aa1033012c96628854eaff202dabfebb627d5d8bbbd,26889
unnamed,pets,icons/pets/chilly.png,https://www.mm2values.com/img/chilly.png,d3a4a43ec9cef235c45d493bd09bc91ff4105cc490f498b4d28924ef9b35e051,24354
unnamed,pets,icons/pets/seahorsey.png,https://www.mm2values.com/img/seahorse.png,aa770a5d8d3ab97ef510e11772a918b3eb1925b97e79447f2b8278f30f68c3c9,25733
unnamed,pets,icons/pets/pengy.png,https://www.mm2values.com/img/pengy.png,a8f83dda4de8ec8a576e937da5df4d540b85d2b8134e74273ccec84632cb7d51,23292
unnamed,pets,icons/pets/ufo.png,https://www.mm2values.com/img/ufo.png,a73891453e792eb7b055f241e9a0854d076d67c38ed9f2febc426b477d65e021,23127
unnamed,pets,icons/pets/tankie.png,https://www.mm2values.com/img/tankie.png,94a99976ea1c47ad79f86fbed34cd7119ebd99c0271380483a53e0ae04818977,25162
unnamed,pets,icons/pets/mechbug.png,https://www.mm2values.com/img/mechbug.png,114199cf236ce1d00a5e2c5cc3aa5e0a19eedf9edec13066ff3c69b69caa6957,25706
unnamed,pets,icons/pets/blue-pumpkin-2019.png,https://www.mm2values.com/img/2019bluepumpkin.png,b6ba2e031496dcfb5efe4ea52f003273f12dbbdb34c3364ffda5a8b89d744a21,21778
unnamed,pets,icons/pets/vampire-bat.png,https://www.mm2values.com/img/vampirebat.png,c5057c48892fb03f9689781bfeff8976d63850516eff5bf5a4bdba24d94226b3,23307
unnamed,pets,icons/pets/steambird.png,https://www.mm2values.com/img/steambird.png,d418104f98392fa52b6e9e3dccd39da2f839e8264627ba5664b6fb60e180e2fa,26202
unnamed,pets,icons/pets/phoenix.png,https://www.mm2values.com/img/phoenix.png,ccda9bce203ad87fb74750911cb41b589b337ac8126b1af3d0e1c0431b05712d,27732
unnamed,pets,icons/pets/sammy.png,https://www.mm2values.com/img/sammy.png,120277550e6ba51bb25afa0102985cefe57f9af0da60dae249f9f7755c67bc75,25408
unnamed,pets,icons/pets/electro.png,https://www.mm2values.com/img/electro.png,cbc2e4f04cfa50f8dd0fcb30b65eb8d9cc16f810e654fc6d5cba6c1678a9b003,24532
unnamed,pets,icons/pets/deathspeaker.png,https://www.mm2values.com/img/deathspeaker.png,eb4c89b0ac6db4da9cc93c3d75658c3f6a2cbedfb791af30a646956ef5ae6a29,25784
unnamed,pets,icons/pets/snowbear.webp,https://www.mm2values.com/img/Snowbear.png,0d7c792a7b7b631a4a53a3b33ab8f5fb6a67e4556122a00925f7b4120e37b876,4938
unnamed,pets,icons/pets/frost-bird.webp,https://www.mm2values.com/img/frostbird2018UP.png,a7c4c1ae32b9d971db9dfb8187111c8a30f832a52d36b1a4a137a8acd35b7b3f,10508
unnamed,pets,icons/pets/badger.png,https://www.mm2values.com/img/badger.png,10f68faad21e57659a3c940137d7011672c746c4d3cbf8d410650df851a68cd7,25008
unnamed,pets,icons/pets/ice-phoenix.webp,https://www.mm2values.com/img/IcePhoenix2017.png,1e38eb5493fb0b49f755e198c3c264df678204cdb1b82142cc046296cc0360e6,38984
unnamed,pets,icons/pets/traveller.png,https://www.mm2values.com/img/traveller.png,38d058d9f85d9928071542db2ac0efbc57dc34a611dca3334bb06c005fa750a0,25546
unnamed,pets,icons/pets/skelly.png,https://www.mm2values.com/img/skelly.png,c0d94afd0aedaeed5932fb497655eade41be367aa658a0ce3aa2c8395d4c1ee7,24021
unnamed,pets,icons/pets/fire-bat.png,https://www.mm2values.com/img/firebat.png,7d446b8c4089434002582a9d1b867c20204371f729f03338765ee0f4e6aa0f72,23414
unnamed,pets,icons/pets/fire-bear.png,https://www.mm2values.com/img/firebear.png,7012ab968e3a51308e67b47e7c670d55abdf5e034cbbb45a86439045e7f50ecb,24859
unnamed,pets,icons/pets/fire-fox.png,https://www.mm2values.com/img/firefox.png,0e3fae6d08a286f138eba87f5aea258232d9b1f54117889206eb8c3eb93c2ca2,23857
unnamed,pets,icons/pets/fire-pig.png,https://www.mm2values.com/img/firepig.png,4f429e1c20fa5af5c93ae6a45b277abf4484899a0c8fb61d16410eae8e549684,23791
unnamed,pets,icons/pets/fire-bunny.png,https://www.mm2values.com/img/firebunny.png,e95e8bb110e0708caf17ebe74b77a232761e1bb5df41a550e271f3156245ca47,12538
unnamed,pets,icons/pets/fire-cat.png,https://www.mm2values.com/img/firecat.png,7c0a8aa8e1f159708a996afda3aa68eb6dc15cd7bd886d47c279ba9725cf29e3,25089
unnamed,pets,icons/pets/fire-dog.png,https://www.mm2values.com/img/firedog.png,87f0760d9ef6837c90d2e1e048979ff8b202b0a590b358c06801bfe94b8f20c3,25686
unnamed,pets,icons/pets/scarecrow.png,https://www.mm2values.com/img/scarecrowpet.png,f972f9c809d271fe832642be2934703ac8141f1280175c022f82f0d2b4729403,98001
unnamed,pets,icons/pets/lil-alien.webp,https://www.mm2values.com/img/LilAlien.png,21b5064d980d4c12c8b39def34e342677d03f9a47298acbb27cdf14958c66c39,9832
unnamed,pets,icons/pets/teddy.webp,https://www.mm2values.com/img/Teddy2023.png,10743a54dd51671e07300429e40d506db12c3ccde9924a6c7e76a7d1dc81fa8e,6648
unnamed,pets,icons/pets/ghosty-337.png,https://www.mm2values.com/img/ghostyPet.png,ead42c0b32de961f9a01a1aab8a4c11ae4992a1ca271289f3e5f8991a9a2b4b1,22263
unnamed,pets,icons/pets/icey.png,https://www.mm2values.com/img/icey.png,adf21eed2f1731282f2e94cbb7db8f17fe8f55bc9361df584d6aa59e73b29c17,26077
unnamed,pets,icons/pets/elitey.png,https://www.mm2values.com/img/elitey.png,94c9e209e2407865cb22b3d1fe06247a9658d64942266dbb8a4bba0dfe9a1209,23945
unnamed,pets,icons/pets/bat-359.png,https://www.mm2values.com/img/batpet.png,8fab4f606cbb1c836b69356d67f2d83553b496efda2b22fe6d556bc230756239,9273
unnamed,pets,icons/pets/carrot-bunny.png,https://www.mm2values.com/img/bunnypet23.png,bdb5a07deae3ffcd0452091ded9b01500e3e17a272ee9b2bb467e7b5f84ddf1b,19734
unnamed,pets,icons/pets/snowman.webp,https://www.mm2values.com/img/snowmanpet2019.png,b62d156418da716ab4ae252c8e4fb804fbe4ad6e36e99b97b867c8b83dadf85c,9768
unnamed,pets,icons/pets/bear.png,https://www.mm2values.com/img/bearpet.png,58f7fdc3ceed4fae658c995139c9c4f64536caa1cd54a6253d00465decbafa4e,11237
unnamed,pets,icons/pets/pumpkin-2019.png,https://www.mm2values.com/img/2019pumpkin.png,b1d6118da32056e15ccc95836b10db4e49201e7b09f7c5c37598dad70d28af7a,21706
unnamed,pets,icons/pets/pumpkin-588.png,https://www.mm2values.com/img/pumpkin2020.png,13537db666c5a8c13a11c5975d49c8237429fe1bd03449dc7efdbb1fad4aed54,122916
unnamed,pets,icons/pets/pumpkin-592.webp,https://www.mm2values.com/img/Pumpkin2021.png,93b2f97959ebab5880026cc54f5cb28b74d8c7a11c08b3dd9e6bc77edf1ce82b,7246
unnamed,pets,icons/pets/fox.png,https://www.mm2values.com/img/foxpet.png,11d4678b4312875bc3e44678555e2c062638e6489e8ecedfe513337a107747eb,9208
unnamed,pets,icons/pets/pig.png,https://www.mm2values.com/img/pig.png,75f7d7e9fa6ccc2e3b20f792179d9158f940c48d55e797764d6b605632537d29,22874
unnamed,pets,icons/pets/santa-dog.webp,https://www.mm2values.com/img/Santadog2017UP.png,f0278398069b5b829f58a33f5449527e3835fd4d5e99b50eb6c77245ba88cc7e,19108
unnamed,pets,icons/pets/bunny-366.png,https://www.mm2values.com/img/bunnypet.png,a7951175b73697f183ee246f2c30f92bab68343510a34d0e6522c84c67e3a62f,6637
unnamed,pets,icons/pets/cat.png,https://www.mm2values.com/img/cat.png,ab30cd7c8a5f135fa2bb497a65e9ab569e8fe7382f10ba427a5fc1744680c9e1,23528
unnamed,pets,icons/pets/dog.png,https://www.mm2values.com/img/dog.png,7d8cb4b31e952ad3df5ad3a8d9dac04eeddd884d4bd405a41932efb459d67a84,23022
unnamed,rare,icons/rare/cane-knife-104.webp,https://www.mm2values.com/img/Cane_knife2018UP.png,ac7dc51990d74cdbdc3f34ea8be34c94a1b75594fde45fc6456c39213e169796,3188
unnamed,rare,icons/rare/dungeon.webp,https://www.mm2values.com/img/Dungeon19UP.png,84557fba1862307fcd96d5efcb2c36183e32e8a569cac7d91a62e3ca0b790567,3496
unnamed,rare,icons/rare/darkknife.webp,https://www.mm2values.com/img/Darkknife_Knife_2023.png,615fc03228506fe3ac3b25ac33a0f042b36e10da37beda3eba382bb4553fb98f,3246
unnamed,rare,icons/rare/makeshift-knife.webp,https://www.mm2values.com/img/MakeshiftKnifepass.png,4198cc54bd2416486621cd6f03ef0a137d2e23c9b0b8c9bda1bfe1659a7c6efe,3566
unnamed,rare,icons/rare/zombified.webp,https://www.mm2values.com/img/Zombified_Knife_2022.png,5886aae70ba563b02ffa3940601922c51d8627b0b72668f7e1ef39119b14baec,3242
unnamed,rare,icons/rare/silent-night-knife.webp,https://www.mm2values.com/img/SilentNightKnife.png,0f7384c9eb55d93326b85344f1d5215031daea0eca7fb0a5f4d110e31d870e35,9560
unnamed,rare,icons/rare/starry-gun.webp,https://www.mm2values.com/img/StarryGun2021.png,640152a28d75cb35af0bbbcacea394ddbc81f1fb2d0ebd25817f7dd3c7fe1894,3736
unnamed,rare,icons/rare/swirl-knife.webp,https://www.mm2values.com/img/SwirlKnife2021.png,95629dffbbb90af3fb566e333b311b99d57a422c5d5cb47e0cacb93fffa6b711,3576
unnamed,rare,icons/rare/watcher-gun.webp,https://www.mm2values.com/img/Watcher2021Gun.png,78d50bf32141acee7eb114c9b16a0a64f401b15be065384b41377d15e0a16fe5,13656
unnamed,rare,icons/rare/magma-gun.webp,https://www.mm2values.com/img/MagmaGun2021.png,85fad8ec551cc55d0caf6b9630653403c0f0f986233fa8976e27aabaa7c0ee39,4800
unnamed,rare,icons/rare/silent-night-gun.webp,https://www.mm2values.com/img/SilentNightGun.png,ffe38a40f7b4f2fbee560c530e286b2743ee9bd4f14c1bb1d4cfb019e3de14bb,12358
unnamed,rare,icons/rare/snowflakes.webp,https://www.mm2values.com/img/Snowflakes2020.png,b769f8b89adab30ce27aa32e1625f82998f8d030d8539804a53b81a76a469ee1,9848
unnamed,rare,icons/rare/floral-730.webp,https://www.mm2values.com/img/Floral_knife.png,a11f43b8c35e596b71bad0869b4cdeaa663af8b1e6e88fe5dae1f1a26d7a75e9,5184
unnamed,rare,icons/rare/vampire-gun-108.webp,https://www.mm2values.com/img/Vampire_gun2018UP.png,2ba0636a834e1237b16be1dc785e8927421268e02d463b69ce602605f9594df3,2912
unnamed,rare,icons/rare/toxic-knife.webp,https://www.mm2values.com/img/ToxicK2018UP.png,67d533e0276364754f787e410c86dd8ec466afd21f34d16910ab7be948f8da47,2318
unnamed,rare,icons/rare/magma.webp,https://www.mm2values.com/img/Magma2017UP.png,f6b4b78e3c586387ac92a4120d4dc92a2d514526df4afe46248d4bdb441d2d78,3780
unnamed,rare,icons/rare/aurora-knife-397.webp,https://www.mm2values.com/img/AuroraKUP.png,5a7ddff1310f92c064849231814203e674e46d789745765127bbf45fca121547,3186
unnamed,rare,icons/rare/ghastly-gun.webp,https://www.mm2values.com/img/Ghastly_Gun_2023.png,f87e0cf7806c197762e0f66d712ade1d7f6b9ee8e44039f8f579485e61949eb6,5960
unnamed,rare,icons/rare/icicles-gun.webp,https://www.mm2values.com/img/Icicles_gun2018UP.png,8ee04ad8344af871ea98d2dcdf3394e6d1d99b3d8065cced9aca9521d8f61909,3276
unnamed,rare,icons/rare/monster-382.webp,https://www.mm2values.com/img/MonsterUP.png,a8f3f9daacebb8b31b4cf237a2f3ad9f60b855f63631f09441c154dae8f1b877,5492
unnamed,rare,icons/rare/jack.webp,https://www.mm2values.com/img/jack15UP.png,8adf354cff0d7faf5beceb34dfb9815c19281c31370025fc6295253a6d3aee7b,2812
unnamed,rare,icons/rare/bats-103.webp,https://www.mm2values.com/img/bats2016UP.png,00746b053f6bb768ab3395bb0942cbddaa866cf2698e80280ef115f5adc64bde,2654
unnamed,rare,icons/rare/green-marble.webp,https://www.mm2values.com/img/Green_Marble2017UP.png,6faffa5727b2533e41484ba44c9fec8468d9ea53176b577e4a4e4e1c1ef84e3e,3048
unnamed,rare,icons/rare/snakebite-knife.webp,https://www.mm2values.com/img/SnakebiteKUP.png,bc4deaa4f73d487db1417a1182b6a8e23e7ea66fe5ac35582c252bffdeb4c1c1,4476
unnamed,rare,icons/rare/orange-marble.webp,https://www.mm2values.com/img/orangemarble2016UP.png,aece497f4f0fd857168708571135581b6d82a032158f9f6739bb3ac53a15b059,2760
unnamed,rare,icons/rare/vampire-knife-130.webp,https://www.mm2values.com/img/Vampire2018UP.png,020c8ba0e978b66c1d40df98c1446ee42dae75f6399fbe442a2e18c70dde1e4e,2498
unnamed,rare,icons/rare/toxic-gun.webp,https://www.mm2values.com/img/Toxic_Gun2018UP.png,d56c43856db04d54404e2f0fd17dfb893bf1fa897454bd31960f47cf53585ed4,2958
unnamed,rare,icons/rare/aurora-gun-396.webp,https://www.mm2values.com/img/Aurora_GunUP.png,86f9f907133f76822f6659ccf20ac57068362544519d88776663174c613a88f7,4716
unnamed,rare,icons/rare/candy-swirl-gun.webp,https://www.mm2values.com/img/CandySwirlGunUP.png,33e7176df17be46d01fccb96a38216d7230bf2851111468f9fdca1f8c352c8b0,5770
unnamed,rare,icons/rare/cane-knife-100.webp,https://www.mm2values.com/img/cane2015UP.png,36763b4f05795046dc0cec0ed75be49accc35bc8683a84cea62dcaab1d4c35fa,4422
unnamed,rare,icons/rare/cane-gun-101.webp,https://www.mm2values.com/img/CaneGun2015UP.png,f1740e1286a98675957f5065cfb8ff5bf976b72bcb7ced98be47ca0b75ab62db,4708
unnamed,rare,icons/rare/candy-swirl-knife.webp,https://www.mm2values.com/img/CandySwirlUP.png,9f1d9c5a539bef956317909563b99dfec15b208bdecedc9b9c6b6b4981521077,3712
unnamed,rare,icons/rare/snakebite-gun.webp,https://www.mm2values.com/img/SnakebitegunUP.png,700e05fb1b4fca8484cafed69168a8275aa2d35cd6174367c3c6b520f426a247,5866
unnamed,rare,icons/rare/xeno-knife.webp,https://www.mm2values.com/img/XenoKnife2025.png,3dfcc82a6524f8f02ab43bb951f4f93d65e57a57e3732a067de4154066c3806a,4094
unnamed,rare,icons/rare/ghostfire.webp,https://www.mm2values.com/img/Ghostfire_Gun_2022.png,5158e6e2aba9fb90334a7442c4c54bbd483bdaae0c1919c9276e20f83a49ec6e,5634
unnamed,rare,icons/rare/mummy.webp,https://www.mm2values.com/img/MummyGun2015up.png,63025eee6f4722ecfbfcca1c74182d9142465b6a8d5b74c949afe413f4852311,3494
unnamed,rare,icons/rare/ginger-knife-98.webp,https://www.mm2values.com/img/ginger2015UP.png,206ef97b7a8c14e7a8402b68cece353926c37039a6ab58f1d0f603705b4e3ce5,4034
unnamed,rare,icons/rare/ginger-gun-99.webp,https://www.mm2values.com/img/Ginger_gun2015UP.png,bc625cc5336408397f93e6caaf8bc0fadb415b796d141405bd2b7642a3d6f8a6,4600
unnamed,rare,icons/rare/watcher-knife.webp,https://www.mm2values.com/img/Watcher2021KnifeUP.png,b92723e4fc91fa1f848ab67f530a5fc4233e32bd35fbcd66c46820dbe9ec5a36,4264
unnamed,rare,icons/rare/xeno-gun.webp,https://www.mm2values.com/img/XenoGun2025.png,18328a956acfc31292d310d6a4908aa2b19e3ca15173914351fe520bec359fb7,4802
unnamed,rare,icons/rare/hologram-knife.webp,https://www.mm2values.com/img/HologramKnife2025.png,0fc05d965cd24c9d5af72b1f86a93177e37685e87f6a13f70de7ff76266c2f1d,5480
unnamed,rare,icons/rare/starry-knife-556.webp,https://www.mm2values.com/img/Strarryknife.png,3550f8eb550ff8295a4c2d65d2153ab4b22256a6289bca441f1af0b6d3241349,3076
unnamed,rare,icons/rare/gingerbread.webp,https://www.mm2values.com/img/Gingerbread2017UP.png,051bf3a1c8040140949dbd422b730c0f3424c283f740c60cb95b49a28f00c9b1,3108
unnamed,rare,icons/rare/cane-gun-132.webp,https://www.mm2values.com/img/Cane_gun_2018up.png,7835e9f83955f0e91bbfc79542c9a614d673165a90a787b91abfaa1a83723d32,3998
unnamed,rare,icons/rare/pop-art-gun.webp,https://www.mm2values.com/img/PopArtG25.png,5e14f973dd26ed702af138255cdd76bcd42976719cd81d1923056a2b2d363e3a,4570
unnamed,rare,icons/rare/molten-gun.webp,https://www.mm2values.com/img/MoltenGunUP.png,f3fc3fcd3269ad5928119bb0bba8cd9f0b17ff98c7493b21123190ab11a546b3,3350
unnamed,rare,icons/rare/neon-gun-905.webp,https://www.mm2values.com/img/NeonG25.png,770f23342dcf8a600a93ecc8128b40b3f3d890df134eb77a2774a7a8364c2cc3,5068
unnamed,rare,icons/rare/molten-knife.webp,https://www.mm2values.com/img/MoltenKUP.png,afcd06feb7ceff6b72a035404e45287479b1c71423a4ca4ffde235068c3fba08,3424
unnamed,rare,icons/rare/wraith-knife.webp,https://www.mm2values.com/img/Wraith_Knife_2022.png,f1bf57178033d22fee0595259c1289d83d1bb6c3d23d0b8536e0889195e21425,3966
unnamed,rare,icons/rare/pop-art-knife.webp,https://www.mm2values.com/img/PopArtK25.png,65fa5ef0b046737f72c64361ae32648c8fef52d97c4ba8ad7d2ab024e4080212,3992
unnamed,rare,icons/rare/nuclear.png,https://www.mm2values.com/img/nuclear.png,7a58f25a565b20e6f2bfeedafe1aecd7f971a20cdda484f0ea0abf73127bbc55,61370
unnamed,rare,icons/rare/darkgun.webp,https://www.mm2values.com/img/Darkgun_Gun_2023.png,9de948e1536b920e2d807f3f3fb19da6febc8c309ce506088b3b91feecf605aa,3714
unnamed,rare,icons/rare/snowy-106.webp,https://www.mm2values.com/img/Snowy2017UP.png,bf58f49cce14c7c138a1e2a698ce4e8c001f14edf4983b5f64fcd492166efbd6,2788
unnamed,rare,icons/rare/sunny.webp,https://www.mm2values.com/img/SunnyGun2025.png,798ea0d11091f8cb298ac36eada11deebc1622a5c40056747b3a542685c1b9c3,5308
unnamed,rare,icons/rare/icicles-knife.webp,https://www.mm2values.com/img/Icicles_knife2018up.png,ecad28e959a6893a72e4b646b083a0e328fc1625f85a353c12c697fceb9263a2,2742
unnamed,rare,icons/rare/heart.webp,https://www.mm2values.com/img/Heart2023.png,caee094b1850f6c516d9e482dd025b125236d7dc6aee3c968597db3f12fe224b,5872
unnamed,rare,icons/rare/painted-knife.png,https://www.mm2values.com/img/paintedknife.png,51c705d8d5513d7c6fd6f1e547e159cf13754e358610ab2c0bce964e79bae0fa,48359
unnamed,rare,icons/rare/sunset-731.webp,https://www.mm2values.com/img/Sunset_gun.png,18f75e157391dc4b61ba3c407b5df4af5258f5271477330b9d31354afbf72af5,5464
unnamed,rare,icons/rare/candleflame-842.webp,https://www.mm2values.com/img/cf24.png,f89751ca8175b122cee5ede27d7dd17550ba1e9b3261dff29b53cf61d6982501,4480
unnamed,rare,icons/rare/spearmint-knife.webp,https://www.mm2values.com/img/Spearmint_Knife.png,f8fcabb0cdbf0cd50712e584189be946b027e0bbc2eff02b0079f9a51716e81b,5380
unnamed,rare,icons/rare/gingercookie-gun.webp,https://www.mm2values.com/img/Gingercookie_Gun_2025.png,5196ef593b2dc390af1e73e91a9227bbeccd243238f936017a723c6ad60c3b96,13988
unnamed,rare,icons/rare/ghastly-knife.webp,https://www.mm2values.com/img/Ghastlyknife2023UP.png,d31d8da0226b3c8ae8ac5897ac2bb9404f1a056c4e971d6e4819934bfffce088,8150
unnamed,rare,icons/rare/neon-gun-777.webp,https://www.mm2values.com/img/Neongun2023.png,3b836eba618b534c3e41d298bde16cc8c00eb80f98963bede57b1e991d44b650,5506
unnamed,rare,icons/rare/tree-knife-23.webp,https://www.mm2values.com/img/Treeknife2023.png,a4a464a72f896bf62aeded06e8d0b943b465f530f51fc6cd2a9cb51c72126edd,4540
unnamed,rare,icons/rare/logcutter.webp,https://www.mm2values.com/img/Logcutterknife2024.png,96430ab6d665a973cf725196e90ea07ab063329f757e02423eced04f14f4e347,4828
unnamed,rare,icons/rare/frostflame-knife.webp,https://www.mm2values.com/img/Frostflameknife2024.png,4e4a46fdb85f14d9d6228f63a4908d4f0451f941d279a9eaf396099c9581c1cf,4662
unnamed,rare,icons/rare/magma-knife.webp,https://www.mm2values.com/img/MagmaKnife2021.png,0b5b611b393cd1aec07bad2abb073eda5d5c07631193741da21c6d2009d3b65a,3916
unnamed,rare,icons/rare/butterflies.webp,https://www.mm2values.com/img/ButterfliesGun2025.png,9fdf2576c4ff872f40b6adcb369e37e8b5e79bba76356ce17c720be863cd901c,5478
unnamed,rare,icons/rare/nether.webp,https://www.mm2values.com/img/NetherUP.png,699c35d735d6bf58bbd90eb3df94f8d006a0e015e81daefdfbaafa35c8615db0,3866
unnamed,rare,icons/rare/spitfire.webp,https://www.mm2values.com/img/SpitfireUP.png,4f1be6eba5d980eb5f5696220fda19bd4ce9b50c738958164564752d2712c4ea,2676
unnamed,rare,icons/rare/damp.webp,https://www.mm2values.com/img/DampUP.png,9b30e280ec3566a0d36e7aff73bf5e651eda4182caaa315c1f3d41415c0ea348,4480
unnamed,rare,icons/rare/tropical-knife.webp,https://www.mm2values.com/img/TropicalK25.png,2efd3206b8d7658573e42a6f135651a399b23377bf12a0b086af2e42b80b0009,3134
unnamed,rare,icons/rare/gingerbread-gun-2022.webp,https://www.mm2values.com/img/GingerbreadG2022.png,68e2313559b53821ae16b5bb08014c37deeb311d4aa5a1eb3edfd0036b9ff95f,5944
unnamed,rare,icons/rare/tree-knife-2022.webp,https://www.mm2values.com/img/TreeK2022.png,39d1d57f62f382d4332c26d3a3c0664620746db5728699ed3eb8edd1216d66b7,4072
unnamed,rare,icons/rare/hologram-gun.webp,https://www.mm2values.com/img/HologramGun2025.png,6908f566b59a10ec4ecb0f112c0257fa3360224ee1e53b06dc489aa9d4a52a72,6696
unnamed,rare,icons/rare/tree-gun-2022.webp,https://www.mm2values.com/img/TreeG2022.png,676a263ae6c66efebda66f402b3f6b0c3e99e3ffc3b51c661a8851f2698b22d9,5946
unnamed,rare,icons/rare/biogel.png,https://www.mm2values.com/img/biogel.png,9c0c33f12996c6ec4e31098a45aac6e986d006e7c9beec85854024abac900860,53765
unnamed,rare,icons/rare/portal-knife.webp,https://www.mm2values.com/img/PortalKUP.png,a129432893726af6e4030707d72bdbe8775e2fa277dda4e1d5e0a18fd2d623f8,4144
unnamed,rare,icons/rare/yummy-knife.webp,https://www.mm2values.com/img/Yummy_2026.png,f113fcffe1efdcb992c84270a41ca9232d611efab29f1717ad2964717fc6d454,5078
unnamed,rare,icons/rare/heartbreak.webp,https://www.mm2values.com/img/Heartbreak26.png,efeec829b5a315ee8bcc807cfb4d881a84ddb4609e29d5fe11e755c38429e91f,4996
unnamed,rare,icons/rare/snowflake-gun-23.webp,https://www.mm2values.com/img/Snowflake2023gun.png,c729294d8dba7dc51795a7227448e00925c1246c1a67be096d819bae518876fb,7024
unnamed,rare,icons/rare/snowglobe-knife.webp,https://www.mm2values.com/img/Snowglobe2023knife.png,9d99ceaabb2e0236ef0737da0291b9ad94b91e3dd3c2ace3a4ba0db20f33c0fd,5458
unnamed,rare,icons/rare/robot-knife.webp,https://www.mm2values.com/img/Robot.png,fc48095cf48621a1f3bb1c6e861c94273bdc1b6a6a7b27d283ff8e5addd2623d,6572
unnamed,rare,icons/rare/spring-knife.webp,https://www.mm2values.com/img/Spring.png,d11b97e897930d73a7daf31ce9c2979b63d05f65e8ca63616593437a1d72953a,4360
unnamed,rare,icons/rare/ice-camo.webp,https://www.mm2values.com/img/IceCamoGun.png,e6b67a2876074620d0c2db02457401500815e45381001c16ecbb296756b3bdd7,5700
unnamed,rare,icons/rare/storm.webp,https://www.mm2values.com/img/Storm.png,8c0f67f04f62cd47781bd4bd6f41e6ebe13443785c2afaee0258bad100fa3a24,3680
unnamed,rare,icons/rare/curse-knife.webp,https://www.mm2values.com/img/CurseKnife.png,fd210e75b9c5ad521590a7da792071fb96ed826231bc80ee095cff15171ca736,4378
unnamed,rare,icons/rare/wraith-gun.webp,https://www.mm2values.com/img/Wraith_Gun_2022.png,a82e19ef77f2bc02ebfe16965aaf9b4e069b24cfc91e0f860044e1f2870a0f19,5266
unnamed,rare,icons/rare/gingerbread-knife-2022.webp,https://www.mm2values.com/img/GingerbreadK2022.png,eec5672ed11bd266a1e763ea628341d37c49b29361fc2eb248d582261c115ade,4466
unnamed,rare,icons/rare/spearmint-gun.png,https://www.mm2values.com/img/spearmingun.png,1213e55caf15ffc6d85889e27883128f756adffa4eec47d2803add64f75d0f09,12903
unnamed,rare,icons/rare/gingercookie-knife.webp,https://www.mm2values.com/img/Gingercookie_Knife.png,12203dbb526c3cb71f238327c281b4650aa83306eac9db8ca61d3d5664cece17,5590
unnamed,rare,icons/rare/bones-476.webp,https://www.mm2values.com/img/Bones_Knife2020UP.png,8c142ec2e2e83b355cc8fb328da497c51caf0c2f794a6d37a346a4a34229f6b5,3954
unnamed,rare,icons/rare/ghosts-478.webp,https://www.mm2values.com/img/Ghosts_GunUP.png,221da93f2ae83ad6af61f24032c7b111f79de5b00358083815086d8a680c87d1,4994
unnamed,rare,icons/rare/sharkie-knife.webp,https://www.mm2values.com/img/Sharkie.png,be757369296bc9435e3d065b16e7215a57f9ea83a20525467e7795578b3f1bb1,4042
unnamed,rare,icons/rare/kraken.webp,https://www.mm2values.com/img/Kraken.png,87a94e5fbd5a32bfb5e618a24cc56db5efa8b8c847161a92c0615f7554447bc4,4382
unnamed,rare,icons/rare/ritual.webp,https://www.mm2values.com/img/Ritual.png,2849829610635a73cfffb38baebf8ba3f0d58c5cc224403577b3396be1d29776,4760
unnamed,rare,icons/rare/frostflame-gun.webp,https://www.mm2values.com/img/FrostflameGun2024.png,b18d5f0d0dc456d4b15a52b0ebc9edb98735b127a8bccf567a6f0a623a1d1219,6256
unnamed,rare,icons/rare/sleigh.webp,https://www.mm2values.com/img/Sleigh2024.png,90b68bde4aa00b3132d19d7e5f533f2191fabed6a9ecb9ecff60c61367e86cf6,5208
unnamed,rare,icons/rare/black.webp,https://www.mm2values.com/img/BlackUP.png,75c93e19e6a63c4068cf3faf771a9fdf7963841e78368c07ed8434b3bc79bd25,1972
unnamed,rare,icons/rare/galaxy.webp,https://www.mm2values.com/img/GalaxyUP.png,c677af3b6f5cb9ea2c17114b3ad57a3d802c2da3cc3d8a3a68f40c3e8b288498,3354
unnamed,rare,icons/rare/rainbow-111.webp,https://www.mm2values.com/img/RainbowKup.png,3b17dc071fd53f0fa8a77560d0b610bdb0c34aabc311f05f1cfa64d2aaf9e4f1,3426
unnamed,rare,icons/rare/imbued.webp,https://www.mm2values.com/img/ImbuedGunUP.png,5b58415e928c80b4dfde8dee29c715105e4b63d7f62231ef7982eda95cf8be2b,3152
unnamed,rare,icons/rare/galactic.webp,https://www.mm2values.com/img/GalacticUP.png,3ac16bb554dbe6a750d7e05f58394d6d861a070531b9765a9b3e317db9793cae,4554
unnamed,rare,icons/rare/krypto.webp,https://www.mm2values.com/img/KryptoKnifeUP.png,b58dd2cd8898806a2e9275728476eb3ee1892e4d1e09e3145c0b9ba38ed3ff96,3622
unnamed,rare,icons/rare/spectrum.webp,https://www.mm2values.com/img/SpectrumUP.png,6f4c3dfbca53d2443a9002c98f8e1592eeb973f33fee54995ed69862ecf6a76d,4878
unnamed,rare,icons/rare/irevolver.webp,https://www.mm2values.com/img/IRevolverIUP.png,faa7147b536d2ccf5b811707d598ab814165c6195d405aa48f60e37187f18ba3,3366
unnamed,rare,icons/rare/hacker.webp,https://www.mm2values.com/img/HackerUP.png,b43631f472839df71ba9902735185b67b4b90f02bf5d74bd081f68600af8be1b,3644
unnamed,rare,icons/rare/nova.webp,https://www.mm2values.com/img/NovaUP.png,3a47e617f0ec71a191a9b1dfed21a2fd8ba30243a560fab1c0f11ce238e8d80a,2506
unnamed,rare,icons/rare/vortex.webp,https://www.mm2values.com/img/VortexUP.png,ee628bf243e335dd56300aae364594bb03140e11fa37a61a8874b8f4bffc60d0,2800
unnamed,rare,icons/rare/ace.webp,https://www.mm2values.com/img/AceUP.png,36aa78de1ff09b32d1852ef12eec322ded6a8d337dacf7789624a7aae907f292,3056
unnamed,rare,icons/rare/bacon.webp,https://www.mm2values.com/img/BaconUP.png,83b8c84b4d82478845b9d6cee1ffac3176a2a2075f5960908a25e4365b8aa9c3,4128
unnamed,rare,icons/rare/korblox.webp,https://www.mm2values.com/img/KorbloxKnifeUp.png,238d16c1ea2548aeb476ba9846d41136da78d2a49deb4449fbccf3384557cc9a,3004
unnamed,rare,icons/rare/squire.webp,https://www.mm2values.com/img/SquireUp.png,fdb55cac2d44aa4491187ffc4d4b14865c95efacbe3630aa2cda9605f66eda7d,2222
unnamed,rare,icons/rare/abstract.webp,https://www.mm2values.com/img/Abstract_UP.png,1c01134c3e4440ac7e81245ff1503c4b970ceaa93c261ea26ec40c7bfe6dc2da,3446
unnamed,rare,icons/rare/musical.webp,https://www.mm2values.com/img/MusicalUP.png,cf0022c506c3121a8bf400c6b90205c2cd82260e27c920cc14e83b7812798506,2792
unnamed,rare,icons/rare/purple.webp,https://www.mm2values.com/img/PurpleUP.png,d7ebf59e80ee21a9ee0ae522d43d4387a992aaed1f0164b9750b3a5d0734a7f9,2294
unnamed,rare,icons/rare/rainbow-gun-443.webp,https://www.mm2values.com/img/RainbowgunUP.png,9d2b6e170b48eabd9845a2009c79ebca9d27d8fc832973843492155da6a4f638,5828
unnamed,rare,icons/rare/space.webp,https://www.mm2values.com/img/SpaceUP.png,9530e288680e1f03dfa34207382beb0f41c79aee283a5030984ec8fd81a888a0,3502
unnamed,rare,icons/rare/deep-sea.webp,https://www.mm2values.com/img/DeepSeaUp.png,c085bfacced577f01822d7ed22d53404165154381c1e7141fc60b2837b333b03,3376
unnamed,rare,icons/rare/nightfire.webp,https://www.mm2values.com/img/NightfireUp.png,8d4dd2a77e9ba483caa17f9fecf2fa393ede60d9e4cc21111544152d4568c234,4538
unnamed,rare,icons/rare/waves-knife.webp,https://www.mm2values.com/img/Waves24.png,db1cacfc7f9c402d95832c05e6f4a8599ba2aa7a30bd543e4abcd41e83cd788d,4728
unnamed,rare,icons/rare/floral-gun.webp,https://www.mm2values.com/img/Floragun.png,be94055009a272e7e459980d13e2c9b49320252bd798d6c65f3b4fcd2604bbd3,7028
unnamed,rare,icons/rare/sunset-gun.webp,https://www.mm2values.com/img/SunsetGun2026.png,843b342628fd8676753231cfb0a4a073511b801926056a03ca2476082bd6feee,5826
unnamed,rare,icons/rare/pier.webp,https://www.mm2values.com/img/Pier2026.png,9ea116157039944522c7036ff6c2d03e45ef466fc1023ef61b6ca7dd67d4a22d,5474
unnamed,uncommon,icons/uncommon/bones-gun.png,https://www.mm2values.com/img/bonesgun.png,d22e841d5910076daede32ce94f45502359a7c8ea5eef50e84dc5a2dc7f04dd0,23884
unnamed,uncommon,icons/uncommon/brains-2019.png,https://www.mm2values.com/img/2019brains.png,c6edf3c38b6f028b2a418c1191e9f31891df7c9991a2ee756edb151a904af5ec,22457
unnamed,uncommon,icons/uncommon/zombified-knife.png,https://www.mm2values.com/img/zombifiedknife.png,e3e6e69f82331aed7f958ddc8af669c4c2ffbad56f2d7a2ca45495ac8aa82af7,22069
unnamed,uncommon,icons/uncommon/gingerbread-knife-388.png,https://www.mm2values.com/img/2019gbknife.png,ad188c2b9f66be102ada5b780b8d0e9cc8b8e1d48714221a8b1585a4e41ef958,22703
unnamed,uncommon,icons/uncommon/sweater-knife-193.webp,https://www.mm2values.com/img/Sweater_knife2018UP.png,e1eabfe4982fdc7c69933c8f03efee91c0a85900f75b0fcfb78f927bf002ba5a,3524
unnamed,uncommon,icons/uncommon/branches.png,https://www.mm2values.com/img/branches.png,074e411c097d7c961b03c28a28b02c36a4cc989680a13d57ee71ae2f75baae67,22156
unnamed,uncommon,icons/uncommon/snowflake-knife.webp,https://www.mm2values.com/img/Snowflake_knife_2018up.png,9f7a0b769a969aaf8972810263cbd5f18cafe65135dcd24660c750af57a80f6e,3098
unnamed,uncommon,icons/uncommon/zombifiedgun.png,https://www.mm2values.com/img/zombifiedgun.png,b8f52b0b8cf7867b7b587e6fabfde3c2f74859b5656c3fdee856f4d425c45bc0,23199
unnamed,uncommon,icons/uncommon/skulls-607.webp,https://www.mm2values.com/img/Skulls2021UP.png,94c13a6c09c09726d999e16d1e6ff6470b92be89916bd8f837dc5f6f90af7285,10314
unnamed,uncommon,icons/uncommon/void.webp,https://www.mm2values.com/img/Void.png,d9b22d282a507c650ad8d66a46d01dd85675bf4256d7188b910e410c85156127,8178
unnamed,uncommon,icons/uncommon/gothic-gun.webp,https://www.mm2values.com/img/GothicGun.png,626003d79906b10b2e5af0d4cd3f3514444851d5114b653de0cd638d2c009ca8,8416
unnamed,uncommon,icons/uncommon/steel-gun.webp,https://www.mm2values.com/img/Steel_Gun_2023.png,4cda34dd7fcd483696cfb39b5e12b13f6c3641cc154cd31d1fae2f308026d6d7,4610
unnamed,uncommon,icons/uncommon/zombie-608.webp,https://www.mm2values.com/img/Zombie2021.png,62be8fe94694b9c2e079e85daf339826486438b5c3674814c13385f4dde3c7c0,7022
unnamed,uncommon,icons/uncommon/mummy-knife-181.webp,https://www.mm2values.com/img/Mummy_Knife2017UP.png,d0e9eeb8651b7f3e18fc9cf4e19376e0346892c886729fb0db0398dcb34f2cb3,3780
unnamed,uncommon,icons/uncommon/wrap-gun.webp,https://www.mm2values.com/img/wrapgun2020.png,305e30f99f9b5f4f8e80702e5bbc3a1c8349bb7eea4e4a58226e1b62d257f9eb,14054
unnamed,uncommon,icons/uncommon/zombie-gun.webp,https://www.mm2values.com/img/ZombieGun2018UP.png,1ead8095124e7454b4595a27643a950fdaa2fce696e304eaebfc5d4c284ad252,3534
unnamed,uncommon,icons/uncommon/frozen-gun-598.png,https://www.mm2values.com/img/frozengun.png,4793fb1194029021ffb5c07b2fc92594bcb2337ab2ab52f854b1dc8e93e7b96e,72383
unnamed,uncommon,icons/uncommon/mummy-gun.webp,https://www.mm2values.com/img/MummyG2018UP.png,ceaf657b58989554c88455f17d1ddef0a5a582e2607e2718d26bde6b73a7e0cd,4398
unnamed,uncommon,icons/uncommon/potion-knife.webp,https://www.mm2values.com/img/PotionKnife_2018UP.png,577c39c0efe89606517ed7cb74fb495c5e46b51e36f2605822b67ee67e6263b4,2476
unnamed,uncommon,icons/uncommon/wrap-knife.webp,https://www.mm2values.com/img/wrapknife2020.png,965f2dbff6907ca9e0988cffc76a604d8fec1dbd6980ef435ac2126baaf6c38c,9882
unnamed,uncommon,icons/uncommon/snowman-gun-563.webp,https://www.mm2values.com/img/SnowmanGun2021.png,47a7ce3cb13d3087d59d634d3514527ea8fa79652459f801177da8fc762101a8,3892
unnamed,uncommon,icons/uncommon/gingerbread-gun-387.png,https://www.mm2values.com/img/2019gbgun.png,55054f5d24b60856007fdc89369ccc8519d522ae4d9c99ce44f8fa26a44e3512,23689
unnamed,uncommon,icons/uncommon/wolf.webp,https://www.mm2values.com/img/Wolf2016UP.png,7fa887ea2a60ad25f5265ec5c7761937800cb0397d132ecc8f417c634381e91d,1744
unnamed,uncommon,icons/uncommon/gingerbread-knife-537.webp,https://www.mm2values.com/img/Gingerbreadknife2020.png,ca4d0aa7502f0afd5e2df40ac209a0dc6a85463312bcde10c4daf36a7143e275,11326
unnamed,uncommon,icons/uncommon/tree-knife-562.webp,https://www.mm2values.com/img/TreeKnife2021.png,d66b78c97e833d85484e352856f1c3b47a3bc44891f0080321f603101a34c28c,3578
unnamed,uncommon,icons/uncommon/hazard-gun.webp,https://www.mm2values.com/img/Hazard_Gun_2022.png,ca5cbecef87e7fdb605394212e749065a19b3778df8f2db92fedb572d8a97cbf,5250
unnamed,uncommon,icons/uncommon/lights-gun-402.png,https://www.mm2values.com/img/lightsgun.png,8efff8ff525626b68a40825c9f47f3f11279de2edabec767b97ea597b50e6858,23383
unnamed,uncommon,icons/uncommon/moons-148.webp,https://www.mm2values.com/img/moons2016UP.png,227faaa58f555604a142c308d5e9862811371dc8da66311ad863861db328590c,2594
unnamed,uncommon,icons/uncommon/potion.webp,https://www.mm2values.com/img/Potion2017UP.png,9850139e448578bf644ef4f72f141581f8c5260ace62859ca17f84baf6fffe31,3066
unnamed,uncommon,icons/uncommon/webs.webp,https://www.mm2values.com/img/Webs2017UP.png,00923e93bdcbf63e02ab761f7ffe4ec877c63461ea45a49d17a05c9baff8b7cc,2732
unnamed,uncommon,icons/uncommon/holly-gun.webp,https://www.mm2values.com/img/Holly_gun2018UP.png,dcf5b9f6f0eac00d3da54b0fd5004259370a25c4d0cb19a4c073514fc3ddd025,2904
unnamed,uncommon,icons/uncommon/frozen-knife-610.webp,https://www.mm2values.com/img/FrozenKnife.png,596ac04b97ded475bc89e1a85edd1e880fa3a766358835f47be0e95788fd31f9,6814
unnamed,uncommon,icons/uncommon/vampire.webp,https://www.mm2values.com/img/vampire2016UP.png,9af94f6f5e849caf30bd83bd7dbd3c16c7e257024accf0b97e0858cc2a29354b,3264
unnamed,uncommon,icons/uncommon/lights-knife-403.png,https://www.mm2values.com/img/lightsknife.png,faa7339e51d8d109f3892e567862d8182273319052ef1fe00fda27af8e1bc5ef,22290
unnamed,uncommon,icons/uncommon/zombie-knife-191.webp,https://www.mm2values.com/img/ZombieKnife2018UP.png,6aeaea3e8017d63da049c861759d1bfdf60e612892312843633cbff80e91be3f,3026
unnamed,uncommon,icons/uncommon/potion-gun.webp,https://www.mm2values.com/img/PotionGun2018UP.png,7e94763fbf2e1d555959cd50b0d624dfc63328bc1d1df1e7865d07034b1130cf,5282
unnamed,uncommon,icons/uncommon/gifted.png,https://www.mm2values.com/img/gifted.png,d2fa7446f1409c62af06eb4d1808b374854dd851b7b313440f8d298af1d86426,24757
unnamed,uncommon,icons/uncommon/snowman-knife-140.webp,https://www.mm2values.com/img/snowman2015UP.png,24b66e56f3d4782ba9c1aa7b5b348f719c9b575ba2cb01cd9bf9a89ad3a64dd3,3746
unnamed,uncommon,icons/uncommon/snowman-gun-141.webp,https://www.mm2values.com/img/SnowmanGun2015UP.png,efc430ac8df813d7912d41c0c9edb89ab347eab8bd8e47597b7c5ab077f430f2,4144
unnamed,uncommon,icons/uncommon/snowy-142.webp,https://www.mm2values.com/img/snowy2015UP.png,f1e0349299fc59d082e5ca8aeccc18ecf6a0ec71d2b56c3ad78bc5b23f5dcaaa,3870
unnamed,uncommon,icons/uncommon/nutcracker.webp,https://www.mm2values.com/img/Nutcracker2015UP.png,637f952aae214533582041b788d78d4fbd16882bd96102220e51724a17f7c1d8,4420
unnamed,uncommon,icons/uncommon/wrapped-knife-144.webp,https://www.mm2values.com/img/wrapped2015UP.png,f0583a6b9373037ae896f22b1d5ab1ff3e5e02cf8cf7f540d6474ae5a3e228d4,4010
unnamed,uncommon,icons/uncommon/wrapped-gun-145.webp,https://www.mm2values.com/img/Wrappedgun2015UP.png,ad2f2a1595dcd5943b5509d33b3dce6b282d7b55f7c6eb3a176ef10dfdb0043a,4556
unnamed,uncommon,icons/uncommon/mummy-knife-190.webp,https://www.mm2values.com/img/Mummy_2018UP.png,34a7319e8c589a43903830da78266c38d177fdda9c3caf959ab5cd600e38fe61,3818
unnamed,uncommon,icons/uncommon/wraiths-knife.webp,https://www.mm2values.com/img/WraithsKnife.png,bd81c3389f6ad153a685e7012f302295776de09c2b271d538d0a411650fde227,7120
unnamed,uncommon,icons/uncommon/eyes.webp,https://www.mm2values.com/img/EyesGun2025.png,9e23a2943e0c9afb432a020f30fb4fb25ae702294e48110ac832585d9c67f2f7,4148
unnamed,uncommon,icons/uncommon/treats-gun.webp,https://www.mm2values.com/img/TreatsGun2025.png,71ce88f9dca253d20bb54b958935c63c2a85b8d56b62fa6771ac9d8ce1f9fdc9,5810
unnamed,uncommon,icons/uncommon/pumpkin-938.webp,https://www.mm2values.com/img/PumpinKnife2025.png,71a0218ba761b384215fa7ffe9ee3ed30176404870c6497568376cb8d85153fc,4450
unnamed,uncommon,icons/uncommon/moonlight-gun.webp,https://www.mm2values.com/img/Moonlight_Gun_2022.png,2e16e678881f677dae6c31faf2cbcecc5ac35a45eb141f6e89782d8b16ca2832,4086
unnamed,uncommon,icons/uncommon/lantern-knife.webp,https://www.mm2values.com/img/Lantern_Knife_2022.png,9baa613b5d0e577d427d4e43135857048d79799a313d6aa4a65f35e08092ae08,4462
unnamed,uncommon,icons/uncommon/lava-gun.webp,https://www.mm2values.com/img/LavaG25.png,bec243edc88041899993d8695d22fcfc69788d2aebb951bd98beb0793e6473c7,3932
unnamed,uncommon,icons/uncommon/retro-knife.webp,https://www.mm2values.com/img/RetroK25.png,0a94f0e0a18cc23466e0613953fff3a264437f9cc1c567602e544cd2f5690c6e,3640
unnamed,uncommon,icons/uncommon/soda-knife.webp,https://www.mm2values.com/img/SodaK25.png,8b3e56fcb3bb2d04ce51bd7234c9931690910ec42cdfb96d7084c6837b095414,3412
unnamed,uncommon,icons/uncommon/lava-knife.webp,https://www.mm2values.com/img/LavaK25.png,53946a5cbbf4c31143114fde93cfef40d2cd1e54ce3ecfb150e704a426fc0f6e,2808
unnamed,uncommon,icons/uncommon/soda-gun.webp,https://www.mm2values.com/img/SodaG25.png,16d013ffc4b76983ea9b59aa3c38b504254cc9c068eaf53ca426c3d1f6e4c3ce,4012
unnamed,uncommon,icons/uncommon/treats-knife.webp,https://www.mm2values.com/img/TreatsKnife2025.png,2a67af2a848ff7516e88cb268e3fa5a3c71f5eac965d5a1aed69420be1fc7b67,4910
unnamed,uncommon,icons/uncommon/pumpkin-patch-947.webp,https://www.mm2values.com/img/PumpkinPatchGun2025.png,7f159f0a2e59db8719b067e8428eb16ebd4c86242f2b7d5a200ecf03d47895c4,4854
unnamed,uncommon,icons/uncommon/abduction.webp,https://www.mm2values.com/img/AbductionKnife2025.png,4340ca036795fdcc7c95a320722d1904a31a2ad0639a646fe9b34fbef8961a5f,3736
unnamed,uncommon,icons/uncommon/tree.webp,https://www.mm2values.com/img/Tree2017UP.png,57c80bf17f431f783434069d48bf099d91ef589b6e7e5252547105890cdde136,2844
unnamed,uncommon,icons/uncommon/pumpkin-pie.png,https://www.mm2values.com/img/PumpkinPie.png,c185d2131907c3de00ab7e56da8a477cad67a220f488aee47422d525aa0b9605,60470
unnamed,uncommon,icons/uncommon/gingerbread-gun-546.webp,https://www.mm2values.com/img/GingerbreadGun2020.png,c76cf72b63b531d9231b4de71619b0c82442a4c6ea75335b3ff6d9e0ada0e588,12808
unnamed,uncommon,icons/uncommon/frosty.webp,https://www.mm2values.com/img/Frosty2017UP.png,8c25af6375faff15a09f709337b4e9b5491f4fa57cf973d9f811da7be5206179,2948
unnamed,uncommon,icons/uncommon/snowflake-gun.png,https://www.mm2values.com/img/snowflakeg19.png,0078dfc7aab5c966e1a50f1e6dfea3fbf2b786450d4ce5047ed28cb820a87cc6,20673
unnamed,uncommon,icons/uncommon/zombie-knife-759.webp,https://www.mm2values.com/img/Zombie_Knife_2023.png,b52be9720e245e86a2e031d2d999a0ffccfa313806f94404c670bf46487a8bc8,3620
unnamed,uncommon,icons/uncommon/cookie-knife.webp,https://www.mm2values.com/img/Cookieknife2021.png,7d5600a4e203b8e98bca13d57f7bdc7ac8c17f5992dcb1fe86670c43077cf479,3140
unnamed,uncommon,icons/uncommon/polar-bear-knife.webp,https://www.mm2values.com/img/Polar_Bear_2025.png,ffa4facb43b6fc881c31188427cbdf2c9ae92021f6e9f28829b17db14a4fbac2,5996
unnamed,uncommon,icons/uncommon/stars-knife.webp,https://www.mm2values.com/img/Starsknife2023.png,f055c279428546a5161b3671390f6b72d4aa7c6e6763c3209e4999efe5d0f46a,2726
unnamed,uncommon,icons/uncommon/gothic-knife.webp,https://www.mm2values.com/img/gothicknife.png,d52db1573874cad3faf1eaef6e799ee7be4b7803e216d3bf955ee9bd40767f29,7428
unnamed,uncommon,icons/uncommon/wraiths-gun.webp,https://www.mm2values.com/img/WraithsGun.png,cc876b5abfdf0a636fe4e1c8831e465fe910d09034f9dc329f91683f710b0361,9306
unnamed,uncommon,icons/uncommon/pool-knife.webp,https://www.mm2values.com/img/PoolK25.png,edc5d3b1722dfab1dd67caf1ad3ee5320d099351d116f1e681c54c1b53e27784,3536
unnamed,uncommon,icons/uncommon/sweater.webp,https://www.mm2values.com/img/Sweater2017UP.png,be433eec6b6c5dbee9a712889c7bdbe9030b1c8acc6a6a4d2d2f361840828476,3298
unnamed,uncommon,icons/uncommon/rose.webp,https://www.mm2values.com/img/Rose2023.png,8262f84f87bbd320b8a20742324eeacc5365e440bdac6be5a163d01364b07682,5876
unnamed,uncommon,icons/uncommon/sweater-gun-196.webp,https://www.mm2values.com/img/Sweater_2018up.png,5fa0209ca72e29d26fa1ed0b4d35f4f42dae6eb6e7c2920f112c9e7aff755ecb,3710
unnamed,uncommon,icons/uncommon/holly-knife.webp,https://www.mm2values.com/img/Holly2018UP.png,7eb2e23539f104b85580a005e50b98645d9b5a8ce43c8b69c8c6923ec2b8e8ca,2640
unnamed,uncommon,icons/uncommon/gingerbread-gun-977.webp,https://www.mm2values.com/img/Gingerbread_2025.png,93f1323d93d6d7eab50de45668d3d75f1db48ca5ac19bad2682d7fe0073b8369,6724
unnamed,uncommon,icons/uncommon/sweater-knife-978.webp,https://www.mm2values.com/img/Sweater_Knife_2025.png,928da24ff0eda8699c2c8be94dd9e34efadfd3162a4b650fb3f65cb219ff15b5,5778
unnamed,uncommon,icons/uncommon/melon-733.webp,https://www.mm2values.com/img/Melon_gun.png,4a05a849e2d91aa0f1127cd6bebffd339ededd498ab1ff57950be466fa2e2993,6122
unnamed,uncommon,icons/uncommon/pool-noodle.webp,https://www.mm2values.com/img/Pool_Noodle_knife.png,8eeaa19b3647ad042c8367e372bbadb6b6993d63241b793a0a658b5a9ebacd1b,4446
unnamed,uncommon,icons/uncommon/meltdown.webp,https://www.mm2values.com/img/Meltdown_Knife_2023.png,8d45e27e569330d47b60a3e8cfbfb8d8419eba98cdfcf7eb79c9df10c4f67ab0,4374
unnamed,uncommon,icons/uncommon/snowman-gun-23.webp,https://www.mm2values.com/img/Snowmangun2023.png,4c25fe9fea0d110b487d2501db6ea8f714f6f942881b249e2b949231b281fb43,6584
unnamed,uncommon,icons/uncommon/fireplace.webp,https://www.mm2values.com/img/Fireplace2023.png,691ae290dcc6e36c9371a31da0c80a7d9e333e2b6a8f89e291d7e3194ab5908b,5018
unnamed,uncommon,icons/uncommon/canes-gun.webp,https://www.mm2values.com/img/Canesgun2023.png,cf0b0b10742476fd606b5b40e8ae0a5689281eb90b100fb4ddf23e9d844119c2,2332
unnamed,uncommon,icons/uncommon/stars-gun.webp,https://www.mm2values.com/img/Stars2023gun.png,22cdf4a1236867c52839d717c50421d0c588e74bce8aa66aef2945b16d110933,6100
unnamed,uncommon,icons/uncommon/forrest-gun.webp,https://www.mm2values.com/img/Forestgun2024.png,5ed15700f24e90446aaa77def7cf0040b405da4352bdfb220df6f9809423f239,6512
unnamed,uncommon,icons/uncommon/gingerheart.webp,https://www.mm2values.com/img/Gingerheartknife2024.png,8a2a8cfcd4673e945bdeeea3d91df9526316043738b9e2eff984da13909931da,5318
unnamed,uncommon,icons/uncommon/wrapped-gun-24.webp,https://www.mm2values.com/img/Wrappedgunxmas2024.png,6a7f483fe447a84b77f748d4ccd10fa10a606182ec0de89335c141c2e2634af3,6066
unnamed,uncommon,icons/uncommon/night.png,https://www.mm2values.com/img/night.png,51192da905a4e5bd2349e57c6041d1d7184ec1b82b88612571fc36b97dbcf616,20883
unnamed,uncommon,icons/uncommon/future.png,https://www.mm2values.com/img/future.png,c1900bfe632d20601c142987b24668ec418c678613b4ed002c40053a18dcb2b0,22537
unnamed,uncommon,icons/uncommon/checkers.png,https://www.mm2values.com/img/checker.png,86b2f10c5674b43b78e78390bbe38ece93ff804f5b00658979fd55c268cb58b7,24391
unnamed,uncommon,icons/uncommon/donut.png,https://www.mm2values.com/img/donut.png,9f537899b324064bec51bf4e5cd876759c3f4985b63ae08040e92b9bff7edd07,21747
unnamed,uncommon,icons/uncommon/stockings-2022.webp,https://www.mm2values.com/img/StockingsK2022.png,ba05e138cff352fd7eb10853855b28cf11bfe145998ee97901a512d60737dfe0,4528
unnamed,uncommon,icons/uncommon/mistletoe-gun.webp,https://www.mm2values.com/img/MistletoeGun.png,22c6d91d7731b5f2d8032dcb232913517cb48635661d8439e58bcdf38ec55bf0,5050
unnamed,uncommon,icons/uncommon/snowflake-knife-2022.webp,https://www.mm2values.com/img/SnowflakeKnife22.png,a214e51f8a655d7745d7a0bb9cbf0602a6ab4aea17e546e923bb69b276f1023d,4648
unnamed,uncommon,icons/uncommon/gingerbread-knife-969.webp,https://www.mm2values.com/img/Gingermint_Knife_2025.png,fb32aa3abf5db003fc37d9da5d8a9bb6f1567cad53e6952f5e3baacc75520c66,4932
unnamed,uncommon,icons/uncommon/ornaments-knife-970.webp,https://www.mm2values.com/img/Ornaments_Knife_2025.png,285893d143b5bafd92d53351d0e32bd424e6cbd178a5d2b53eb8e38a504053e5,11664
unnamed,uncommon,icons/uncommon/sweater-gun-971.webp,https://www.mm2values.com/img/Sweater_Gun_2025.png,53fdb2ce3fc7124bb8970e4271460ceac9c9c9d23caefbe3828dc35e2585d503,12332
unnamed,uncommon,icons/uncommon/carrot-723.png,https://www.mm2values.com/img/carrot23.png,da3b6d4626fec5f3be3addeeaebcfb7c0bf1da6c71d83a53807bb70fe6e477e2,39213
unnamed,uncommon,icons/uncommon/paws-gun.webp,https://www.mm2values.com/img/Paws_2026.png,d633b358ea951f29f0294b58302aa4f344232f12569063c9afd540db864423ff,4850
unnamed,uncommon,icons/uncommon/blossom-knife.webp,https://www.mm2values.com/img/Blossom_2026.png,61b261d787d15bceff389070381b19d1502beea73e19cfa06f55bdec2d7fe587,3800
unnamed,uncommon,icons/uncommon/starry-knife-998.webp,https://www.mm2values.com/img/Starryknife26.png,4215b0deb11c0eaae1a669fca0eaabd7f699fb048f60f8f2108023e1ae26eff3,4852
unnamed,uncommon,icons/uncommon/bones-848.webp,https://www.mm2values.com/img/Bones2024.png,d3bced182c4becb35a0f9ec05478ccddf37ac47f9ff78e696a3ebbc751380f1f,3796
unnamed,uncommon,icons/uncommon/mistletoe-knife.webp,https://www.mm2values.com/img/MistletoeKnife.png,191ce45922a5909375ed690c74021be2eb779a6d706197f8a06d48f07b195081,4116
unnamed,uncommon,icons/uncommon/canes-knife.webp,https://www.mm2values.com/img/Canesknife2023.png,15f0cba09bae2e3e4b89cff61faecc98c8f371fece65c888ce7c8d813764e164,6350
unnamed,uncommon,icons/uncommon/cookie-gun.webp,https://www.mm2values.com/img/CookieGun2021.png,9babb69630bb3a4a129569614fdb44ef66fca9423893040e7f01d33bb3c0b88d,4360
unnamed,uncommon,icons/uncommon/monster-838.webp,https://www.mm2values.com/img/Monster.png,37b972896153ea1830f62b3755681594a02ebf6996d8faaa39a1e3f52a6ef939,3492
unnamed,uncommon,icons/uncommon/moons-839.webp,https://www.mm2values.com/img/Moons24.png,fbb2db48c41931ebfbeca6d1ca9f047b6b9dff5dc7def64d6ff684cdbb540bb6,3170
unnamed,uncommon,icons/uncommon/clown-840.webp,https://www.mm2values.com/img/Clown2024.png,85f8838c1302cdc34155d45bdd7560d9071359ac6091cd9cc03d2789e8017097,4112
unnamed,uncommon,icons/uncommon/wrapped-knife-24.webp,https://www.mm2values.com/img/WrappedKnife2024.png,1cc4c06baa29f0f7bc642a2e68a1ef2c9d204155427c1b6e4ca591c72f579dcc,4820
unnamed,uncommon,icons/uncommon/wreaths-2024.webp,https://www.mm2values.com/img/Wreaths2024.png,7a126af0708e1a403e97f9430cc7e221567b24d6cdd6bf2df8351c4575f33584,4524
unnamed,uncommon,icons/uncommon/decorated.webp,https://www.mm2values.com/img/DecoratedKnife2025.png,cd1fa37338ff330112a4defda16cd6a04645546d1e9e2b3f771720e17500e384,4228
unnamed,uncommon,icons/uncommon/meadow.webp,https://www.mm2values.com/img/MeadowGun2025.png,0be49831f28b37b6beadfeb9913c5bc6ab5de78dc4482c7d87c554f4f4360508,5606
unnamed,uncommon,icons/uncommon/stockings-gun-2022.webp,https://www.mm2values.com/img/StockingsG2022.png,7d37797ba536cb91c84445c54ac3d859e8d8bbddd9eba5b9ceef81daeda40ead,6004
unnamed,uncommon,icons/uncommon/snowflake-gun-2022.webp,https://www.mm2values.com/img/SnowflakeGun.png,37650b4567aba4790f185e473f271bfb391a039e0c7a90b7da3d4422e4a7d439,6380
unnamed,uncommon,icons/uncommon/marble.png,https://www.mm2values.com/img/marbleknife23.png,fcf87857cd05e6e02f6a762a3276eb088bf04840e7b0d1df5de14d87e569902d,48424
unnamed,uncommon,icons/uncommon/painted-gun.png,https://www.mm2values.com/img/painted.png,81a75e0cac2ed72009fd7b13b7b63aace1c98d6ae111c57d6940fd250131099c,65982
unnamed,uncommon,icons/uncommon/popsicle.webp,https://www.mm2values.com/img/Popsicle_knife.png,997c99fc9d116c1c5e6ba44de3296047fbe08e9fd8f49a661ce49610b3502c1b,4012
unnamed,uncommon,icons/uncommon/steel-knife.webp,https://www.mm2values.com/img/Steel.png,fb85682cd51fce917b87111466970b343f116fd6e610ec26f4df5dd5cdc192ee,3406
unnamed,uncommon,icons/uncommon/glowy.webp,https://www.mm2values.com/img/Glowy.png,020a9eb27d38e379666df36494d40d79f56006bcf014fbb5a7b261e7e2040bc0,4236
unnamed,uncommon,icons/uncommon/eclipse.webp,https://www.mm2values.com/img/Eclipse.png,333ca071c8a9fa9e9332078a58334fbdca33f65a628c7eba2d3da8a1302d450d,3378
unnamed,uncommon,icons/uncommon/carrot-knife.webp,https://www.mm2values.com/img/Carrotknife24.png,1c2c1f0a54a0d370b8f7a7ae5b3dbaf57c9fb1d624b5c3979a8b290ba02ee1c5,4562
unnamed,uncommon,icons/uncommon/carrot-gun.webp,https://www.mm2values.com/img/Carrot_gun.png,b339775951134d2e4b02161760e0a17f99c75a12c7b294bb1224d4f7d5ad8899,6218
unnamed,uncommon,icons/uncommon/snowman-knife-552.webp,https://www.mm2values.com/img/snowmanknife2021.png,2119b2bdf5f46066cd31d6e237495ec50633dd8cd8c9ef66348015f07c2c4d32,2988
unnamed,uncommon,icons/uncommon/gingerbread-gun-553.webp,https://www.mm2values.com/img/GingerbreadGun2021.png,0a00b316b7681cb20d5d4792bd14b5f34eb3e40d059d46f6e77f5e8c1c867f49,5000
unnamed,uncommon,icons/uncommon/pumpkin-602.webp,https://www.mm2values.com/img/Pumpkinknife2020.png,f20fcbe87ba1c9097eae77aef1d09cb370f67593cf62fd2e07e37888f6246185,3006
unnamed,uncommon,icons/uncommon/fall-camo.webp,https://www.mm2values.com/img/FallCamoGun.png,76363a30278266213328fe00ad063dd09d46195eb955c6467a3dfc2b1137c804,11558
unnamed,uncommon,icons/uncommon/snowman-knife-24.webp,https://www.mm2values.com/img/Snowmanknife2024.png,a5e2522da7aa1a36a0394b309a966d4ab4415a5d53ee242fc60b43060837ec1a,4602
unnamed,uncommon,icons/uncommon/brains-gun.webp,https://www.mm2values.com/img/Brains_Gun_2022.png,c7ecff7543f006e00d07002bdfe6a9d5453f9c3de657900934649190c15e47ad,5248
unnamed,uncommon,icons/uncommon/ghostly.webp,https://www.mm2values.com/img/GhostlyKnife.png,0680241534655d3e002349d7e4651e35291c4ba97138c339be47f61a568eeb9a,7570
unnamed,uncommon,icons/uncommon/hazard-knife.webp,https://www.mm2values.com/img/Hazard_Knife_2022.png,8291a141b56600e496be7c99b7bb59e8f1c491154e4ce4e3e6c83de7a0bde981,3596
unnamed,uncommon,icons/uncommon/witchbrew.webp,https://www.mm2values.com/img/Witchbrew.png,03a41f069fcf5706cf3335c6475a61d907b3daf3b696b3767aaacec43369186f,3414
unnamed,uncommon,icons/uncommon/mummy-knife-2020.webp,https://www.mm2values.com/img/MummyK2020UP.png,6e54cd173f445df734a5eaeeb959b594a9c4e2d7d30e747a4a7548806291b40c,12640
unnamed,uncommon,icons/uncommon/mummy-gun-2020.webp,https://www.mm2values.com/img/Mummygun2020UP.png,78131d34f06436929450400eb04806d01149d52b1d4f76483d69c39ccfc30f7f,16840
unnamed,uncommon,icons/uncommon/portal-gun.webp,https://www.mm2values.com/img/PortalGun2020UP.png,4969c746e8c1c4657d7dc01cac089c8e7a679339e73424086c52d92efb969fab,14446
unnamed,uncommon,icons/uncommon/ghosts-knife-2020.webp,https://www.mm2values.com/img/Ghosts2020UP.png,7ed3635508c64d815377b4940f4b82ecb8faf2de0bddb94fcc7a3e4860333f2e,8732
unnamed,uncommon,icons/uncommon/floatie.webp,https://www.mm2values.com/img/Floatie.png,b9bcc57ef04cdd97da680eb721a30462d9e59c11fe77560d6e64c2f6fec235fb,5844
unnamed,uncommon,icons/uncommon/witchs-brew.webp,https://www.mm2values.com/img/WitchsBrew.png,aee177cf6ea347610e87b9a5ae4ca8ad3264ae791f41b3755a28fcebca02a909,3784
unnamed,uncommon,icons/uncommon/leaves.webp,https://www.mm2values.com/img/Leaves2024.png,2cfa565b5b50ae22edc47bcff1811ee008bbb645b3f4ed3340be223af368187d,4404
unnamed,uncommon,icons/uncommon/love-gun.png,https://www.mm2values.com/img/lovegun.png,502ca11a382cd1f6a9ad7ab900aced0b4e1902dcb74624568e4c220cf417564f,21358
unnamed,uncommon,icons/uncommon/jellyfish-knife.webp,https://www.mm2values.com/img/Jellyfish.png,2e9650980cd05c1a78758f4efdfd99322a0f20bbc83faf9132b2e59666cf52db,3426
unnamed,uncommon,icons/uncommon/popsicle-gun.webp,https://www.mm2values.com/img/PopsicleGun.png,75864f043b158a9842ac09d7ac2c4d28c67dd0195706a5a3a3d444229a31001f,5378
unnamed,uncommon,icons/uncommon/turtle-knife.webp,https://www.mm2values.com/img/Turtle.png,d0b9d427d2f4386675d3fa90877e2f9b17754c6fbfab532ce2819789252a88e2,3920
unnamed,uncommon,icons/uncommon/wanwood.webp,https://www.mm2values.com/img/WanvvoodUP.png,65aed262589b138249e9d2c31ea28ba8fb97f7539067fc735bcd63228592b846,4652
unnamed,uncommon,icons/uncommon/adurite-knife.webp,https://www.mm2values.com/img/AduriteKnifeUP.png,b5da2e938b687de553ed0bd12b7dbda02ca2c262ebd8199a95cd7ce79ab432de,4826
unnamed,uncommon,icons/uncommon/bluesteel-knife.webp,https://www.mm2values.com/img/BluesteelUP.png,469a6cc798f8b60ff6a7acbd0034641003b16aad4faf8a7e91789df9af4492a8,3112
unnamed,uncommon,icons/uncommon/adurite-gun.webp,https://www.mm2values.com/img/AduritegunUP.png,b697042a95da09b85a8dee74ada6db1bca2f2acbbb4ccd4ec5b993835f59a1ec,2284
unnamed,uncommon,icons/uncommon/camo-158.webp,https://www.mm2values.com/img/CamoUP.png,89b9aa5d8f800c3a8f946f3f59d62364d903cb127f0947a384ed4cce69e80757,3236
unnamed,uncommon,icons/uncommon/stalker.webp,https://www.mm2values.com/img/Stalker2UP.png,a03d3480b46b7d50d76b0b7b1b77f390d6535ca39166dcf9a45209fd25a46595,4026
unnamed,uncommon,icons/uncommon/missing.webp,https://www.mm2values.com/img/MissingUP.png,3a7df2654d199269de0d7bcf3f3012beadc671967927e3e8d66b5699338fa6de,5540
unnamed,uncommon,icons/uncommon/cheesy.webp,https://www.mm2values.com/img/CheesyKnifeUP.png,83fa36d98acdac13352a5d42253d03a43a12787ba90330dc67bda32f310a926e,3426
unnamed,uncommon,icons/uncommon/sketch.webp,https://www.mm2values.com/img/SketchUP.png,77c03734b46114aeca9c58d0b8d50a728f9013aadd0c071d81490f215f714967,3242
unnamed,uncommon,icons/uncommon/marina.webp,https://www.mm2values.com/img/MarinaUP.png,bd1037e1fba6fdb445b00b1976764214c49c63aa6bdb075421544125f68725b3,3728
unnamed,uncommon,icons/uncommon/cheddar.webp,https://www.mm2values.com/img/CheddarUP.png,0c7493351408f004ef86ea017c955cf8eb5f9abcf30cf123b826a5466ddac625,3776
unnamed,uncommon,icons/uncommon/circuit.webp,https://www.mm2values.com/img/Circuit_UP.png,1c2cc909ec565be275493da64cccbd8664e49a03c92e3e691481fd419a27697e,3182
unnamed,uncommon,icons/uncommon/paper.webp,https://www.mm2values.com/img/PaperUP.png,97f3a85e946a81ab1a494cc80f918bd2d2018b25e525a25dd8e35b85f1b3763d,3068
unnamed,uncommon,icons/uncommon/doge.webp,https://www.mm2values.com/img/DogeUP.png,78d7faa04b68857d42f4954ecd43954c518fe6e6bc81a07eb9cd94fb2dc91193,2886
unnamed,uncommon,icons/uncommon/caution.webp,https://www.mm2values.com/img/CautionUP.png,e8eb8d31e0e338dc514b063a26b9d50b8c78bc392aede0fac34c6e531ca79f57,4898
unnamed,uncommon,icons/uncommon/soda.webp,https://www.mm2values.com/img/SodaUP.png,cb93b2a3bb999e90639710d92916e120eda951d80990b65e20029c43f90f07e6,3240
unnamed,uncommon,icons/uncommon/wooden.webp,https://www.mm2values.com/img/WoodenGunUP.png,3caadccce9b0125a2a47c86077fd59e617b20182d8f61e2696c4cedc05e7732a,3534
unnamed,uncommon,icons/uncommon/hazmat.webp,https://www.mm2values.com/img/HazmatUP.png,6198bd85d8283ff5079c1e1b08e8bbb9e297204f9295767186b96ba860566e4b,2664
unnamed,uncommon,icons/uncommon/bluesteel-gun.webp,https://www.mm2values.com/img/BluesteelgunUP.png,a6dcc7691b814e35675f4d716202bd93f66c034b92cce7f6248faeedbf9aabfb,2814
unnamed,uncommon,icons/uncommon/melon-173.webp,https://www.mm2values.com/img/MelonUP.png,ab6604df473cf8516da62d13b4494b008b05612d1c0727caa21051f3464472a3,2898
unnamed,uncommon,icons/uncommon/hive.webp,https://www.mm2values.com/img/HiveUp.png,60e2335fe8a8c84a5e62dd84bcd233d262cdc5f30225dc8c44715cc95b56e148,2958
unnamed,uncommon,icons/uncommon/jigsaw.webp,https://www.mm2values.com/img/JigsawUP.png,95f0518652e7072da52494899cfa5987fcdd3dcfa7bd6d402b1633554f3d8b9b,3634
unnamed,uncommon,icons/uncommon/brush.webp,https://www.mm2values.com/img/BrushUP.png,77af2d36ee965e98749bc674cc1781cee36f43ca7c7bab2f27507be4b85c4b29,3270
unnamed,uncommon,icons/uncommon/lucky.webp,https://www.mm2values.com/img/Lucky_UP.png,9501a81f88338ec917cc73987804e17c265321772f85550df569a98950409bee,2572
unnamed,uncommon,icons/uncommon/pink.webp,https://www.mm2values.com/img/PinkUP.png,226463d5f60a17eb261d5627b9175ea72977a7f30f93918daf338494145bac0c,2526
unnamed,uncommon,icons/uncommon/blue.webp,https://www.mm2values.com/img/BlueUP.png,e0e6b29b865b5a4b8a70cf30f407160a9a2351d67ee683f1f8956e02dc26c502,2548
unnamed,uncommon,icons/uncommon/red.webp,https://www.mm2values.com/img/RedUP.png,cef8ce6ca48b902d6bea771f526ee57147128223cfe8dca74cd277c6d13c213a,2504
unnamed,uncommon,icons/uncommon/camo-453.webp,https://www.mm2values.com/img/CamoknifeUP.png,1c14163f25f2504ae99c10df56c6534f501251a6d360d99a0e5a0daaec6ded4d,4154
unnamed,uncommon,icons/uncommon/tiger.webp,https://www.mm2values.com/img/TigerUP.png,7852c35218de3e02a84cb235c8baa0bec7e3364b7e5aa9a7f35a3e83eae3aaf8,5412
unnamed,uncommon,icons/uncommon/pirate.webp,https://www.mm2values.com/img/PirateUP.png,db49122fd80e1951ddfcd83880cb963d10a3582401df70f0f4513401d372495f,6112
unnamed,uncommon,icons/uncommon/biogun.webp,https://www.mm2values.com/img/BiogunUP.png,68336d0bb21b21826a15a8ef88c11c7623c404c583131f8b9452f3403336750a,4852
unnamed,uncommon,icons/uncommon/graffiti.webp,https://www.mm2values.com/img/GraffitiUp.png,a5252ad62c47ffde3ca8d9471f1037ff742abb450c125f3d57efc51590e0bb85,4524
unnamed,uncommon,icons/uncommon/high-tech.webp,https://www.mm2values.com/img/HighTechUp.png,e39a8e02235c54c96ff6c301a78d86257dcd98829c295ef4cbfb6d65a3fd2797,3478
unnamed,uncommon,icons/uncommon/neopolitan.webp,https://www.mm2values.com/img/Neapolitan.png,d93c35ff0debc6b66ad19aacd4ce7aff4f3072654618ac0e0fffd7dfae6d787b,4770
unnamed,uncommon,icons/uncommon/floral-1013.webp,https://www.mm2values.com/img/Floral2026.png,17fa44ca2dc5bff5d3b7de3d786e7e9032e5ef61ab33fca8d39ac96f73c7f88f,6490
unnamed,uncommon,icons/uncommon/turtles.webp,https://www.mm2values.com/img/Turtles2026.png,136029e8be9309079bf4d4e653b643c4dd37f734c515fc9bda187d622407796c,5460
Bronze Candy,unique,icons/unique/bronze-candy.png,https://www.mm2values.com/img/bronzecandy.png,e0ba7b724272c5e282dc588a2c7d4890f188293b16a0f92837b7b9249ef2868f,7837
Bronze Elderwood Blade,unique,icons/unique/bronze-elderwood-blade.webp,https://www.mm2values.com/img/BronzeElderwoodBlade.png,8310d03e15f96f27595b0ef547d30b3d1c6e5c31ed70e2691108bf822697b1ac,5322
Bronze EW Revolver,unique,icons/unique/bronze-ew-revolver.png,https://www.mm2values.com/img/bronzeewr.png,10c3da70ebbf8ffcd25339cbe8937b9312a018243fe6404ae9491bf2e1c0c37d,11735
Bronze Gingerscope,unique,icons/unique/bronze-gingerscope.webp,https://www.mm2values.com/img/BronzeGscope.png,2c08b6fd62220fa63e3ea15e890e87dd5e7ba51ebc464d9d8cd4c5c51be63158,5824
Bronze Gingerscythe,unique,icons/unique/bronze-gingerscythe.webp,https://www.mm2values.com/img/BronzeGscythe.png,b3c7b059367f8218aa0f2d755f01536cd2d3e81a1ec9a0da9e8fc8cff1ef40ca,6182
Bronze Hallows,unique,icons/unique/bronze-hallows.png,https://www.mm2values.com/img/bronzehallows.png,380f0aab2eacd523c0b2de140da9a45ebfb3d4c50b61558634d6fd80c3065331,10113
Bronze Harvester,unique,icons/unique/bronze-harvester.webp,https://www.mm2values.com/img/BronzeHarvester.png,cdfde977be00b6842284e392ad9fad53bfda53ec7c80249bef654da589d32277,14752
Bronze Iceblaster,unique,icons/unique/bronze-iceblaster.png,https://www.mm2values.com/img/bronzeiceblaster.png,2cc367fa1954820279d1a18e1ff82ad7f6cc31d81aebca17ab854891e3c80e18,24582
Bronze Icebreaker,unique,icons/unique/bronze-icebreaker.png,https://www.mm2values.com/img/bronzeicebreaker.png,969b93d0c76ae5c53f9920ef001d640cbceddf6422394f9e27ba8d4861023807,35904
Bronze Icecrusher,unique,icons/unique/bronze-icecrusher.webp,https://www.mm2values.com/img/Bronze-Icecrusher.png,ce47b2001009b8dea2e4aca5c1d517d2dd01a1b254eb093f428daa0951a2609c,8088
Bronze Icepiercer,unique,icons/unique/bronze-icepiercer.webp,https://www.mm2values.com/img/Bronze-Icepiercer.png,2da1f2077704c06c59f54be237ccf4834fbec5350d9bb5930b17d6bed469a4da,10086
Bronze LogChopper,unique,icons/unique/bronze-logchopper.png,https://www.mm2values.com/img/bronzelogchopper.png,36d2ebf2623a8d4b2e1ad5a5f5b78d0d2bbd29df2d0f727de3d9a8d988c97270,11452
Bronze Minty,unique,icons/unique/bronze-minty.png,https://www.mm2values.com/img/bronzeminty.png,96cb7cd9c5e8d00125a0252424dfd0c7171529d007a8289d488090afb3dab2d5,11308
Bronze Sugar,unique,icons/unique/bronze-sugar.png,https://www.mm2values.com/img/bronzesugar.png,894cd0d3ec7bf22fe277cb645432f3f04abb60f6847d2fd1f6a0792c1ebb7a5f,11329
Bronze Swirly Axe,unique,icons/unique/bronze-swirly-axe.webp,https://www.mm2values.com/img/Bronzeswirly.png,8d56cdc3f102639919f9949f244475718f3b2e870adb753611e9f0b958be05b4,24874
Bronze Swirly Gun,unique,icons/unique/bronze-swirly-gun.webp,https://www.mm2values.com/img/BronzeSwirlyGun.png,9d2100930392799e971d2b1c1bcbd9959e3fd766e292772f90f405cd127f9c21,17138
Bronze Synthwave,unique,icons/unique/bronze-synthwave.webp,https://www.mm2values.com/img/BrozenSynthwave.png,ad221a423d672e99c07ffbe2f4c4cc3d3d7a1b96ee6e1f7bd1f27e91cc479601,10204
Bronze Travelers Axe,unique,icons/unique/bronze-travelers-axe.webp,https://www.mm2values.com/img/bronzetravsaxe.png,f10f1a4280adb670f57ff560610b1c148e3da639b3d99ebd5b7db10101b083da,8826
Bronze Vampires Axe,unique,icons/unique/bronze-vampires-axe.webp,https://www.mm2values.com/img/BronzeVampiresAxe.png,0e06cba8965c0ce29013355fb2c22d919eb8a341f6cff48e5dd5b13190bf5d1b,10522
Bronze Vampires Edge,unique,icons/unique/bronze-vampires-edge.png,https://www.mm2values.com/img/bronzevampire.png,23d2cbaeb28699c0b82cfae3cda625b8dad5e1e8bc5fae0f403c5960731cdb32,10375
Gold Candy,unique,icons/unique/gold-candy.png,https://www.mm2values.com/img/goldcandy.png,41f386f1ba7d371af41b4a8ca59db228e28913016bd4a63259c1a7580a186a84,9104
Gold Edlerwood Blade,unique,icons/unique/gold-edlerwood-blade.webp,https://www.mm2values.com/img/GoldElderwoodBlade.png,86c2ed9efd6af044b5367401972a05729032fc01d353dc1ddf6ae46913d6b9f0,5334
Gold EW Revolver,unique,icons/unique/gold-ew-revolver.png,https://www.mm2values.com/img/goldewr.png,735a63d9fbd6547b145bee99ed5800c8204475c275b02acd083fe42edf89c175,11505
Gold Gingerscope,unique,icons/unique/gold-gingerscope.webp,https://www.mm2values.com/img/GoldGscope.png,e93cf9b9911fa61f446424a676013f82641a8a675efe974bb381aea2db5d231a,6490
Gold Gingerscythe,unique,icons/unique/gold-gingerscythe.webp,https://www.mm2values.com/img/GoldenGscythe.png,bb0015e260f982d1dedb3a8e3ee64df93045e3e96a0791bcdf2f2536ace8bd72,6688
Gold Hallows,unique,icons/unique/gold-hallows.png,https://www.mm2values.com/img/goldhallows.png,8256b15274fe2079335613d6df8d2a847fa42b0b95d601a36da265fad1d01e01,10373
Gold Harvester,unique,icons/unique/gold-harvester.webp,https://www.mm2values.com/img/GoldHarvester.png,e5abae0253c68580ab7ad3677218ea345ef7825df60e3a5230eae2144b965981,15384
Gold Iceblaster,unique,icons/unique/gold-iceblaster.png,https://www.mm2values.com/img/goldiceblaster.png,2842bfc0a2fe859dccde09869740cab3301d9d236cc8e80300676d4f2c5a548d,27229
Gold Icebreaker,unique,icons/unique/gold-icebreaker.png,https://www.mm2values.com/img/goldicebreaker.png,91c51bd1100f4c19d701c2c45827688bea29c644e8a025e8a9a808dbb7f59803,30903
Gold Icecrusher,unique,icons/unique/gold-icecrusher.webp,https://www.mm2values.com/img/Gold-Icecrusher.png,be3c25206cff30e20dd025b490b35cf25ff9a36bcab3e9cbc8709ef937e11048,8268
Gold Icepiercer,unique,icons/unique/gold-icepiercer.webp,https://www.mm2values.com/img/Gold-Icepiercer.png,bd423e28ecbe285fe7de6375855b2136a0695dcae218aaa4bd09ae82f0dd90ec,10036
Gold LogChopper,unique,icons/unique/gold-logchopper.png,https://www.mm2values.com/img/goldlogchopper.png,5611926c825a45a113f7b4bc7d2674596c10e41af2d1e824247acdcf64e10054,11871
Gold Minty,unique,icons/unique/gold-minty.png,https://www.mm2values.com/img/goldminty.png,e2ece9bd7202df2bb5249c7b26868e4ae4d6099dde222f3f77988c13ebd6a6a6,10649
Gold Sugar,unique,icons/unique/gold-sugar.png,https://www.mm2values.com/img/goldsugar.png,9ddf4831ab788448439dc6cc97701919d81e7b4f47e08fc9237f7d995cebcab9,11297
Gold Swirly Axe,unique,icons/unique/gold-swirly-axe.webp,https://www.mm2values.com/img/Goldswirly.png,3e6fe72b49f0942aca5e14e0cef2fe6d3a99483e366022f094cf7242bb70a144,25090
Gold Swirly Gun,unique,icons/unique/gold-swirly-gun.webp,https://www.mm2values.com/img/GoldSwirlyGun.png,c1c6187189928d334be05caf077aa136df0e93869f86eab872f83d03a6410d9a,17138
Gold Synthwave,unique,icons/unique/gold-synthwave.webp,https://www.mm2values.com/img/GoldSynthwave.png,58786baf43f7ffc74d46fce63559318d0733ef7d1f24742b5623e011b8f0e4d8,10888
Gold Travelers Axe,unique,icons/unique/gold-travelers-axe.webp,https://www.mm2values.com/img/goldtravsaxe.png,cbbf369cdcae46b5d5efb84e951320613804a13423e8241b3b0994973fe12d2f,9136
Gold Vampires Axe,unique,icons/unique/gold-vampires-axe.webp,https://www.mm2values.com/img/GoldVampiresAxe.png,b1ff638e06589a84123235c32fc287b17bfa80cde94ad3a9c8466f9caee7cbaf,11560
Gold Vampires Edge,unique,icons/unique/gold-vampires-edge.png,https://www.mm2values.com/img/goldvampire.png,5dc7d9165b43f40ecfe34df813ca3106a1a2ecbbff296a61a4daa8a78bf63e4b,11393
Silver Candy,unique,icons/unique/silver-candy.png,https://www.mm2values.com/img/silvercandy.png,c665569bfbed4cfd7be0acde5051340dcda405ddde8187bf07e7723a9f34ffd8,7184
Silver Elderwood Blade,unique,icons/unique/silver-elderwood-blade.webp,https://www.mm2values.com/img/SilverElderwoodBlade.png,b868bf664d1198b2c44cf3bfb45e8b4145c78b5eee838a9f6daed0302a0c667f,4698
Silver EW Revolver,unique,icons/unique/silver-ew-revolver.png,https://www.mm2values.com/img/silverewr.png,7a25bc132f45579267a5f0f8146aeb4ef44704257cb6ad61b75a10641d02f61a,11133
Silver Gingerscope,unique,icons/unique/silver-gingerscope.png,https://www.mm2values.com/img/SilverGscope2.png,4a90d9e1aa9e55d3dd7e295f9552411f3a1065b932bf2df775c126d454a771db,22167
Silver Gingerscythe,unique,icons/unique/silver-gingerscythe.webp,https://www.mm2values.com/img/SilverGscythe.png,515bb2b12d206c39819be78a211233ebcf4d1bfc3d618002c8fc414a11753773,5282
Silver Hallows,unique,icons/unique/silver-hallows.png,https://www.mm2values.com/img/silverhallows.png,2b6b0b2500c2a5905c279e0297393f27bcbe99ce4456b47c646f5431461e8192,10163
Silver Harvester,unique,icons/unique/silver-harvester.webp,https://www.mm2values.com/img/SilverHarvester.png,62e3df78a35e8ea123ea3f6f47011dd8f83bfee71e985048c0a2cbdf11d50208,12442
Silver Iceblaster,unique,icons/unique/silver-iceblaster.png,https://www.mm2values.com/img/silvericeblaster.png,cd8adf25130af46a6e872607563dd7f04612d796ebc37cab9f7b8e2bb346a77d,21449
Silver Icebreaker,unique,icons/unique/silver-icebreaker.png,https://www.mm2values.com/img/silvericebreaker.png,5871a1b0cb5469384d52f1a32745a52477dfd010ea48490b9f0975954f34b661,71358
Silver Icecrusher,unique,icons/unique/silver-icecrusher.webp,https://www.mm2values.com/img/Silver-Icecrusher.png,9d3efb0b255ac2646172d368a2cade5be630a5a21b764b68a66cd9af3559884d,7480
Silver Icepiercer,unique,icons/unique/silver-icepiercer.webp,https://www.mm2values.com/img/Silver-Icepiercer.png,f2b4e9be162a273da5f06c6bf616bb0f07ee7b8c85e7c2bb6521e9428ae59276,9168
Silver LogChopper,unique,icons/unique/silver-logchopper.png,https://www.mm2values.com/img/silverlogchopper.png,c617c20e6c673f94acb4ec0ace97b3f60e5ab5c79041cc24e85a8aa3f9b34096,9209
Silver Minty,unique,icons/unique/silver-minty.png,https://www.mm2values.com/img/silverminty.png,30ba16090068e19a9a127e09cc9bc346241bd71a45af71bc5f69697b340cc087,10194
Silver Sugar,unique,icons/unique/silver-sugar.png,https://www.mm2values.com/img/silversugar.png,2013b65224690d82cfa8b4fd2dd6fb4a1e62e81c03a202e7f4809b257bff98bf,8274
Silver Swirly Axe,unique,icons/unique/silver-swirly-axe.webp,https://www.mm2values.com/img/Silverswirly.png,7dee7bfd853a3d0908c1534797e143838e3a3ec5e0b4277df0746b3b8de0da09,21486
Silver Swirly Gun,unique,icons/unique/silver-swirly-gun.webp,https://www.mm2values.com/img/SilverSwirlyGun.png,aa3ece885e317eed72f138f238a498c8cd565e741fb79ec8054d3abc0dfdab28,13794
Silver Synthwave,unique,icons/unique/silver-synthwave.webp,https://www.mm2values.com/img/SilverSynthwave.png,1bf1c702cc997e41cb384a97239a1d332d2b2f88572934151670a9a63b498e32,10580
Silver Travelers Axe,unique,icons/unique/silver-travelers-axe.webp,https://www.mm2values.com/img/Silvertravsaxe.png,6c869420dabfed103e92a2fd6962d3a025161e58577343ea3eec17a69a3c59d7,8502
Silver Vampires Axe,unique,icons/unique/silver-vampires-axe.webp,https://www.mm2values.com/img/SilverVampiresAxe.png,b85d1b69e58e55b22d43a90df9c537e551ceb0310e5914d53bd696d6b4c18854,10698
Silver Vampires Edge,unique,icons/unique/silver-vampires-edge.png,https://www.mm2values.com/img/silvervampire.png,48f0432ccea9bc19ba925bf0e20244573e7b78e6afa3fe2754a120675e65a443,11233
unnamed,unique,icons/unique/corrupt.webp,https://www.mm2values.com/img/CorruptUp.png,60c49262bee1129e93183f3c7d89dfaba01818e6adfedd3f4bfa3a578cba7acf,5374
unnamed,unique,icons/unique/blue-candy.png,https://www.mm2values.com/img/bluecandy.png,16e21b743be76ef2f7019511748bd9fcd0ca61dd2b94ade800826a41af8ff1b9,12092
unnamed,unique,icons/unique/red-hallows.png,https://www.mm2values.com/img/redhallows.png,bbf773d06cb6b3fefedc11a965d017e016e011cfd0408116532c4c77b5413589,10722
unnamed,unique,icons/unique/blue-sugar.png,https://www.mm2values.com/img/bluesugar.png,4c405a41ed281fd9795f75bf82a345435643cc9668f6fd192d534ff4625faf8c,10030
unnamed,unique,icons/unique/blue-ew-revolver.png,https://www.mm2values.com/img/blueewr.png,e2d8e66f9cd5f4d0c6d91645304050fbe55a88c869ee4021fa3b547285621c75,12545
unnamed,unique,icons/unique/blue-minty.png,https://www.mm2values.com/img/blueminty.png,b001705771fbd6374e78362f731730c24465b5959765c49b071f307947bf7ca7,10845
unnamed,unique,icons/unique/blue-logchopper.png,https://www.mm2values.com/img/bluelogchopper.png,c44d3194b2b96a731beea01038d47ea8123b960b83d0fc3023b4736b7b758623,12052
unnamed,unique,icons/unique/red-icebreaker.png,https://www.mm2values.com/img/redicebreaker.png,df03acb425c4f69ab8a4c1bf41d4eff17087cbd74aa82b1d36ec09580bc0df5b,80111
unnamed,unique,icons/unique/red-iceblaster.png,https://www.mm2values.com/img/rediceblaster.png,98a144f613b1b31b612fa67a37de0f7f5436174531b856bc3536d65b49035a12,22298
unnamed,unique,icons/unique/blue-gingerscope.webp,https://www.mm2values.com/img/BlueGscope.png,b365a9f477219e1f93ea5d1e19d39e95b728feaa30aced663498534f060b7ed8,5834
unnamed,unique,icons/unique/blue-harvester.webp,https://www.mm2values.com/img/BlueHarvester.png,624155082b510e6e0a367d915c460fa3184214077250fd1b62b0f129fb5c3e81,14600
unnamed,unique,icons/unique/blue-elderwood-blade.webp,https://www.mm2values.com/img/BlueElderwoodBlade.png,826a5267e26ca4a93ea84e49f82d8c34f8767679fef2edf24ae34024b6f0d0b8,5260
unnamed,unique,icons/unique/red-icecrusher.webp,https://www.mm2values.com/img/Red-Icecrusher.png,9a6fded9c4d9c78b5f037d0510679fe549553363ee6f57e1532245586bf76b76,7704
unnamed,unique,icons/unique/red-icepiercer.webp,https://www.mm2values.com/img/Red-Icepiercer.png,9f40a257846c1c4340702de1681eefe24464b80fc2eabe43ef5abc1962398ad7,9384
unnamed,unique,icons/unique/blue-gingerscythe.webp,https://www.mm2values.com/img/BlueGscythe.png,2dbde6b9ce1daf5392ad2cf5de18f65af1ad5a3635df106118aee7b6f56d5ff9,6260
unnamed,unique,icons/unique/blue-swirly-axe.webp,https://www.mm2values.com/img/Blueswirly.png,32945e44a993e01da0409d7de64a7ef4eeabd2704003213c3847283e16fadc71,23826
unnamed,unique,icons/unique/blue-swirly-gun.webp,https://www.mm2values.com/img/BlueSwirlyGun.png,b777cd04da615ed057659f92e12e5d941729a25fc421cf5d8887e0e3f97eca70,15904
unnamed,unique,icons/unique/red-travelers-axe.webp,https://www.mm2values.com/img/redtravsaxe.png,14f5762881627e07d47884ab2d13cb3f8f7a00f511bd0956d7f92a38d762765e,8196
unnamed,unique,icons/unique/purple-vampires-axe.webp,https://www.mm2values.com/img/PurpleVampiresAxe.png,81d8ecf425a762d480d91b6c6d64f205864313c421ca9c8211a2abc5cfb13244,11038
unnamed,unique,icons/unique/blue-synthwave.webp,https://www.mm2values.com/img/BlueSynthwave.png,8483f36963ad255e23ebe3eb1fe580c8df8bcbc5cc99479e4731d7549fc6be64,9596
unnamed,unique,icons/unique/blue-vampires-edge.png,https://www.mm2values.com/img/bluevampire.png,afb853e52c640bebae02b808b28646adf670e51bf6117adc2e24424707d9a6ae,10733
unnamed,vintage,icons/vintage/ghost.png,https://www.mm2values.com/img/ghost.png,951b3e67f24cabbe41d3bae9d36585ed64280cfc0c3c1f1147d5c085a6581bab,20771
unnamed,vintage,icons/vintage/america.png,https://www.mm2values.com/img/america.png,8a70fe9a132a28a46384e4f4a5140154232948f9056a505e73bc93cd19d413a7,23233
unnamed,vintage,icons/vintage/blood.png,https://www.mm2values.com/img/blood.png,65391096323d76829b0debffa999859cba2efe50eccd5857382114c2b275ff43,21209
unnamed,vintage,icons/vintage/laser-375.png,https://www.mm2values.com/img/laserc.png,da90bf60179eb85a6a55010b89ac0479ad12cc287b5e731b12db43e222b225b4,20298
unnamed,vintage,icons/vintage/shadow.png,https://www.mm2values.com/img/shadow.png,35723f081168513c479471f400e12b30605c1145e6e91d58ef48109f74402808,21808
unnamed,vintage,icons/vintage/phaser.png,https://www.mm2values.com/img/phaser.png,a25c1f9839182428fce8815b12ceb0373ef3a32a35fa8f209e610cb825914c56,23645
unnamed,vintage,icons/vintage/prince.png,https://www.mm2values.com/img/prince.png,0b277aaf2ba59985f8cdb6c05aea70ffdca11507719c6d3b33f5e6b4b18de5f1,21498
unnamed,vintage,icons/vintage/golden.png,https://www.mm2values.com/img/golden.png,d1c59137783f8a5741850204afc29f647165efdac08c28a499199702ff609fef,24048
unnamed,vintage,icons/vintage/cowboy.png,https://www.mm2values.com/img/cowboy.png,d800abd5d86262b29c9b1c96a0f012236037ffb96ac1fdd441310fe73457c5a0,23202
unnamed,vintage,icons/vintage/splitter.png,https://www.mm2values.com/img/splitter.png,10f7dde1276e403baa0d1907529bd36c5b4acdbf0e1036eae455150743794a60,20961
