record_id,source,source_category,tier,name,canonical_name,value,value_text,range_low,range_high,range_text,demand,rarity,stability,origin,change_text,image_url,wiki_url,page_url,source_item_id,fetched_at
a0e3e50bbecf36c585b9aa11,mm2values,ancient,TIER 3,Batwing,batwing,45.0,45,,,N/A,2.0,2.0,Stable,,,https://www.mm2values.com/img/BatwingUpdated.png,https://murder-mystery-2.fandom.com/wiki/Batwing,https://www.mm2values.com/?p=ancient,3,2026-07-31T08:58:27.358846+00:00
8abd9186751fea1a7212fa52,mm2values,ancient,TIER 5,Celestial,celestial,2175.0,"2,175",2175.0,2225.0,2175-2225,6.0,3.5,Doing Well,,,https://www.mm2values.com/img/Celestial.png,https://murder-mystery-2.fandom.com/wiki/Celestial,https://www.mm2values.com/?p=ancient,860,2026-07-31T08:58:27.358846+00:00
c5452c97d8e32230f5ffb0e3,mm2values,ancient,TIER 3,Elderwood Scythe,elderwood scythe,40.0,40,,,N/A,2.0,2.0,Stable,,,https://www.mm2values.com/img/ewscythe.png,https://murder-mystery-2.fandom.com/wiki/Elderwood_Scythe,https://www.mm2values.com/?p=ancient,2,2026-07-31T08:58:27.358846+00:00
cede0e5ca15d6d2d92407ed3,mm2values,ancient,TIER 5,Gingerscope,gingerscope,17700.0,"17,700",,,N/A,7.0,4.0,Stable,,,https://www.mm2values.com/img/Gingerscope.png,https://murder-mystery-2.fandom.com/wiki/Gingerscope,https://www.mm2values.com/?p=ancient,771,2026-07-31T08:58:27.358846+00:00
ff05a8277d2c0c8e6d855b29,mm2values,ancient,TIER 3,Hallowscythe,hallowscythe,32.0,32,,,N/A,2.0,2.0,Stable,,,https://www.mm2values.com/img/HallowscytheUp.png,https://murder-mystery-2.fandom.com/wiki/Hallowscythe,https://www.mm2values.com/?p=ancient,471,2026-07-31T08:58:27.358846+00:00
eccd49d22857de6d4e5625d5,mm2values,ancient,TIER 4,Harvester,harvester,245.0,245,,,N/A,3.0,1.5,Stable,,,https://www.mm2values.com/img/harvester.png,https://murder-mystery-2.fandom.com/wiki/Harvester,https://www.mm2values.com/?p=ancient,526,2026-07-31T08:58:27.358846+00:00
7b53e0ef3ce188918eac52a8,mm2values,ancient,TIER 1,Ice Wing,ice wing,15.0,15,,,N/A,2.0,1.0,Stable,,,https://www.mm2values.com/img/IcewingknifeUp.png,https://murder-mystery-2.fandom.com/wiki/Icewing,https://www.mm2values.com/?p=ancient,4,2026-07-31T08:58:27.358846+00:00
247c806c524d9c023a462a1d,mm2values,ancient,TIER 3,Icebreaker,icebreaker,70.0,70,,,N/A,2.0,2.0,Stable,,,https://www.mm2values.com/img/Icebreaker.png,https://murder-mystery-2.fandom.com/wiki/Icebreaker,https://www.mm2values.com/?p=ancient,480,2026-07-31T08:58:27.358846+00:00
85e1e447dc6bd86b64f929aa,mm2values,ancient,TIER 4,Icepiercer,icepiercer,165.0,165,,,N/A,2.5,1.5,Stable,,,https://www.mm2values.com/img/Icepiercer.png,https://murder-mystery-2.fandom.com/wiki/Icepiercer,https://www.mm2values.com/?p=ancient,661,2026-07-31T08:58:27.358846+00:00
66bbcc89c5a7fdce17038801,mm2values,ancient,TIER 2,Log Chopper,log chopper,20.0,20,,,N/A,1.5,2.0,Stable,,,https://www.mm2values.com/img/LogchopperUp.png,https://murder-mystery-2.fandom.com/wiki/Logchopper,https://www.mm2values.com/?p=ancient,404,2026-07-31T08:58:27.358846+00:00
51f118ed7f33a9b8416746f8,mm2values,ancient,TIER 5,Niks Scythe,niks scythe,250000000.0,"250,000,000",,,N/A,11.0,11.0,Overpaid for,,,https://www.mm2values.com/img/NiksScythe.png,https://murder-mystery-2.fandom.com/wiki/Nik%27s_Scythe,https://www.mm2values.com/?p=ancient,1,2026-07-31T08:58:27.358846+00:00
87618c6219cc4b65d26603eb,mm2values,ancient,TIER 3,SwirlyAxe,swirlyaxe,40.0,40,,,N/A,2.0,2.0,Stable,,,https://www.mm2values.com/img/SwirlAxe.png,https://murder-mystery-2.fandom.com/wiki/Swirly_Axe,https://www.mm2values.com/?p=ancient,529,2026-07-31T08:58:27.358846+00:00
b642bc2b34a5d26db451a58c,mm2values,ancient,TIER 5,Travelers Axe,travelers axe,8000.0,"8,000",,,N/A,5.0,4.5,Stable,,,https://www.mm2values.com/img/TravellersAxe.png,https://murder-mystery-2.fandom.com/wiki/Traveler%27s_Axe,https://www.mm2values.com/?p=ancient,743,2026-07-31T08:58:27.358846+00:00
87a201567f871c9eafc8829f,mm2values,ancient,TIER 5,Vampires Axe,vampires axe,1225.0,"1,225",,,N/A,5.0,3.0,Stable,,,https://www.mm2values.com/img/vampsaxe.png,https://murder-mystery-2.fandom.com/wiki/Vampire%27s_Axe,https://www.mm2values.com/?p=ancient,829,2026-07-31T08:58:27.358846+00:00
ea5742730da8c21db3b4118d,mm2values,chroma,TIER 3,"Chroma Alienbeam Value: 23,000",chroma alienbeam value 23 000,23000.0,"23,000",,,N/A,6.0,5.5,Stable,,,https://www.mm2values.com/img/ChromaAlienbeam.png,https://murder-mystery-2.fandom.com/wiki/Chroma_Alienbeam,https://www.mm2values.com/?p=chroma,927,2026-07-31T08:58:31.880603+00:00
3cda94e36de259598f6ebb5c,mm2values,chroma,TIER 3,"Chroma Bauble Value: 33,000",chroma bauble value 33 000,33000.0,"33,000",,,N/A,6.0,6.0,Stable,,,https://www.mm2values.com/img/CBauble.png,https://murder-mystery-2.fandom.com/wiki/Chroma_Bauble,https://www.mm2values.com/?p=chroma,855,2026-07-31T08:58:31.880603+00:00
3fed04732d699add86780505,mm2values,chroma,TIER 3,"Chroma Beachy Value: 1,600",chroma beachy value 1 600,1600.0,"1,600",1500.0,1700.0,1500-1700,5.5,4.0,Fluctuating,,,https://www.mm2values.com/img/CBeachy.png,,https://www.mm2values.com/?p=chroma,1008,2026-07-31T08:58:31.880603+00:00
2f5a12e641a3cd7a35a2191c,mm2values,chroma,TIER 3,"Chroma Blizzard Value: 7,800",chroma blizzard value 7 800,7800.0,"7,800",,,N/A,4.5,5.0,Stable,,,https://www.mm2values.com/img/ChromaBlizzard.png,,https://www.mm2values.com/?p=chroma,957,2026-07-31T08:58:31.880603+00:00
7f40fba40ce6ca246d1d7669,mm2values,chroma,TIER 1,Chroma Boneblade Value: 20,chroma boneblade value 20,20.0,20,,,N/A,1.0,2.0,Stable,,,https://www.mm2values.com/img/Chroma_Boneblade.png,https://murder-mystery-2.fandom.com/wiki/Chroma_Boneblade,https://www.mm2values.com/?p=chroma,16,2026-07-31T08:58:31.880603+00:00
e76ab27574c86bc4c489e524,mm2values,chroma,TIER 1,Chroma Candleflame Value: 40,chroma candleflame value 40,40.0,40,,,N/A,1.0,2.0,Stable,,,https://www.mm2values.com/img/chromacandle.png,https://murder-mystery-2.fandom.com/wiki/Chroma_Candleflame,https://www.mm2values.com/?p=chroma,525,2026-07-31T08:58:31.880603+00:00
154ea8d2cee300a016c6a9f6,mm2values,chroma,TIER 3,"Chroma Constellation Value: 27,500",chroma constellation value 27 500,27500.0,"27,500",,,N/A,7.0,6.0,Stable,,,https://www.mm2values.com/img/ChromaConstellation.png,https://murder-mystery-2.fandom.com/wiki/Chroma_Constellation,https://www.mm2values.com/?p=chroma,857,2026-07-31T08:58:31.880603+00:00
ad9221d15ee1e0bd371a7b79,mm2values,chroma,TIER 1,Chroma Cookiecane Value: 30,chroma cookiecane value 30,30.0,30,,,N/A,1.0,2.0,Stable,,,https://www.mm2values.com/img/ChromaCookiecane.png,https://murder-mystery-2.fandom.com/wiki/Chroma_Cookiecane,https://www.mm2values.com/?p=chroma,659,2026-07-31T08:58:31.880603+00:00
5c4f13996b2e212149a54176,mm2values,chroma,TIER 1,Chroma Darkbringer Value: 60,chroma darkbringer value 60,60.0,60,,,N/A,2.0,2.0,Stable,,,https://www.mm2values.com/img/Chroma_Darkbringer.png,https://murder-mystery-2.fandom.com/wiki/Chroma_Darkbringer,https://www.mm2values.com/?p=chroma,447,2026-07-31T08:58:31.880603+00:00
a236956dc1a02134b196fa3b,mm2values,chroma,TIER 1,Chroma DeathShard Value: 35,chroma deathshard value 35,35.0,35,,,N/A,1.0,2.0,Stable,,,https://www.mm2values.com/img/chromads.png,https://murder-mystery-2.fandom.com/wiki/Chroma_Deathshard,https://www.mm2values.com/?p=chroma,13,2026-07-31T08:58:31.880603+00:00
918be5c01142e97a5d2a9f9f,mm2values,chroma,TIER 1,Chroma Elderwood Blade Value: 35,chroma elderwood blade value 35,35.0,35,,,N/A,1.0,2.0,Stable,,,https://www.mm2values.com/img/ChromaElderwoodBlade.png,https://murder-mystery-2.fandom.com/wiki/Chroma_Elderwood_Blade,https://www.mm2values.com/?p=chroma,616,2026-07-31T08:58:31.880603+00:00
22995f3967d8daac15ec4e81,mm2values,chroma,TIER 3,"Chroma Evergreen Value: 49,000",chroma evergreen value 49 000,49000.0,"49,000",48000.0,49000.0,48000-49000,6.0,7.0,Underpaid For,,,https://www.mm2values.com/img/Chroma_Evergreen.png,https://murder-mystery-2.fandom.com/wiki/Chroma_Evergreen,https://www.mm2values.com/?p=chroma,773,2026-07-31T08:58:31.880603+00:00
4b2e4a084d12c134d21671d4,mm2values,chroma,TIER 3,"Chroma Evergun Value: 74,000",chroma evergun value 74 000,74000.0,"74,000",,,N/A,6.5,9.0,Stable,,,https://www.mm2values.com/img/Chroma_Evergun.png,https://murder-mystery-2.fandom.com/wiki/Chroma_Evergun,https://www.mm2values.com/?p=chroma,772,2026-07-31T08:58:31.880603+00:00
c23ab26e5974b342f51a57ab,mm2values,chroma,TIER 1,Chroma Fang Value: 33,chroma fang value 33,33.0,33,,,N/A,1.0,1.5,Stable,,,https://www.mm2values.com/img/chromafang.png,https://murder-mystery-2.fandom.com/wiki/Chroma_Fang,https://www.mm2values.com/?p=chroma,10,2026-07-31T08:58:31.880603+00:00
29dc332199d0e4d91a9e01ce,mm2values,chroma,TIER 1,Chroma Gemstone Value: 33,chroma gemstone value 33,33.0,33,,,N/A,1.0,1.5,Stable,,,https://www.mm2values.com/img/chromagem.png,https://murder-mystery-2.fandom.com/wiki/Chroma_Gemstone,https://www.mm2values.com/?p=chroma,439,2026-07-31T08:58:31.880603+00:00
2b2458aa0b2027c1b2b502c8,mm2values,chroma,TIER 1,Chroma Gingerblade Value: 25,chroma gingerblade value 25,25.0,25,,,N/A,1.0,2.0,Stable,,,https://www.mm2values.com/img/Chroma_Gingerblade.png,https://murder-mystery-2.fandom.com/wiki/Chroma_Gingerblade,https://www.mm2values.com/?p=chroma,17,2026-07-31T08:58:31.880603+00:00
22ce0448b27b6070613d7379,mm2values,chroma,TIER 3,"Chroma Heart Wand Value: 4,150",chroma heart wand value 4 150,4150.0,"4,150",,,N/A,4.5,3.5,Stable,,,https://www.mm2values.com/img/CHeartwand.png,https://murder-mystery-2.fandom.com/wiki/Chroma_Heart_Wand,https://www.mm2values.com/?p=chroma,990,2026-07-31T08:58:31.880603+00:00
e6a456355ae5de59614de7cf,mm2values,chroma,TIER 1,Chroma Heat Value: 30,chroma heat value 30,30.0,30,,,N/A,1.0,1.5,Stable,,,https://www.mm2values.com/img/chromaheat.png,https://murder-mystery-2.fandom.com/wiki/Chroma_Heat,https://www.mm2values.com/?p=chroma,11,2026-07-31T08:58:31.880603+00:00
92bc954adfcdb86b5a55ef86,mm2values,chroma,TIER 3,"Chroma Icecream Value: 1,850",chroma icecream value 1 850,1850.0,"1,850",1700.0,1950.0,1700-1950,5.5,4.0,Fluctuating,,,https://www.mm2values.com/img/C_Icecream.png,,https://www.mm2values.com/?p=chroma,1006,2026-07-31T08:58:31.880603+00:00
62511f2cc9091be8f5277c30,mm2values,chroma,TIER 1,Chroma Laser Value: 40,chroma laser value 40,40.0,40,,,N/A,2.0,2.0,Stable,,,https://www.mm2values.com/img/chromalaser.png,https://murder-mystery-2.fandom.com/wiki/Chroma_Laser,https://www.mm2values.com/?p=chroma,8,2026-07-31T08:58:31.880603+00:00
1be4231188f582f54a596693,mm2values,chroma,TIER 1,Chroma Lightbringer Value: 55,chroma lightbringer value 55,55.0,55,,,N/A,2.0,2.0,Stable,,,https://www.mm2values.com/img/Chroma_Lightbringer.png,https://murder-mystery-2.fandom.com/wiki/Chroma_Lightbringer,https://www.mm2values.com/?p=chroma,446,2026-07-31T08:58:31.880603+00:00
f9a60b4a9fbc5942658f106b,mm2values,chroma,TIER 1,Chroma Luger Value: 48,chroma luger value 48,48.0,48,,,N/A,2.0,2.0,Stable,,,https://www.mm2values.com/img/chromaluger.png,https://murder-mystery-2.fandom.com/wiki/Chroma_Luger,https://www.mm2values.com/?p=chroma,6,2026-07-31T08:58:31.880603+00:00
056221205a282b7bc15809bd,mm2values,chroma,TIER 3,"Chroma Ornament Value: 1,800",chroma ornament value 1 800,1800.0,"1,800",,,N/A,3.0,3.0,Stable,,,https://www.mm2values.com/img/Chroma_Ornament.png,,https://www.mm2values.com/?p=chroma,985,2026-07-31T08:58:31.880603+00:00
c7f1f9c2e6593c742727e7d2,mm2values,chroma,TIER 3,"Chroma Raygun Value: 11,750",chroma raygun value 11 750,11750.0,"11,750",,,N/A,5.0,4.5,Stable,,,https://www.mm2values.com/img/ChromaRaygun.png,https://murder-mystery-2.fandom.com/wiki/Chroma_Raygun,https://www.mm2values.com/?p=chroma,928,2026-07-31T08:58:31.880603+00:00
12c781468470a7a2aef24d06,mm2values,chroma,TIER 3,"Chroma Sands Value: 1,650",chroma sands value 1 650,1650.0,"1,650",1600.0,1800.0,1600-1800,5.5,4.0,Fluctuating,,,https://www.mm2values.com/img/CSands.png,,https://www.mm2values.com/?p=chroma,1007,2026-07-31T08:58:31.880603+00:00
25a1cf8f89ac89500e8a2925,mm2values,chroma,TIER 1,Chroma Saw Value: 22,chroma saw value 22,22.0,22,,,N/A,1.0,2.0,Stable,,,https://www.mm2values.com/img/chromasaw.png,https://murder-mystery-2.fandom.com/wiki/Chroma_Saw,https://www.mm2values.com/?p=chroma,12,2026-07-31T08:58:31.880603+00:00
a8314ccc179a31841a570db5,mm2values,chroma,TIER 1,Chroma Seer Value: 25,chroma seer value 25,25.0,25,,,N/A,1.0,1.5,Stable,,,https://www.mm2values.com/img/chromaseer.png,https://murder-mystery-2.fandom.com/wiki/Chroma_Seer,https://www.mm2values.com/?p=chroma,15,2026-07-31T08:58:31.880603+00:00
32ea1fb276e8237c574f8eae,mm2values,chroma,TIER 1,Chroma Shark Value: 33,chroma shark value 33,33.0,33,,,N/A,1.5,2.0,Stable,,,https://www.mm2values.com/img/chromashark.png,https://murder-mystery-2.fandom.com/wiki/Chroma_Shark,https://www.mm2values.com/?p=chroma,7,2026-07-31T08:58:31.880603+00:00
17ebb66b4d823dde1745f61d,mm2values,chroma,TIER 1,Chroma Slasher Value: 33,chroma slasher value 33,33.0,33,,,N/A,2.0,2.0,Stable,,,https://www.mm2values.com/img/chromaslasher.png,https://murder-mystery-2.fandom.com/wiki/Chroma_Slasher,https://www.mm2values.com/?p=chroma,9,2026-07-31T08:58:31.880603+00:00
7d148f94b68f9ec1ed47e489,mm2values,chroma,TIER 3,"Chroma Snow Dagger Value: 4,000",chroma snow dagger value 4 000,4000.0,"4,000",,,N/A,4.0,4.5,Stable,,,https://www.mm2values.com/img/Chroma_Snow_Dagger.png,,https://www.mm2values.com/?p=chroma,960,2026-07-31T08:58:31.880603+00:00
2b74bcded5251b7bd54bbafe,mm2values,chroma,TIER 3,"Chroma Snowcannon Value: 8,650",chroma snowcannon value 8 650,8650.0,"8,650",,,N/A,6.0,4.5,Stable,,,https://www.mm2values.com/img/Chroma_Snowcannon.png,,https://www.mm2values.com/?p=chroma,962,2026-07-31T08:58:31.880603+00:00
72965055d9ea2362fcbcc726,mm2values,chroma,TIER 3,"Chroma Snowstorm Value: 4,250",chroma snowstorm value 4 250,4250.0,"4,250",,,N/A,4.0,5.0,Stable,,,https://www.mm2values.com/img/Chroma_Snowstorm.png,,https://www.mm2values.com/?p=chroma,958,2026-07-31T08:58:31.880603+00:00
ca756c1034e29a418f22fba9,mm2values,chroma,TIER 3,"Chroma Sunrise Value: 13,250",chroma sunrise value 13 250,13250.0,"13,250",,,N/A,5.0,5.0,Stable,,,https://www.mm2values.com/img/ChromaSunsetGun.png,https://murder-mystery-2.fandom.com/wiki/Chroma_Sunrise,https://www.mm2values.com/?p=chroma,899,2026-07-31T08:58:31.880603+00:00
6b88c7e80014d8aa5b977a3c,mm2values,chroma,TIER 3,"Chroma Sunset Value: 8,250",chroma sunset value 8 250,8250.0,"8,250",,,N/A,5.0,4.5,Stable,,,https://www.mm2values.com/img/ChromaSunsetKnife.png,https://murder-mystery-2.fandom.com/wiki/Chroma_Sunset,https://www.mm2values.com/?p=chroma,900,2026-07-31T08:58:31.880603+00:00
bf75e53c5414397b1df23e39,mm2values,chroma,TIER 3,"Chroma Sweet Value: 2,450",chroma sweet value 2 450,2450.0,"2,450",,,N/A,5.5,4.0,Stable,,,https://www.mm2values.com/img/Csweet.png,https://murder-mystery-2.fandom.com/wiki/Chroma_Sweet,https://www.mm2values.com/?p=chroma,991,2026-07-31T08:58:31.880603+00:00
2478aab00f6429a08ce241ec,mm2values,chroma,TIER 1,Chroma Swirlygun Value: 38,chroma swirlygun value 38,38.0,38,,,N/A,1.0,2.0,Stable,,,https://www.mm2values.com/img/chromaswirlygun.png,https://murder-mystery-2.fandom.com/wiki/Chroma_Swirly_Gun,https://www.mm2values.com/?p=chroma,527,2026-07-31T08:58:31.880603+00:00
773b6d4f8d8ee1cf8a78c886,mm2values,chroma,TIER 1,Chroma Tides Value: 25,chroma tides value 25,25.0,25,,,N/A,1.0,1.5,Stable,,,https://www.mm2values.com/img/chromatides.png,https://murder-mystery-2.fandom.com/wiki/Chroma_Tides,https://www.mm2values.com/?p=chroma,14,2026-07-31T08:58:31.880603+00:00
f22923b5a9990a3455c63c2a,mm2values,chroma,TIER 3,"Chroma Travelers Gun Value: 220,000",chroma travelers gun value 220 000,220000.0,"220,000",,,N/A,7.0,10.0,Stable,,,https://www.mm2values.com/img/ChromaTravGun.png,https://murder-mystery-2.fandom.com/wiki/Chroma_Traveler%27s_Gun,https://www.mm2values.com/?p=chroma,739,2026-07-31T08:58:31.880603+00:00
f449aa1d9f35a7b7ad19ec7d,mm2values,chroma,TIER 3,"Chroma Treat Value: 2,900",chroma treat value 2 900,2900.0,"2,900",2900.0,2950.0,2900-2950,6.0,4.0,Peaking,,,https://www.mm2values.com/img/Ctreat.png,https://murder-mystery-2.fandom.com/wiki/Chroma_Treat,https://www.mm2values.com/?p=chroma,992,2026-07-31T08:58:31.880603+00:00
c73dbafdd54f53e17baccd93,mm2values,chroma,TIER 3,"Chroma Vampires Gun Value: 29,000",chroma vampires gun value 29 000,29000.0,"29,000",,,N/A,7.0,6.0,Stable,,,https://www.mm2values.com/img/chromavampsgun.png,https://murder-mystery-2.fandom.com/wiki/Chroma_Vampire%27s_Gun,https://www.mm2values.com/?p=chroma,831,2026-07-31T08:58:31.880603+00:00
7b6f5251a5c7d669d7e935eb,mm2values,chroma,TIER 3,"Chroma WaterGun Value: 3,400",chroma watergun value 3 400,3400.0,"3,400",,,N/A,4.0,4.5,Stable,,,https://www.mm2values.com/img/Chroma_Watergun.png,https://murder-mystery-2.fandom.com/wiki/Chroma_Watergun,https://www.mm2values.com/?p=chroma,810,2026-07-31T08:58:31.880603+00:00
1a4f9553fa9362e49144ff85,mm2values,common,TIER 3,2015,2015,2.0,2,,,N/A,1.0,3.0,Stable,,,https://www.mm2values.com/img/2015.png,https://murder-mystery-2.fandom.com/wiki/2015,https://www.mm2values.com/?p=common,199,2026-07-31T08:58:43.620988+00:00
8cb28e826ff1dfd68c54c997,mm2values,common,TIER 1,8Bit,8bit,1.0,1 X (T1) Common,,,N/A,0.0,0.0,Stable,,,https://www.mm2values.com/img/8BitUP.png,https://murder-mystery-2.fandom.com/wiki/8bit,https://www.mm2values.com/?p=common,283,2026-07-31T08:58:43.620988+00:00
72c6418885549d8aef08e6a7,mm2values,common,TIER 4,Alex,alex,5.0,5,,,N/A,2.0,3.0,Stable,,,https://www.mm2values.com/img/alex.png,https://murder-mystery-2.fandom.com/wiki/Alex,https://www.mm2values.com/?p=common,310,2026-07-31T08:58:43.620988+00:00
454205ad17aa84dbfefcafe1,mm2values,common,TIER 3,Apocalypse Gun,apocalypse gun,2.0,2,,,N/A,2.0,3.0,Stable,,,https://www.mm2values.com/img/ApocGun.png,https://murder-mystery-2.fandom.com/wiki/Apocalypse_(Gun),https://www.mm2values.com/?p=common,633,2026-07-31T08:58:43.620988+00:00
d879eb59c84b8a38355e980f,mm2values,common,TIER 2,Apocalypse Knife,apocalypse knife,1.0,1 X (T1) Rare,,,N/A,2.0,3.0,Stable,,,https://www.mm2values.com/img/ApocKnife.png,https://murder-mystery-2.fandom.com/wiki/Apocalypse_(Knife),https://www.mm2values.com/?p=common,631,2026-07-31T08:58:43.620988+00:00
6cbcd8ba767928502474d6d7,mm2values,common,TIER 1,Aqua,aqua,1.0,1 X (T1) Common,,,N/A,0.0,0.0,Stable,,,https://www.mm2values.com/img/AquaUP.png,https://murder-mystery-2.fandom.com/wiki/Aqua,https://www.mm2values.com/?p=common,299,2026-07-31T08:58:43.620988+00:00
9659526f1bfb1764a370bdf6,mm2values,common,TIER 4,Asteroid,asteroid,4.0,4,,,N/A,1.0,2.5,Stable,,,https://www.mm2values.com/img/asteroid.png,https://murder-mystery-2.fandom.com/wiki/Asteroid,https://www.mm2values.com/?p=common,226,2026-07-31T08:58:43.620988+00:00
7791136384d509c0f9ce8115,mm2values,common,TIER 1,Balloons Gun,balloons gun,1.0,1 X (T1) Common,,,N/A,0.0,0.0,Stable,,,https://www.mm2values.com/img/Balloons.png,https://murder-mystery-2.fandom.com/wiki/Balloons_(Gun),https://www.mm2values.com/?p=common,823,2026-07-31T08:58:43.620988+00:00
a2da4f90d233a4110f888de1,mm2values,common,TIER 3,Bats,bats,3.0,3,,,N/A,2.0,3.0,Stable,,,https://www.mm2values.com/img/Bats2020.png,https://murder-mystery-2.fandom.com/wiki/Bats_Knife_(2020),https://www.mm2values.com/?p=common,613,2026-07-31T08:58:43.620988+00:00
7cc78f8951194d6259eb16db,mm2values,common,TIER 1,Bats,bats,2.0,2 X (T1) Common,,,N/A,0.0,0.0,Stable,,,https://www.mm2values.com/img/Bats_knife24.png,https://murder-mystery-2.fandom.com/wiki/Bats_Gun_(2024),https://www.mm2values.com/?p=common,835,2026-07-31T08:58:43.620988+00:00
80b74c2c1ee2fe9d2a5a3ad0,mm2values,common,TIER 1,Bats,bats,2.0,2 X (T1) Common,,,N/A,0.0,0.0,Stable,,,https://www.mm2values.com/img/BatsKnife2024.png,https://murder-mystery-2.fandom.com/wiki/Bats_Knife_(2024),https://www.mm2values.com/?p=common,847,2026-07-31T08:58:43.620988+00:00
c9e8f55058655223252a924f,mm2values,common,TIER 3,Bats Gun,bats gun,1.0,1,,,N/A,1.0,2.0,Stable,,,https://www.mm2values.com/img/Bats2018UP.png,https://murder-mystery-2.fandom.com/wiki/Bats_Gun_(2018),https://www.mm2values.com/?p=common,235,2026-07-31T08:58:43.620988+00:00
f20b5b3860e70491f4fcfc26,mm2values,common,TIER 5,Bats Knife,bats knife,215.0,215,,,N/A,3.0,5.5,Stable,,,https://www.mm2values.com/img/BatsK2018UP.png,https://murder-mystery-2.fandom.com/wiki/Bats_Knife_(2018),https://www.mm2values.com/?p=common,234,2026-07-31T08:58:43.620988+00:00
0b39be71e0f7278ba1d805b5,mm2values,common,TIER 1,Bells,bells,2.0,2 X (T1) Common,,,N/A,0.0,0.0,Stable,,,https://www.mm2values.com/img/Bellsknife2023.png,https://murder-mystery-2.fandom.com/wiki/Bells,https://www.mm2values.com/?p=common,790,2026-07-31T08:58:43.620988+00:00
faf610d18fb890abea86cab4,mm2values,common,TIER 1,Big Kill,big kill,1.0,1 X (T1) Common,,,N/A,0.0,0.0,Stable,,,https://www.mm2values.com/img/Big_KillUP.png,https://murder-mystery-2.fandom.com/wiki/Big_Kill,https://www.mm2values.com/?p=common,277,2026-07-31T08:58:43.620988+00:00
84251f2f35126efb5bcbdd4c,mm2values,common,TIER 1,Bit,bit,1.0,1 X (T1) Common,,,N/A,0.0,0.0,Stable,,,https://www.mm2values.com/img/BitGunUP.png,https://murder-mystery-2.fandom.com/wiki/Bit,https://www.mm2values.com/?p=common,292,2026-07-31T08:58:43.620988+00:00
d5b3c2604360f6f18de7b5f9,mm2values,common,TIER 1,Bleached,bleached,1.0,1 X (T1) Common,,,N/A,0.0,0.0,Stable,,,https://www.mm2values.com/img/BleachedUP.png,https://murder-mystery-2.fandom.com/wiki/Bleached,https://www.mm2values.com/?p=common,296,2026-07-31T08:58:43.620988+00:00
f8c9d373a4f347b16e09fbd1,mm2values,common,TIER 3,Blossom,blossom,1.0,1,,,N/A,2.0,3.0,Stable,,,https://www.mm2values.com/img/blossom.png,https://murder-mystery-2.fandom.com/wiki/Blossom,https://www.mm2values.com/?p=common,209,2026-07-31T08:58:43.620988+00:00
94d446923763072c83ad27f5,mm2values,common,TIER 3,Bones,bones,1.0,1,,,N/A,1.0,2.5,Stable,,,https://www.mm2values.com/img/bones2016UP.png,https://murder-mystery-2.fandom.com/wiki/Bones%20(2016),https://www.mm2values.com/?p=common,230,2026-07-31T08:58:43.620988+00:00
ab58c6441d9f3125f19dbdcb,mm2values,common,TIER 1,Borders,borders,1.0,1 X (T1) Common,,,N/A,0.0,0.0,Stable,,,https://www.mm2values.com/img/BordersUP.png,https://murder-mystery-2.fandom.com/wiki/Borders,https://www.mm2values.com/?p=common,282,2026-07-31T08:58:43.620988+00:00
7bf77519c7757e20dceedf55,mm2values,common,TIER 3,Brains,brains,1.0,1,,,N/A,1.0,2.5,Stable,,,https://www.mm2values.com/img/Brain2016UP.png,https://murder-mystery-2.fandom.com/wiki/Brains_(2016),https://www.mm2values.com/?p=common,228,2026-07-31T08:58:43.620988+00:00
9313086a72b07f0109023ed9,mm2values,common,TIER 1,Brown,brown,1.0,1 X (T1) Common,,,N/A,0.0,0.0,Stable,,,https://www.mm2values.com/img/Brown_UP.png,https://murder-mystery-2.fandom.com/wiki/Brown,https://www.mm2values.com/?p=common,304,2026-07-31T08:58:43.620988+00:00
f085c84a20224f4904ba247b,mm2values,common,TIER 3,Bunny,bunny,1.0,1,,,N/A,1.0,3.0,Stable,,,https://www.mm2values.com/img/bunny.png,https://murder-mystery-2.fandom.com/wiki/Bunny,https://www.mm2values.com/?p=common,222,2026-07-31T08:58:43.620988+00:00
cc46730f2b184a16de617a92,mm2values,common,TIER 1,Candied Gun 2022,candied gun 2022,2.0,2 X (T1) Common,,,N/A,0.0,0.0,Stable,,,https://www.mm2values.com/img/CandiedGun22.png,https://murder-mystery-2.fandom.com/wiki/Candied_(Gun),https://www.mm2values.com/?p=common,675,2026-07-31T08:58:43.620988+00:00
088a9ae18821b10ec4873762,mm2values,common,TIER 1,Candied Knife,candied knife,1.0,1 X (T1) Uncommon,,,N/A,2.0,2.0,Stable,,,https://www.mm2values.com/img/CandiedKnife22.png,https://murder-mystery-2.fandom.com/wiki/Candied_(Knife),https://www.mm2values.com/?p=common,666,2026-07-31T08:58:43.620988+00:00
44414627e718469d48d71416,mm2values,common,TIER 1,Candle,candle,2.0,2 X (T1) Common,,,N/A,0.0,0.0,Stable,,,https://www.mm2values.com/img/Candle2020UP.png,https://murder-mystery-2.fandom.com/wiki/Candle,https://www.mm2values.com/?p=common,713,2026-07-31T08:58:43.620988+00:00
ea8ed883001391669efb0ede,mm2values,common,TIER 1,Candles,candles,2.0,2 X (T1) Common,,,N/A,0.0,0.0,Stable,,,https://www.mm2values.com/img/CandlesKnife.png,https://murder-mystery-2.fandom.com/wiki/Candles_Knife_(2024),https://www.mm2values.com/?p=common,837,2026-07-31T08:58:43.620988+00:00
033d27bcea13ef7b0c89f809,mm2values,common,TIER 1,Candy Corn,candy corn,2.0,2 X (T1) Common,,,N/A,0.0,0.0,Stable,,,https://www.mm2values.com/img/CandyCorn2024.png,https://murder-mystery-2.fandom.com/wiki/Candy_Corn_Knife_(2024),https://www.mm2values.com/?p=common,834,2026-07-31T08:58:43.620988+00:00
2cdeff6219deaf34aac53d1f,mm2values,common,TIER 1,Candy Corn,candy corn,2.0,2 X (T1) Common,,,N/A,0.0,0.0,Stable,,,https://www.mm2values.com/img/CandyCornGun2024.png,https://murder-mystery-2.fandom.com/wiki/Candy_Corn_Gun_(2024),https://www.mm2values.com/?p=common,844,2026-07-31T08:58:43.620988+00:00
2905b6e0368e8fb027f70bdc,mm2values,common,TIER 2,Candy Corn Gun,candy corn gun,3.0,3 X (T1) Uncommon,,,N/A,1.0,3.0,Stable,,,https://www.mm2values.com/img/CandyCornG22.png,https://murder-mystery-2.fandom.com/wiki/Candy_Corn_Gun_(2022),https://www.mm2values.com/?p=common,632,2026-07-31T08:58:43.620988+00:00
497e4ec74ae4f4051a7d7992,mm2values,common,TIER 1,Candy Corn gun 2020,candy corn gun 2020,2.0,2 X (T1) Common,,,N/A,0.0,0.0,Stable,,,https://www.mm2values.com/img/CandyCorn2020gunUP.png,https://murder-mystery-2.fandom.com/wiki/Candy_Corn_Gun_(2020),https://www.mm2values.com/?p=common,705,2026-07-31T08:58:43.620988+00:00
1d244783233f599b90dd6a71,mm2values,common,TIER 1,Candy Corn Knife,candy corn knife,2.0,2 X (T1) Common,,,N/A,0.0,0.0,Stable,,,https://www.mm2values.com/img/Candy_Corn_Knife_2022.png,https://murder-mystery-2.fandom.com/wiki/Candy_Corn_Knife_(2022),https://www.mm2values.com/?p=common,637,2026-07-31T08:58:43.620988+00:00
1b127abc1ca63767d53ce7f8,mm2values,common,TIER 1,Candy Corn knife 2020,candy corn knife 2020,3.0,3 X (T1) Common,,,N/A,0.0,0.0,Stable,,,https://www.mm2values.com/img/CandyCornKnife2020UP.png,https://murder-mystery-2.fandom.com/wiki/Candy_Corn_Knife_(2020),https://www.mm2values.com/?p=common,706,2026-07-31T08:58:43.620988+00:00
41fcc68c56d8e9d7ef2abc94,mm2values,common,TIER 5,CandyCorn,candycorn,35.0,35,,,N/A,2.0,4.0,Stable,,,https://www.mm2values.com/img/Candycorn2017UP.png,https://murder-mystery-2.fandom.com/wiki/Candy_Corn_(2017),https://www.mm2values.com/?p=common,246,2026-07-31T08:58:43.620988+00:00
a0e939eab1606f84a3ac37c6,mm2values,common,TIER 2,Candycorn 2019,candycorn 2019,2.0,2 X (T1) Legend,,,N/A,2.0,3.5,Stable,,,https://www.mm2values.com/img/Candycorn2019UP.png,https://murder-mystery-2.fandom.com/wiki/Candy_Corn_(2019),https://www.mm2values.com/?p=common,704,2026-07-31T08:58:43.620988+00:00
ce669093a7f3b0f56fd5b37f,mm2values,common,TIER 2,Candycorn Gun,candycorn gun,3.0,3 X (T1) Rare,,,N/A,3.0,3.0,N/A,,,https://www.mm2values.com/img/CandyCornGun2025.png,https://murder-mystery-2.fandom.com/wiki/Candy_Corn_Gun_(2025),https://www.mm2values.com/?p=common,941,2026-07-31T08:58:43.620988+00:00
eaed194cafd0c29d99c09595,mm2values,common,TIER 2,Candycorn Knife,candycorn knife,1.0,1 X (T1) Rare,,,N/A,3.0,3.0,N/A,,,https://www.mm2values.com/img/CandyCornKnife2025.png,https://murder-mystery-2.fandom.com/wiki/CandyCorn,https://www.mm2values.com/?p=common,949,2026-07-31T08:58:43.620988+00:00
c46c4876971c80c64f4d22f4,mm2values,common,TIER 2,Cane Gun,cane gun,3.0,3 X (T1) Uncommon,,,N/A,0.0,0.5,Stable,,,https://www.mm2values.com/img/CaneGun2021.png,https://murder-mystery-2.fandom.com/wiki/Cane_Gun_(2021),https://www.mm2values.com/?p=common,561,2026-07-31T08:58:43.620988+00:00
8229f08ea8cf4cb3026ae485,mm2values,common,TIER 1,Cane Knife,cane knife,3.0,3 X (T1) Common,,,N/A,0.0,0.0,Stable,,,https://www.mm2values.com/img/Cane2021.png,https://murder-mystery-2.fandom.com/wiki/Cane_Knife_(2021),https://www.mm2values.com/?p=common,550,2026-07-31T08:58:43.620988+00:00
a563073b5c84dedec4ccdc52,mm2values,common,TIER 1,Cardboard,cardboard,1.0,1 X (T1) Common,,,N/A,0.0,0.0,Stable,,,https://www.mm2values.com/img/CardboardUP.png,https://murder-mystery-2.fandom.com/wiki/Cardboard,https://www.mm2values.com/?p=common,290,2026-07-31T08:58:43.620988+00:00
7f81f9231440565544055379,mm2values,common,TIER 3,Carrot,carrot,2.0,2,,,N/A,1.0,3.0,Stable,,,https://www.mm2values.com/img/carrot.png,https://murder-mystery-2.fandom.com/wiki/Carrot,https://www.mm2values.com/?p=common,225,2026-07-31T08:58:43.620988+00:00
39f9b5f823291655515ab9d7,mm2values,common,TIER 1,Carrots,carrots,1.0,1 X (T1) Uncommon,,,N/A,0.0,0.0,Stable,,,https://www.mm2values.com/img/CarrotKnife2025.png,https://murder-mystery-2.fandom.com/wiki/Carrots_(Knife),https://www.mm2values.com/?p=common,892,2026-07-31T08:58:43.620988+00:00
2105d0172ba92ce16eab043e,mm2values,common,TIER 1,Carved (Gun),carved gun,3.0,3 X (T1) Common,,,N/A,0.0,0.0,Stable,,,https://www.mm2values.com/img/CurvedGun.png,https://murder-mystery-2.fandom.com/wiki/Carved_(Gun),https://www.mm2values.com/?p=common,614,2026-07-31T08:58:43.620988+00:00
b58b879cfa734766ca0b76a4,mm2values,common,TIER 1,Carved (Knife),carved knife,3.0,3 X (T1) Common,,,N/A,0.0,0.0,Stable,,,https://www.mm2values.com/img/Carvedknife.png,https://murder-mystery-2.fandom.com/wiki/Carved_(Knife)&d=1,https://www.mm2values.com/?p=common,615,2026-07-31T08:58:43.620988+00:00
22f8662ad9b482ef330bad5d,mm2values,common,TIER 2,Cats,cats,3.0,3 X (T1) Rare,,,N/A,3.0,3.0,N/A,,,https://www.mm2values.com/img/catsKnife2025.png,https://murder-mystery-2.fandom.com/wiki/Bats_(2025),https://www.mm2values.com/?p=common,939,2026-07-31T08:58:43.620988+00:00
224db0e215af36aa24cca92d,mm2values,common,TIER 1,Cherries,cherries,0.0,0,,,N/A,0.0,0.0,N/A,,,https://www.mm2values.com/img/CherriesGun2026.png,,https://www.mm2values.com/?p=common,1015,2026-07-31T08:58:43.620988+00:00
d66dfcfec66dbcace3574970,mm2values,common,TIER 1,Cherry,cherry,1.0,1 X (T1) Common,,,N/A,0.0,0.0,Stable,,,https://www.mm2values.com/img/CherryUP.png,https://murder-mystery-2.fandom.com/wiki/Cherry,https://www.mm2values.com/?p=common,289,2026-07-31T08:58:43.620988+00:00
d88f7812463b6ed5704508d0,mm2values,common,TIER 1,Chick,chick,1.0,1 X (T1) Uncommon,,,N/A,0.0,0.0,Stable,,,https://www.mm2values.com/img/ChickKnife2025.png,https://murder-mystery-2.fandom.com/wiki/Chick,https://www.mm2values.com/?p=common,896,2026-07-31T08:58:43.620988+00:00
be5ee31bfea7a7de9fd480b6,mm2values,common,TIER 3,Choco,choco,1.0,1,,,N/A,1.0,3.0,Stable,,,https://www.mm2values.com/img/choco.png,https://murder-mystery-2.fandom.com/wiki/Choco,https://www.mm2values.com/?p=common,223,2026-07-31T08:58:43.620988+00:00
2b1df83428092cc3bc6a569c,mm2values,common,TIER 1,Clan,clan,1.0,1 X (T1) Common,,,N/A,0.0,0.0,Stable,,,https://www.mm2values.com/img/ClanUP.png,https://murder-mystery-2.fandom.com/wiki/Clan,https://www.mm2values.com/?p=common,288,2026-07-31T08:58:43.620988+00:00
287a9c111c3d5e5df0df76b8,mm2values,common,TIER 1,Clown,clown,1.0,1 X (T1) Common,,,N/A,0.0,0.0,Stable,,,https://www.mm2values.com/img/ClownUP.png,https://murder-mystery-2.fandom.com/wiki/Clown_(Knife),https://www.mm2values.com/?p=common,297,2026-07-31T08:58:43.620988+00:00
fb710afda638b00ad641efcc,mm2values,common,TIER 1,Clown Gun,clown gun,1.0,1 X (T1) Common,,,N/A,0.0,0.0,Stable,,,https://www.mm2values.com/img/ClownGunUp.png,https://murder-mystery-2.fandom.com/wiki/Clown_(Gun),https://www.mm2values.com/?p=common,463,2026-07-31T08:58:43.620988+00:00
3378c6dae9a5fab154f4e9bf,mm2values,common,TIER 1,Clownfish Gun,clownfish gun,1.0,1 X (T1) Common,,,N/A,0.0,0.0,Stable,,,https://www.mm2values.com/img/Clowngun.png,https://murder-mystery-2.fandom.com/wiki/Clownfish_(Gun),https://www.mm2values.com/?p=common,821,2026-07-31T08:58:43.620988+00:00
0ffa345338463e28edb7d37f,mm2values,common,TIER 1,Clownfish Knife,clownfish knife,1.0,1 X (T1) Common,,,N/A,0.0,0.0,Stable,,,https://www.mm2values.com/img/ClownfishKnife.png,https://murder-mystery-2.fandom.com/wiki/Clownfish_(Knife),https://www.mm2values.com/?p=common,826,2026-07-31T08:58:43.620988+00:00
4a0b19b0e31e1238340806de,mm2values,common,TIER 2,Coal,coal,1.0,1 X (T1) Rare,,,N/A,2.0,2.0,Stable,,,https://www.mm2values.com/img/Coal2017UP.png,https://murder-mystery-2.fandom.com/wiki/Coal_(2017),https://www.mm2values.com/?p=common,251,2026-07-31T08:58:43.620988+00:00
4d23e337c31d64d35ac5dd31,mm2values,common,TIER 2,Coal Gun,coal gun,1.0,1 X (T1) Rare,,,N/A,2.0,2.0,Stable,,,https://www.mm2values.com/img/Coal_2018UP.png,https://murder-mystery-2.fandom.com/wiki/Coal_Gun_(2018),https://www.mm2values.com/?p=common,259,2026-07-31T08:58:43.620988+00:00
e8f8ef2f8c00a8d807e25c19,mm2values,common,TIER 1,Coal Gun,coal gun,2.0,2 X (T1) Common,,,N/A,0.0,0.0,Stable,,,https://www.mm2values.com/img/CoalGun2021.png,https://murder-mystery-2.fandom.com/wiki/Coal_Gun_(2021),https://www.mm2values.com/?p=common,549,2026-07-31T08:58:43.620988+00:00
f3d1fd3f386e6b969c69a58b,mm2values,common,TIER 1,Coal Gun 2022,coal gun 2022,1.0,1 X (T1) Uncommon,,,N/A,2.0,2.0,Stable,,,https://www.mm2values.com/img/CoalG2022.png,https://murder-mystery-2.fandom.com/wiki/Coal_Gun_(2022),https://www.mm2values.com/?p=common,665,2026-07-31T08:58:43.620988+00:00
74aed1603aa9213988f55266,mm2values,common,TIER 5,Coal knife,coal knife,25.0,25,,,N/A,1.5,4.0,Stable,,,https://www.mm2values.com/img/Coal_2018_knifeup.png,https://murder-mystery-2.fandom.com/wiki/Coal_Knife_(2018),https://www.mm2values.com/?p=common,268,2026-07-31T08:58:43.620988+00:00
daa7f34352ecd535b0d6742c,mm2values,common,TIER 1,Coal Knife,coal knife,1.0,1 X (T1) Uncommon,,,N/A,0.0,0.5,Stable,,,https://www.mm2values.com/img/CoalKnife2021.png,https://murder-mystery-2.fandom.com/wiki/Coal_Knife_(2021),https://www.mm2values.com/?p=common,559,2026-07-31T08:58:43.620988+00:00
2d9f0f0a6e54e0e11b67f4a7,mm2values,common,TIER 1,Coal Knife 2022,coal knife 2022,2.0,2 X (T1) Common,,,N/A,0.0,0.0,Stable,,,https://www.mm2values.com/img/CoalK2022.png,https://murder-mystery-2.fandom.com/wiki/Coal_Knife_(2022),https://www.mm2values.com/?p=common,674,2026-07-31T08:58:43.620988+00:00
a6553a80dad56683eb19141d,mm2values,common,TIER 1,Coconut Knife,coconut knife,1.0,1 X (T1) Uncommon,,,N/A,1.5,1.5,Stable,,,https://www.mm2values.com/img/CoconutK25.png,https://murder-mystery-2.fandom.com/wiki/Coconut_Knife_(Summer_2025),https://www.mm2values.com/?p=common,921,2026-07-31T08:58:43.620988+00:00
525318430d2945fdfde94af9,mm2values,common,TIER 1,Cold,cold,1.0,1 X (T1) Common,,,N/A,0.0,0.0,Stable,,,https://www.mm2values.com/img/ColdgunUP.png,https://murder-mystery-2.fandom.com/wiki/Cold,https://www.mm2values.com/?p=common,279,2026-07-31T08:58:43.620988+00:00
2be6720e86b2dd28300e4fe0,mm2values,common,TIER 1,Combat,combat,1.0,1 X (T1) Common,,,N/A,0.0,0.0,Stable,,,https://www.mm2values.com/img/Combat1UP.png,https://murder-mystery-2.fandom.com/wiki/Combat,https://www.mm2values.com/?p=common,449,2026-07-31T08:58:43.620988+00:00
7b40fe6bef3ac82774db550e,mm2values,common,TIER 4,Combat II,combat ii,11.0,11,,,N/A,2.0,3.0,Stable,,,https://www.mm2values.com/img/Combat2UP.png,https://murder-mystery-2.fandom.com/wiki/Combat_II,https://www.mm2values.com/?p=common,703,2026-07-31T08:58:43.620988+00:00
1f2872158b5521aed1e51820,mm2values,common,TIER 1,Copper,copper,1.0,1 X (T1) Common,,,N/A,0.0,0.0,Stable,,,https://www.mm2values.com/img/CopperUP.png,https://murder-mystery-2.fandom.com/wiki/Copper,https://www.mm2values.com/?p=common,450,2026-07-31T08:58:43.620988+00:00
b041d2c7e9fb807c5cbfdfce,mm2values,common,TIER 4,Corl,corl,5.0,5,,,N/A,2.0,3.0,Stable,,,https://www.mm2values.com/img/corl.png,https://murder-mystery-2.fandom.com/wiki/Corl,https://www.mm2values.com/?p=common,311,2026-07-31T08:58:43.620988+00:00
3b3bd21e6c65ace615434c36,mm2values,common,TIER 1,Darkness Gun,darkness gun,3.0,3 X (T1) Common,,,N/A,0.0,0.0,Stable,,,https://www.mm2values.com/img/Darkness_Gun_2022.png,https://murder-mystery-2.fandom.com/wiki/Darkness_(Gun),https://www.mm2values.com/?p=common,640,2026-07-31T08:58:43.620988+00:00
a881f1bbb23d2fbe303f1e7b,mm2values,common,TIER 2,Darkness Knife,darkness knife,1.0,1 X (T1) Rare,,,N/A,2.0,3.0,Stable,,,https://www.mm2values.com/img/Darkness_Knife_2022.png,https://murder-mystery-2.fandom.com/wiki/Darkness_(Knife),https://www.mm2values.com/?p=common,634,2026-07-31T08:58:43.620988+00:00
1079a7d466800daa4281f86e,mm2values,common,TIER 4,Denis,denis,5.0,5,,,N/A,2.0,3.0,Stable,,,https://www.mm2values.com/img/denis.png,https://murder-mystery-2.fandom.com/wiki/Denis,https://www.mm2values.com/?p=common,309,2026-07-31T08:58:43.620988+00:00
4b0914354d1ffca93a23f35a,mm2values,common,TIER 1,Dolphins Knife,dolphins knife,1.0,1 X (T1) Uncommon,,,N/A,1.5,1.5,Stable,,,https://www.mm2values.com/img/DolphinsK25.png,https://murder-mystery-2.fandom.com/wiki/Dolphins,https://www.mm2values.com/?p=common,910,2026-07-31T08:58:43.620988+00:00
96de04de33cdd9d61b622258,mm2values,common,TIER 1,Duckies,duckies,0.0,0,,,N/A,0.0,0.0,N/A,,,https://www.mm2values.com/img/DuckiesGun2026.png,,https://www.mm2values.com/?p=common,1016,2026-07-31T08:58:43.620988+00:00
dd195966b3fbd5022c523217,mm2values,common,TIER 1,Eco,eco,1.0,1 X (T1) Common,,,N/A,0.0,0.0,Stable,,,https://www.mm2values.com/img/EcoUP.png,https://murder-mystery-2.fandom.com/wiki/Eco,https://www.mm2values.com/?p=common,300,2026-07-31T08:58:43.620988+00:00
7bf2e903f102d80cd91c9a8b,mm2values,common,TIER 5,Ecto,ecto,25.0,25,,,N/A,2.0,4.0,Stable,,,https://www.mm2values.com/img/Ecto2017UP.png,https://murder-mystery-2.fandom.com/wiki/Ecto,https://www.mm2values.com/?p=common,245,2026-07-31T08:58:43.620988+00:00
4cb315af27cc23342bf308ab,mm2values,common,TIER 3,Egg,egg,2.0,2,,,N/A,1.0,3.0,Stable,,,https://www.mm2values.com/img/egg.png,https://murder-mystery-2.fandom.com/wiki/Egg,https://www.mm2values.com/?p=common,224,2026-07-31T08:58:43.620988+00:00
5fe0f8e4771323ac3bc98b80,mm2values,common,TIER 2,Elf (2017),elf 2017,1.0,1 X (T1) Rare,,,N/A,2.0,2.0,Stable,,,https://www.mm2values.com/img/Elf2017UP.png,https://murder-mystery-2.fandom.com/wiki/Elf_(2017),https://www.mm2values.com/?p=common,249,2026-07-31T08:58:43.620988+00:00
27b88314fb31fc3e73594dc8,mm2values,common,TIER 3,Elf (Gun),elf gun,3.0,3,,,N/A,1.0,3.0,Stable,,,https://www.mm2values.com/img/elfgun.png,https://murder-mystery-2.fandom.com/wiki/Elf_Gun_(2015),https://www.mm2values.com/?p=common,217,2026-07-31T08:58:43.620988+00:00
d3a72dba28539324e1ac1ca8,mm2values,common,TIER 5,Elf (knife),elf knife,18.0,18,,,N/A,1.5,4.0,Stable,,,https://www.mm2values.com/img/Elf_knife2015UP.png,https://murder-mystery-2.fandom.com/wiki/Elf_Knife_(2015),https://www.mm2values.com/?p=common,218,2026-07-31T08:58:43.620988+00:00
d9108cffba5d709d5e0bb237,mm2values,common,TIER 2,Elf Gun,elf gun,1.0,1 X (T1) Legend,,,N/A,2.0,3.5,Stable,,,https://www.mm2values.com/img/Elf_gun_2018up.png,https://murder-mystery-2.fandom.com/wiki/Elf_Gun_(2018),https://www.mm2values.com/?p=common,270,2026-07-31T08:58:43.620988+00:00
9700d51ef55c40c4f1aee8b1,mm2values,common,TIER 1,Elf Gun 23,elf gun 23,2.0,2 X (T1) Common,,,N/A,0.0,0.0,Stable,,,https://www.mm2values.com/img/Elfgun2023.png,https://murder-mystery-2.fandom.com/wiki/Elf_(2023),https://www.mm2values.com/?p=common,788,2026-07-31T08:58:43.620988+00:00
7be59fe3ac9feefab4ab9d40,mm2values,common,TIER 1,Engraved,engraved,1.0,1 X (T1) Common,,,N/A,0.0,0.0,Stable,,,https://www.mm2values.com/img/EngravedUP.png,https://murder-mystery-2.fandom.com/wiki/Engraved,https://www.mm2values.com/?p=common,284,2026-07-31T08:58:43.620988+00:00
7314c20070955c45bb1e1574,mm2values,common,TIER 2,Etched,etched,1.0,1 X (T1) Rare,,,N/A,2.0,3.0,Stable,,,https://www.mm2values.com/img/Etched_Knife_2023.png,,https://www.mm2values.com/?p=common,753,2026-07-31T08:58:43.620988+00:00
461b2637b0f44f149d147d80,mm2values,common,TIER 4,Euro,euro,5.0,5,,,N/A,1.5,2.5,Stable,,,https://www.mm2values.com/img/EuroUP.png,https://murder-mystery-2.fandom.com/wiki/Euro,https://www.mm2values.com/?p=common,255,2026-07-31T08:58:43.620988+00:00
0b28a0ec4874ca4ca387f435,mm2values,common,TIER 1,Eyeball Knife,eyeball knife,3.0,3 X (T1) Common,,,N/A,0.0,0.0,Stable,,,https://www.mm2values.com/img/Eyeball_Knife22.png,https://murder-mystery-2.fandom.com/wiki/Eyeball_(Knife),https://www.mm2values.com/?p=common,638,2026-07-31T08:58:43.620988+00:00
af3059d1eef43e030aef0cc1,mm2values,common,TIER 2,Fall,fall,1.0,1 X (T1) Rare,,,N/A,3.0,3.0,N/A,,,https://www.mm2values.com/img/FallGun2025.png,https://murder-mystery-2.fandom.com/wiki/Fall,https://www.mm2values.com/?p=common,950,2026-07-31T08:58:43.620988+00:00
7afbd0e6218d2ff4fb6ba2f0,mm2values,common,TIER 1,Fallout,fallout,1.0,1 X (T1) Common,,,N/A,0.0,0.0,Stable,,,https://www.mm2values.com/img/FalloutUP.png,https://murder-mystery-2.fandom.com/wiki/Fallout,https://www.mm2values.com/?p=common,278,2026-07-31T08:58:43.620988+00:00
348b634360ac4d6a79d7f983,mm2values,common,TIER 1,Fragile Gun,fragile gun,2.0,2 X (T1) Common,,,N/A,0.0,0.0,Stable,,,https://www.mm2values.com/img/fragilegun.png,https://murder-mystery-2.fandom.com/wiki/Fragile_(Gun),https://www.mm2values.com/?p=common,724,2026-07-31T08:58:43.620988+00:00
e78f824c78239614afe02ebc,mm2values,common,TIER 1,Fragile Knife,fragile knife,2.0,2 X (T1) Common,,,N/A,0.0,0.0,Stable,,,https://www.mm2values.com/img/fragileknife.png,https://murder-mystery-2.fandom.com/wiki/Fragile_(Knife),https://www.mm2values.com/?p=common,725,2026-07-31T08:58:43.620988+00:00
a271b430979e353b45c9288e,mm2values,common,TIER 2,Frosted Gun,frosted gun,3.0,3 X (T1) Legend,,,N/A,2.0,3.5,Stable,,,https://www.mm2values.com/img/frostedgun.png,https://murder-mystery-2.fandom.com/wiki/Frosted_(Gun),https://www.mm2values.com/?p=common,416,2026-07-31T08:58:43.620988+00:00
d56785fbd9659e6b0e1a43e8,mm2values,common,TIER 5,Frosted Knife,frosted knife,40.0,40,,,N/A,3.0,4.5,Stable,,,https://www.mm2values.com/img/frostedknife.png,https://murder-mystery-2.fandom.com/wiki/Frosted_(Knife),https://www.mm2values.com/?p=common,417,2026-07-31T08:58:43.620988+00:00
803c7b544740a97f49e2ef45,mm2values,common,TIER 1,Frozen Gun 23,frozen gun 23,2.0,2 X (T1) Common,,,N/A,0.0,0.0,Stable,,,https://www.mm2values.com/img/Frozengun2023.png,https://murder-mystery-2.fandom.com/wiki/Frozen_Gun_(2023),https://www.mm2values.com/?p=common,792,2026-07-31T08:58:43.620988+00:00
8ad8c149f635919ea22553ae,mm2values,common,TIER 1,Frozen Knife 23,frozen knife 23,2.0,2 X (T1) Common,,,N/A,0.0,0.0,Stable,,,https://www.mm2values.com/img/Frozenknife2023.png,https://murder-mystery-2.fandom.com/wiki/Frozen_Knife_(2023),https://www.mm2values.com/?p=common,793,2026-07-31T08:58:43.620988+00:00
ec1b00b7addcd918782eb1eb,mm2values,common,TIER 2,Ghosts,ghosts,2.0,2 X (T1) Uncommon,,,N/A,2.0,3.0,Stable,,,https://www.mm2values.com/img/Ghosts_Knife_2023.png,,https://www.mm2values.com/?p=common,754,2026-07-31T08:58:43.620988+00:00
cf9f2eb9979a88eaef759af9,mm2values,common,TIER 1,Ghosts,ghosts,2.0,2 X (T1) Common,,,N/A,0.0,0.0,Stable,,,https://www.mm2values.com/img/Ghosts2024.png,https://murder-mystery-2.fandom.com/wiki/Ghosts_Knife_(2024),https://www.mm2values.com/?p=common,845,2026-07-31T08:58:43.620988+00:00
46912e75a18326e639f1dd0f,mm2values,common,TIER 3,Ghosty,ghosty,2.0,2,,,N/A,1.0,3.0,Stable,,,https://www.mm2values.com/img/Ghosty2016UP.png,https://murder-mystery-2.fandom.com/wiki/Ghosty_(Knife),https://www.mm2values.com/?p=common,227,2026-07-31T08:58:43.620988+00:00
5a094e33870b207274881ef4,mm2values,common,TIER 5,Ghoulish,ghoulish,90.0,90,,,N/A,2.5,4.5,Stable,,,https://www.mm2values.com/img/Ghoulish.png,https://murder-mystery-2.fandom.com/wiki/Ghoulish,https://www.mm2values.com/?p=common,748,2026-07-31T08:58:43.620988+00:00
3e01681ddc48c77ec1546417,mm2values,common,TIER 1,Gift Bag Gun,gift bag gun,1.0,1 X (T1) Uncommon,,,N/A,0.0,0.5,Stable,,,https://www.mm2values.com/img/giftbaggun.png,https://murder-mystery-2.fandom.com/wiki/Gift_Bag_(Gun),https://www.mm2values.com/?p=common,547,2026-07-31T08:58:43.620988+00:00
c0b3266954356810e40403a6,mm2values,common,TIER 2,Gift Bag Knife,gift bag knife,3.0,3 X (T1) Uncommon,,,N/A,2.0,3.0,Stable,,,https://www.mm2values.com/img/giftbagknife.png,https://murder-mystery-2.fandom.com/wiki/Gift_Bag_(Knife),https://www.mm2values.com/?p=common,536,2026-07-31T08:58:43.620988+00:00
5705e2dfc1ab82e3dff8cd62,mm2values,common,TIER 1,Gifts 2024,gifts 2024,3.0,3 X (T1) Common,,,N/A,0.0,0.0,Stable,,,https://www.mm2values.com/img/Giftsknife2024.png,https://murder-mystery-2.fandom.com/wiki/Gifts_(2024),https://www.mm2values.com/?p=common,870,2026-07-31T08:58:43.620988+00:00
0a6f995cba1441900e073700,mm2values,common,TIER 2,Gifts Gun,gifts gun,3.0,3 X (T1) Legend,,,N/A,2.0,3.0,Stable,,,https://www.mm2values.com/img/giftsgun.png,https://murder-mystery-2.fandom.com/wiki/Gifts_(Gun),https://www.mm2values.com/?p=common,419,2026-07-31T08:58:43.620988+00:00
bd855c20aa6e9c620bf15a5a,mm2values,common,TIER 5,Gifts Knife,gifts knife,110.0,110,,,N/A,2.0,5.0,Stable,,,https://www.mm2values.com/img/giftsknife.png,https://murder-mystery-2.fandom.com/wiki/Gifts_(Knife),https://www.mm2values.com/?p=common,418,2026-07-31T08:58:43.620988+00:00
ff4e4af145323e8e7e28a965,mm2values,common,TIER 1,Giftwrap Knife,giftwrap knife,2.0,2 X (T1) Common,,,N/A,0.0,0.0,Stable,,,https://www.mm2values.com/img/GiftWrap2021.png,https://murder-mystery-2.fandom.com/wiki/Giftwrap,https://www.mm2values.com/?p=common,548,2026-07-31T08:58:43.620988+00:00
470d0cd3740ddce0466e1656,mm2values,common,TIER 5,Glitch 1,glitch 1,70.0,70,,,N/A,2.5,3.5,Stable,,,https://www.mm2values.com/img/glitch.png,https://murder-mystery-2.fandom.com/wiki/Glitch,https://www.mm2values.com/?p=common,523,2026-07-31T08:58:43.620988+00:00
3b4a56b2522c02d8d70dc583,mm2values,common,TIER 5,Glitch 2,glitch 2,40.0,40,,,N/A,1.0,3.5,Stable,,,https://www.mm2values.com/img/glitch2.png,https://murder-mystery-2.fandom.com/wiki/Glitch2,https://www.mm2values.com/?p=common,695,2026-07-31T08:58:43.620988+00:00
659c5087660201f4bd40af88,mm2values,common,TIER 3,Goo,goo,2.0,2,,,N/A,1.0,3.0,Stable,,,https://www.mm2values.com/img/goo.png,https://murder-mystery-2.fandom.com/wiki/Goo,https://www.mm2values.com/?p=common,203,2026-07-31T08:58:43.620988+00:00
7b0a7b4131e67e0abff4afa6,mm2values,common,TIER 3,Grave Gun,grave gun,3.0,3,,,N/A,1.0,3.0,Stable,,,https://www.mm2values.com/img/GraveG2018UP.png,https://murder-mystery-2.fandom.com/wiki/Grave_(Gun),https://www.mm2values.com/?p=common,236,2026-07-31T08:58:43.620988+00:00
8152ce1714e66e00ac2d0989,mm2values,common,TIER 3,Grave Knife,grave knife,1.0,1,,,N/A,0.5,2.0,Stable,,,https://www.mm2values.com/img/Grave2018UP.png,https://murder-mystery-2.fandom.com/wiki/Grave_(Knife),https://www.mm2values.com/?p=common,237,2026-07-31T08:58:43.620988+00:00
9bb8eba2db2470f8635e9135,mm2values,common,TIER 1,Green,green,1.0,1 X (T1) Common,,,N/A,0.0,0.0,Stable,,,https://www.mm2values.com/img/GreenUP.png,https://murder-mystery-2.fandom.com/wiki/Green,https://www.mm2values.com/?p=common,305,2026-07-31T08:58:43.620988+00:00
393e462c091320f637823df8,mm2values,common,TIER 3,Grind,grind,2.0,2,,,N/A,1.5,2.5,Stable,,,https://www.mm2values.com/img/GrindUP.png,https://murder-mystery-2.fandom.com/wiki/Grind,https://www.mm2values.com/?p=common,254,2026-07-31T08:58:43.620988+00:00
73a2da44e8353587417fc9f9,mm2values,common,TIER 1,Hardened,hardened,1.0,1 X (T1) Common,,,N/A,0.0,0.0,Stable,,,https://www.mm2values.com/img/HardUP.png,https://murder-mystery-2.fandom.com/wiki/Hardened,https://www.mm2values.com/?p=common,451,2026-07-31T08:58:43.620988+00:00
e2c035a320e881c111c69134,mm2values,common,TIER 2,Haunted,haunted,3.0,3 X (T1) Rare,,,N/A,3.0,3.0,N/A,,,https://www.mm2values.com/img/HauntedKnife2025.png,https://murder-mystery-2.fandom.com/wiki/Haunted,https://www.mm2values.com/?p=common,940,2026-07-31T08:58:43.620988+00:00
4de2a0c23e2c87d9b466b6fe,mm2values,common,TIER 3,Haunted Gun,haunted gun,1.0,1,,,N/A,1.0,2.0,Stable,,,https://www.mm2values.com/img/Haunted2018UP.png,https://murder-mystery-2.fandom.com/wiki/Haunted_(Gun),https://www.mm2values.com/?p=common,239,2026-07-31T08:58:43.620988+00:00
592928a0104bed89e532b90f,mm2values,common,TIER 3,Haunted Knife,haunted knife,1.0,1,,,N/A,0.5,2.5,Stable,,,https://www.mm2values.com/img/Hauntedk2018UP.png,https://murder-mystery-2.fandom.com/wiki/Haunted_(Knife),https://www.mm2values.com/?p=common,238,2026-07-31T08:58:43.620988+00:00
0ddacb2ffe120836759b27d4,mm2values,common,TIER 3,Hearts,hearts,1.0,1,,,N/A,2.0,3.0,Stable,,,https://www.mm2values.com/img/hearts.png,https://murder-mystery-2.fandom.com/wiki/Hearts,https://www.mm2values.com/?p=common,201,2026-07-31T08:58:43.620988+00:00
d9af30a0b526550dd32ec086,mm2values,common,TIER 2,Hearts Knife,hearts knife,4.0,4 X (T1) Uncommon,,,N/A,2.0,2.0,N/A,,,https://www.mm2values.com/img/Hearts_2026.png,https://murder-mystery-2.fandom.com/wiki/Hearts_(2026),https://www.mm2values.com/?p=common,1001,2026-07-31T08:58:43.620988+00:00
3fd9d5a3561d341775184cdf,mm2values,common,TIER 1,HL2,hl2,1.0,1 X (T1) Common,,,N/A,0.0,0.0,Stable,,,https://www.mm2values.com/img/HL2UP.png,https://murder-mystery-2.fandom.com/wiki/HL2,https://www.mm2values.com/?p=common,295,2026-07-31T08:58:43.620988+00:00
65b6dc67ab794752076a484f,mm2values,common,TIER 1,Hot Chocolate,hot chocolate,3.0,3 X (T1) Common,,,N/A,0.0,0.0,Stable,,,https://www.mm2values.com/img/HotChocolate2024.png,https://murder-mystery-2.fandom.com/wiki/Hot_Chocolate,https://www.mm2values.com/?p=common,869,2026-07-31T08:58:43.620988+00:00
7252cd50df3700df0151e8dc,mm2values,common,TIER 2,Hunter Knife,hunter knife,1.0,1 X (T1) Rare,,,N/A,2.0,3.0,Stable,,,https://www.mm2values.com/img/Hunter_Knife_2022.png,https://murder-mystery-2.fandom.com/wiki/Hunter,https://www.mm2values.com/?p=common,635,2026-07-31T08:58:43.620988+00:00
457a8877135c20fdfcfd01db,mm2values,common,TIER 1,Ice,ice,1.0,1 X (T1) Common,,,N/A,0.0,0.0,Stable,,,https://www.mm2values.com/img/IceUP.png,https://murder-mystery-2.fandom.com/wiki/Ice,https://www.mm2values.com/?p=common,274,2026-07-31T08:58:43.620988+00:00
5506f3155362f43b76bc3b79,mm2values,common,TIER 1,Igloo Gun,igloo gun,3.0,3 X (T1) Common,,,N/A,0.0,0.0,Stable,,,https://www.mm2values.com/img/Igloogun2024.png,https://murder-mystery-2.fandom.com/wiki/Igloo_(Gun),https://www.mm2values.com/?p=common,871,2026-07-31T08:58:43.620988+00:00
3fadff29d84a6cb6127884f8,mm2values,common,TIER 1,Igloo Knife,igloo knife,2.0,2 X (T1) Common,,,N/A,0.0,0.0,Stable,,,https://www.mm2values.com/img/IglooKnife2024.png,https://murder-mystery-2.fandom.com/wiki/Igloo_(Knife),https://www.mm2values.com/?p=common,881,2026-07-31T08:58:43.620988+00:00
a3cca3ecf1e08c5a3159d129,mm2values,common,TIER 3,Indy,indy,2.0,2,,,N/A,2.0,3.0,Stable,,,https://www.mm2values.com/img/IndyUP.png,https://murder-mystery-2.fandom.com/wiki/Indy,https://www.mm2values.com/?p=common,258,2026-07-31T08:58:43.620988+00:00
dc235272bb80d5ddabd7e99a,mm2values,common,TIER 3,Infected,infected,2.0,2,,,N/A,1.0,3.0,Stable,,,https://www.mm2values.com/img/infected.png,https://murder-mystery-2.fandom.com/wiki/Infected,https://www.mm2values.com/?p=common,206,2026-07-31T08:58:43.620988+00:00
d0420b17c7c108c5f2a33f4a,mm2values,common,TIER 3,Infected Gun,infected gun,3.0,3,,,N/A,2.0,3.0,Stable,,,https://www.mm2values.com/img/Infected_Gun_2022.png,https://murder-mystery-2.fandom.com/wiki/Infected_Gun_(2022),https://www.mm2values.com/?p=common,642,2026-07-31T08:58:43.620988+00:00
b5e4a899368caa4f83189e56,mm2values,common,TIER 2,Infected Knife,infected knife,1.0,1 X (T1) Rare,,,N/A,2.0,3.0,Stable,,,https://www.mm2values.com/img/Infected_Knife_2022.png,https://murder-mystery-2.fandom.com/wiki/Infected_Knife_(2022),https://www.mm2values.com/?p=common,641,2026-07-31T08:58:43.620988+00:00
9fc3f8b8387a31591ddd9554,mm2values,common,TIER 1,Infiltrator,infiltrator,1.0,1 X (T1) Common,,,N/A,0.0,0.0,Stable,,,https://www.mm2values.com/img/InfiltratorUP.png,https://murder-mystery-2.fandom.com/wiki/Infiltrator,https://www.mm2values.com/?p=common,285,2026-07-31T08:58:43.620988+00:00
25b4f89865bc9c77ea90e65f,mm2values,common,TIER 1,Iron,iron,1.0,1 X (T1) Common,,,N/A,0.0,0.0,Stable,,,https://www.mm2values.com/img/IronUP.png,https://murder-mystery-2.fandom.com/wiki/Iron,https://www.mm2values.com/?p=common,276,2026-07-31T08:58:43.620988+00:00
43aaefd307db782fb594f431,mm2values,common,TIER 1,Juice,juice,1.0,1 X (T1) Common,,,N/A,0.0,0.0,Stable,,,https://www.mm2values.com/img/JuiceGunUP.png,https://murder-mystery-2.fandom.com/wiki/Juice,https://www.mm2values.com/?p=common,286,2026-07-31T08:58:43.620988+00:00
baa00020be72bf7a68b9a3ce,mm2values,common,TIER 1,Leaf,leaf,1.0,1 X (T1) Common,,,N/A,0.0,0.0,Stable,,,https://www.mm2values.com/img/LeafMM2UP.png,https://murder-mystery-2.fandom.com/wiki/Leaf,https://www.mm2values.com/?p=common,464,2026-07-31T08:58:43.620988+00:00
1b30734d414ed211a59d2eab,mm2values,common,TIER 1,Leaves Knife,leaves knife,1.0,1 X (T1) Uncommon,,,N/A,1.5,1.5,Stable,,,https://www.mm2values.com/img/LeavesK25.png,https://murder-mystery-2.fandom.com/wiki/Leaves_Knife_(Summer_2025),https://www.mm2values.com/?p=common,920,2026-07-31T08:58:43.620988+00:00
481ffa78d52c4539d957259a,mm2values,common,TIER 1,Lights Gun,lights gun,2.0,2 X (T1) Common,,,N/A,0.0,0.0,Stable,,,https://www.mm2values.com/img/Lights_Gun_2025.png,,https://www.mm2values.com/?p=common,973,2026-07-31T08:58:43.620988+00:00
d0bbc90f0bf63db5aa29240a,mm2values,common,TIER 1,Lights Knife,lights knife,2.0,2 X (T1) Common,,,N/A,0.0,0.0,Stable,,,https://www.mm2values.com/img/Lights_Christmas_2025.png,,https://www.mm2values.com/?p=common,980,2026-07-31T08:58:43.620988+00:00
5e939e7c6ff34d76c317f8d5,mm2values,common,TIER 1,Linked,linked,1.0,1 X (T1) Common,,,N/A,0.0,0.0,Stable,,,https://www.mm2values.com/img/LinkedUP.png,https://murder-mystery-2.fandom.com/wiki/Linked,https://www.mm2values.com/?p=common,280,2026-07-31T08:58:43.620988+00:00
e0eafd018d6d7984180896cc,mm2values,common,TIER 1,Log,log,1.0,1 X (T1) Common,,,N/A,0.0,0.0,Stable,,,https://www.mm2values.com/img/Log_UP.png,https://murder-mystery-2.fandom.com/wiki/Log,https://www.mm2values.com/?p=common,301,2026-07-31T08:58:43.620988+00:00
cc2fde3ac271b701451f8b0f,mm2values,common,TIER 1,Love,love,1.0,1 X (T1) Uncommon,,,N/A,2.0,2.0,Stable,,,https://www.mm2values.com/img/Love2023.png,https://murder-mystery-2.fandom.com/wiki/Love,https://www.mm2values.com/?p=common,701,2026-07-31T08:58:43.620988+00:00
7ec87ac3a98bbfa7da889c9d,mm2values,common,TIER 1,Love (Knife),love knife,1.0,1 X (T1) Common,,,N/A,0.0,0.0,Stable,,,https://www.mm2values.com/img/Love_UP.png,https://murder-mystery-2.fandom.com/wiki/Love_(Knife),https://www.mm2values.com/?p=common,275,2026-07-31T08:58:43.620988+00:00
c1951d78fb493b61f5f69ce3,mm2values,common,TIER 1,Lovely,lovely,1.0,1 X (T1) Common,,,N/A,0.0,0.0,Stable,,,https://www.mm2values.com/img/LovelyKnifeUP.png,https://murder-mystery-2.fandom.com/wiki/Lovely,https://www.mm2values.com/?p=common,465,2026-07-31T08:58:43.620988+00:00
af0e4d47c27e498ae3b40c0f,mm2values,common,TIER 5,Mummified,mummified,17.0,17,,,N/A,2.0,3.5,Stable,,,https://www.mm2values.com/img/mummified.png,https://murder-mystery-2.fandom.com/wiki/Mummified_Knife,https://www.mm2values.com/?p=common,426,2026-07-31T08:58:43.620988+00:00
f94c60f1885044a02bf75817,mm2values,common,TIER 3,Neon,neon,2.0,2,,,N/A,1.0,3.0,Stable,,,https://www.mm2values.com/img/neon.png,https://murder-mystery-2.fandom.com/wiki/Neon,https://www.mm2values.com/?p=common,204,2026-07-31T08:58:43.620988+00:00
461f6828a926aeb59742be0a,mm2values,common,TIER 1,News,news,1.0,1 X (T1) Common,,,N/A,0.0,0.0,Stable,,,https://www.mm2values.com/img/NewsUP.png,https://murder-mystery-2.fandom.com/wiki/News,https://www.mm2values.com/?p=common,294,2026-07-31T08:58:43.620988+00:00
cac70b46712c528c9d87a3b7,mm2values,common,TIER 1,Oily,oily,1.0,1 X (T1) Common,,,N/A,0.0,0.0,Stable,,,https://www.mm2values.com/img/OilyUP.png,https://murder-mystery-2.fandom.com/wiki/Oily,https://www.mm2values.com/?p=common,298,2026-07-31T08:58:43.620988+00:00
7609b4d40703beda9bad8b1d,mm2values,common,TIER 4,Ollie,ollie,8.0,8,,,N/A,2.0,3.5,Stable,,,https://www.mm2values.com/img/Ollie_UP.png,https://murder-mystery-2.fandom.com/wiki/Ollie,https://www.mm2values.com/?p=common,256,2026-07-31T08:58:43.620988+00:00
fcce2ee464648f894324255d,mm2values,common,TIER 1,Orange,orange,1.0,1 X (T1) Common,,,N/A,0.0,0.0,Stable,,,https://www.mm2values.com/img/OrangeUP.png,https://murder-mystery-2.fandom.com/wiki/Orange,https://www.mm2values.com/?p=common,307,2026-07-31T08:58:43.620988+00:00
5b10fa3841d093f1c1093c70,mm2values,common,TIER 3,Ornament,ornament,1.0,1,,,N/A,1.0,3.0,Stable,,,https://www.mm2values.com/img/orn12015UP.png,https://murder-mystery-2.fandom.com/wiki/Ornament1_(Knife),https://www.mm2values.com/?p=common,216,2026-07-31T08:58:43.620988+00:00
a8adfc19d7f0d79112a2d4ed,mm2values,common,TIER 3,Ornament 1,ornament 1,1.0,1,,,N/A,1.0,3.0,Stable,,,https://www.mm2values.com/img/ornament1gun.png,https://murder-mystery-2.fandom.com/wiki/Ornament1_(Gun),https://www.mm2values.com/?p=common,215,2026-07-31T08:58:43.620988+00:00
ba325998a33668d46c3d6c08,mm2values,common,TIER 3,Ornament2 (Gun),ornament2 gun,1.0,1,,,N/A,1.0,3.0,Stable,,,https://www.mm2values.com/img/Ornament22015UP.png,https://murder-mystery-2.fandom.com/wiki/Ornament2_(Gun),https://www.mm2values.com/?p=common,214,2026-07-31T08:58:43.620988+00:00
dbc3af6158c940b2581c18b2,mm2values,common,TIER 3,Ornament2 (knife),ornament2 knife,1.0,1,,,N/A,1.0,3.0,Stable,,,https://www.mm2values.com/img/orn22015UP.png,https://murder-mystery-2.fandom.com/wiki/Ornament2_(Knife),https://www.mm2values.com/?p=common,213,2026-07-31T08:58:43.620988+00:00
3a44ab5db1acfae441c036c0,mm2values,common,TIER 2,Ornaments Gun,ornaments gun,1.0,1 X (T1) Rare,,,N/A,2.0,3.0,Stable,,,https://www.mm2values.com/img/Ornamentsgun2020.png,https://murder-mystery-2.fandom.com/wiki/Ornaments_(Gun),https://www.mm2values.com/?p=common,534,2026-07-31T08:58:43.620988+00:00
01db58e8026943fdf43c6414,mm2values,common,TIER 2,Ornaments Knife,ornaments knife,3.0,3 X (T1) Uncommon,,,N/A,1.0,1.0,Stable,,,https://www.mm2values.com/img/Ornaments2020.png,https://murder-mystery-2.fandom.com/wiki/Ornaments_(Knife),https://www.mm2values.com/?p=common,535,2026-07-31T08:58:43.620988+00:00
42f48c88ef9705a975b4b344,mm2values,common,TIER 3,Passion,passion,1.0,1,,,N/A,2.0,3.0,Stable,,,https://www.mm2values.com/img/passion.png,https://murder-mystery-2.fandom.com/wiki/Passion,https://www.mm2values.com/?p=common,207,2026-07-31T08:58:43.620988+00:00
69d43086a3c57bbf212e9689,mm2values,common,TIER 3,Patrick,patrick,2.0,2,,,N/A,1.0,3.0,Stable,,,https://www.mm2values.com/img/patrick.png,https://murder-mystery-2.fandom.com/wiki/Patrick,https://www.mm2values.com/?p=common,221,2026-07-31T08:58:43.620988+00:00
4b739750f1df7b940536c9c1,mm2values,common,TIER 1,Pea,pea,1.0,1 X (T1) Common,,,N/A,0.0,0.0,Stable,,,https://www.mm2values.com/img/PeaUP.png,https://murder-mystery-2.fandom.com/wiki/Pea,https://www.mm2values.com/?p=common,293,2026-07-31T08:58:43.620988+00:00
7887c2845ec8f13bcaf7d113,mm2values,common,TIER 2,Penguin Knife,penguin knife,2.0,2 X (T1) Legend,,,N/A,2.0,1.5,Stable,,,https://www.mm2values.com/img/Penguin2025.png,,https://www.mm2values.com/?p=common,983,2026-07-31T08:58:43.620988+00:00
9e398cdb913872ce2fa6a61d,mm2values,common,TIER 1,Peppermint Gun,peppermint gun,2.0,2 X (T1) Common,,,N/A,0.0,0.0,Stable,,,https://www.mm2values.com/img/peppermintgun.png,,https://www.mm2values.com/?p=common,979,2026-07-31T08:58:43.620988+00:00
0e8b1fd5b7fba569cbdfcd87,mm2values,common,TIER 1,Peppermint Knife,peppermint knife,2.0,2 X (T1) Common,,,N/A,0.0,0.0,Stable,,,https://www.mm2values.com/img/Peppermint_Knife_2025.png,,https://www.mm2values.com/?p=common,975,2026-07-31T08:58:43.620988+00:00
7ed31ac436a0d9d7b62e2c6c,mm2values,common,TIER 4,Phantom,phantom,11.0,11,,,N/A,1.0,4.0,Stable,,,https://www.mm2values.com/img/Phantom2017UP.png,https://murder-mystery-2.fandom.com/wiki/Phantom,https://www.mm2values.com/?p=common,247,2026-07-31T08:58:43.620988+00:00
39e24fd35eee41cc445bad8c,mm2values,common,TIER 2,Pine Gun,pine gun,3.0,3 X (T1) Legend,,,N/A,2.0,3.0,Stable,,,https://www.mm2values.com/img/pinegun.png,https://murder-mystery-2.fandom.com/wiki/Pine_(Gun),https://www.mm2values.com/?p=common,420,2026-07-31T08:58:43.620988+00:00
5ef93175ddeac4979e48faa9,mm2values,common,TIER 5,Pine Knife,pine knife,100.0,100,,,N/A,2.5,5.0,Stable,,,https://www.mm2values.com/img/pineknife.png,https://murder-mystery-2.fandom.com/wiki/Pine_(Knife),https://www.mm2values.com/?p=common,421,2026-07-31T08:58:43.620988+00:00
fcf66dc2f5f92f9aa1c3d269,mm2values,common,TIER 1,Plaid Gun,plaid gun,0.02,0.02,,,N/A,0.0,0.0,N/A,,,https://www.mm2values.com/img/Plaid26.png,https://murder-mystery-2.fandom.com/wiki/Plaid,https://www.mm2values.com/?p=common,1002,2026-07-31T08:58:43.620988+00:00
e2edbd6571138a071777154f,mm2values,common,TIER 2,Present,present,1.0,1 X (T1) Rare,,,N/A,2.0,2.0,Stable,,,https://www.mm2values.com/img/Present2017UP.png,https://murder-mystery-2.fandom.com/wiki/Present,https://www.mm2values.com/?p=common,252,2026-07-31T08:58:43.620988+00:00
3baf740747bf9afb2f0213d2,mm2values,common,TIER 1,Present Knife,present knife,2.0,2 X (T1) Common,,,N/A,0.0,0.0,Stable,,,https://www.mm2values.com/img/Present2023knife.png,https://murder-mystery-2.fandom.com/wiki/Present_(2023),https://www.mm2values.com/?p=common,791,2026-07-31T08:58:43.620988+00:00
abfa0e109f7f626eec645d92,mm2values,common,TIER 4,Prism,prism,15.0,15,,,N/A,2.0,3.0,Stable,,,https://www.mm2values.com/img/prism.png,https://murder-mystery-2.fandom.com/wiki/Prism,https://www.mm2values.com/?p=common,308,2026-07-31T08:58:43.620988+00:00
e734a2a1237d6187acdd1e82,mm2values,common,TIER 2,Pumpkin,pumpkin,2.0,2 X (T1) Uncommon,,,N/A,2.0,3.0,Stable,,,https://www.mm2values.com/img/Pumpkin_Gun_2023.png,,https://www.mm2values.com/?p=common,755,2026-07-31T08:58:43.620988+00:00
bcce97dba772f316bc50023a,mm2values,common,TIER 4,Pumpkin Patch,pumpkin patch,15.0,15,,,N/A,2.0,3.5,Stable,,,https://www.mm2values.com/img/pumpkinpatch.png,https://murder-mystery-2.fandom.com/wiki/Pumpkin_Patch,https://www.mm2values.com/?p=common,383,2026-07-31T08:58:43.620988+00:00
83d5f1c432eab57e9f84cee6,mm2values,common,TIER 2,RB Knife,rb knife,1.0,1 X (T1) Rare,,,N/A,2.0,3.0,Stable,,,https://www.mm2values.com/img/RBKnife.png,https://murder-mystery-2.fandom.com/wiki/RB_Knife,https://www.mm2values.com/?p=common,599,2026-07-31T08:58:43.620988+00:00
1ba90e466529b71efc5c331b,mm2values,common,TIER 1,Reindeer 2024,reindeer 2024,2.0,2 X (T1) Common,,,N/A,0.0,0.0,Stable,,,https://www.mm2values.com/img/Reindeer2024.png,https://murder-mystery-2.fandom.com/wiki/Reindeer_(2024),https://www.mm2values.com/?p=common,879,2026-07-31T08:58:43.620988+00:00
e0651194af47da0211cefe4d,mm2values,common,TIER 2,Reindeer Knife,reindeer knife,2.0,2 X (T1) Legend,,,N/A,2.0,1.5,Stable,,,https://www.mm2values.com/img/Reindeer_2025.png,,https://www.mm2values.com/?p=common,986,2026-07-31T08:58:43.620988+00:00
a72e7cc3c5eb44125dcd8120,mm2values,common,TIER 3,Reptile,reptile,2.0,2,,,N/A,1.0,3.0,Stable,,,https://www.mm2values.com/img/reptile.png,https://murder-mystery-2.fandom.com/wiki/Reptile,https://www.mm2values.com/?p=common,205,2026-07-31T08:58:43.620988+00:00
4ab0a0c0f6e53d68e91dd980,mm2values,common,TIER 1,Ribbon Knife,ribbon knife,2.0,2 X (T1) Common,,,N/A,0.0,0.0,Stable,,,https://www.mm2values.com/img/Ribbonknife2023.png,https://murder-mystery-2.fandom.com/wiki/Ribbon,https://www.mm2values.com/?p=common,789,2026-07-31T08:58:43.620988+00:00
d9e85eda7fc323170ba1b5e3,mm2values,common,TIER 2,Ribbons,ribbons,3.0,3 X (T1) Uncommon,,,N/A,0.0,1.0,Stable,,,https://www.mm2values.com/img/Ribbon2021.png,https://murder-mystery-2.fandom.com/wiki/Ribbons,https://www.mm2values.com/?p=common,560,2026-07-31T08:58:43.620988+00:00
0599324a081319161ef89295,mm2values,common,TIER 5,RIP Gun,rip gun,20.0,20,,,N/A,2.5,4.5,Stable,,,https://www.mm2values.com/img/ripgun.png,https://murder-mystery-2.fandom.com/wiki/RIP_Gun,https://www.mm2values.com/?p=common,427,2026-07-31T08:58:43.620988+00:00
621af864ae1ab73e14792334,mm2values,common,TIER 3,Roses,roses,1.0,1,,,N/A,2.0,3.0,Stable,,,https://www.mm2values.com/img/roses.png,https://murder-mystery-2.fandom.com/wiki/Roses,https://www.mm2values.com/?p=common,210,2026-07-31T08:58:43.620988+00:00
a15c05fb1e827d4d0eb143b4,mm2values,common,TIER 1,Sand,sand,0.0,0,,,N/A,0.0,0.0,N/A,,,https://www.mm2values.com/img/Sand2026.png,,https://www.mm2values.com/?p=common,1017,2026-07-31T08:58:43.620988+00:00
eb6096d85786e99fbca26025,mm2values,common,TIER 1,Sandy,sandy,1.0,1 X (T1) Common,,,N/A,0.0,0.0,Stable,,,https://www.mm2values.com/img/Sandy_UP.png,https://murder-mystery-2.fandom.com/wiki/Sandy,https://www.mm2values.com/?p=common,302,2026-07-31T08:58:43.620988+00:00
87cea4b26c6c79e5678c0f1a,mm2values,common,TIER 1,Sandy Gun,sandy gun,1.0,1 X (T1) Common,,,N/A,0.0,0.0,Stable,,,https://www.mm2values.com/img/Sandy.png,https://murder-mystery-2.fandom.com/wiki/Sandy_(Gun),https://www.mm2values.com/?p=common,822,2026-07-31T08:58:43.620988+00:00
a60fe8032655a336d2f1d22c,mm2values,common,TIER 2,Santa (2017),santa 2017,1.0,1 X (T1) Rare,,,N/A,2.0,2.0,Stable,,,https://www.mm2values.com/img/Santa2017UP.png,https://murder-mystery-2.fandom.com/wiki/Santa_(2017),https://www.mm2values.com/?p=common,250,2026-07-31T08:58:43.620988+00:00
af309b70c5e7c523e84af2f5,mm2values,common,TIER 3,Santa (Gun),santa gun,1.0,1,,,N/A,1.0,3.0,Stable,,,https://www.mm2values.com/img/SantaGun2015UP.png,https://murder-mystery-2.fandom.com/wiki/Santa_Gun_(2015),https://www.mm2values.com/?p=common,212,2026-07-31T08:58:43.620988+00:00
69ff2d6bb01a76eeead73dcd,mm2values,common,TIER 3,Santa (Knife),santa knife,1.0,1,,,N/A,1.0,3.0,Stable,,,https://www.mm2values.com/img/Santa_knife2015UP.png,https://murder-mystery-2.fandom.com/wiki/Santa_Knife_(2015),https://www.mm2values.com/?p=common,211,2026-07-31T08:58:43.620988+00:00
a034bbb2f0c0bba22d5e7cdf,mm2values,common,TIER 1,Santa Gun 23,santa gun 23,2.0,2 X (T1) Common,,,N/A,0.0,0.0,Stable,,,https://www.mm2values.com/img/Santa2023gun.png,https://murder-mystery-2.fandom.com/wiki/Santa_(2023),https://www.mm2values.com/?p=common,787,2026-07-31T08:58:43.620988+00:00
c512a17c284b9a4237e3a393,mm2values,common,TIER 2,Santa Knife,santa knife,1.0,1 X (T1) Rare,,,N/A,2.0,2.0,Stable,,,https://www.mm2values.com/img/Santa_2018up.png,https://murder-mystery-2.fandom.com/wiki/Santa_(2018),https://www.mm2values.com/?p=common,261,2026-07-31T08:58:43.620988+00:00
6734d8a09320deee9f62b1e7,mm2values,common,TIER 2,Scarf,scarf,1.0,1 X (T1) Rare,,,N/A,2.0,3.0,Stable,,,https://www.mm2values.com/img/Scarf.png,https://murder-mystery-2.fandom.com/wiki/Scarf,https://www.mm2values.com/?p=common,765,2026-07-31T08:58:43.620988+00:00
27c5ec0c2103f1aeb750a6d1,mm2values,common,TIER 1,Shaded,shaded,1.0,1 X (T1) Common,,,N/A,0.0,0.0,Stable,,,https://www.mm2values.com/img/ShadedUp.png,https://murder-mystery-2.fandom.com/wiki/Shaded,https://www.mm2values.com/?p=common,466,2026-07-31T08:58:43.620988+00:00
028b1ad7bfeff2532d176bc7,mm2values,common,TIER 4,Sidewinder,sidewinder,8.0,8,,,N/A,2.0,3.5,Stable,,,https://www.mm2values.com/img/SidewinderUP.png,https://murder-mystery-2.fandom.com/wiki/Sidewinder,https://www.mm2values.com/?p=common,253,2026-07-31T08:58:43.620988+00:00
eaa341eabccafe691744267b,mm2values,common,TIER 4,Sketchy,sketchy,5.0,5,,,N/A,2.0,3.0,Stable,,,https://www.mm2values.com/img/sketchy.png,https://murder-mystery-2.fandom.com/wiki/Sketchy,https://www.mm2values.com/?p=common,312,2026-07-31T08:58:43.620988+00:00
c0c0619ccd17e4982175c98b,mm2values,common,TIER 4,Skool,skool,8.0,8,,,N/A,1.5,3.0,Stable,,,https://www.mm2values.com/img/skool.png,https://murder-mystery-2.fandom.com/wiki/Skool,https://www.mm2values.com/?p=common,220,2026-07-31T08:58:43.620988+00:00
a3e83c6097eadbbd0ca2ffc7,mm2values,common,TIER 1,Skyline Knife,skyline knife,1.0,1 X (T1) Uncommon,,,N/A,0.0,0.0,Stable,,,https://www.mm2values.com/img/SkylineK25.png,https://murder-mystery-2.fandom.com/wiki/Skyline,https://www.mm2values.com/?p=common,909,2026-07-31T08:58:43.620988+00:00
59737b21e854df2bbffe547c,mm2values,common,TIER 3,Slashed,slashed,1.0,1,,,N/A,2.0,3.0,Stable,,,https://www.mm2values.com/img/Slashed.png,https://murder-mystery-2.fandom.com/wiki/Slashed,https://www.mm2values.com/?p=common,611,2026-07-31T08:58:43.620988+00:00
01ce66216f4aafe4c9d0c82a,mm2values,common,TIER 1,Slate,slate,1.0,1 X (T1) Common,,,N/A,0.0,0.0,Stable,,,https://www.mm2values.com/img/SlateKnifeUP.png,https://murder-mystery-2.fandom.com/wiki/Slate,https://www.mm2values.com/?p=common,281,2026-07-31T08:58:43.620988+00:00
2b9ccbc484d5d3f3ef360c5f,mm2values,common,TIER 3,Slime Gun,slime gun,1.0,1,,,N/A,0.5,2.0,Stable,,,https://www.mm2values.com/img/SlimeGun2018UP.png,https://murder-mystery-2.fandom.com/wiki/Slime_(Gun),https://www.mm2values.com/?p=common,232,2026-07-31T08:58:43.620988+00:00
98fdca1b303b50d080b38baa,mm2values,common,TIER 3,Slime Knife,slime knife,3.0,3,,,N/A,0.5,2.5,Stable,,,https://www.mm2values.com/img/SlimeK2018UP.png,https://murder-mystery-2.fandom.com/wiki/Slime_(Knife),https://www.mm2values.com/?p=common,233,2026-07-31T08:58:43.620988+00:00
5262d287c38078317974df74,mm2values,common,TIER 5,Slimy,slimy,17.0,17,,,N/A,2.0,3.5,Stable,,,https://www.mm2values.com/img/slimeyknife.png,https://murder-mystery-2.fandom.com/wiki/Slimy,https://www.mm2values.com/?p=common,413,2026-07-31T08:58:43.620988+00:00
aafb8628925fa99085e8637a,mm2values,common,TIER 1,Snowball Gun,snowball gun,2.0,2 X (T1) Common,,,N/A,0.0,0.0,Stable,,,https://www.mm2values.com/img/Snowball_Gun_2025_chistmas.png,,https://www.mm2values.com/?p=common,981,2026-07-31T08:58:43.620988+00:00
73e52f3ba9b9a2c5fe207784,mm2values,common,TIER 1,Snowball Knife,snowball knife,2.0,2 X (T1) Common,,,N/A,0.0,0.0,Stable,,,https://www.mm2values.com/img/Snowball_Knife_2025.png,,https://www.mm2values.com/?p=common,974,2026-07-31T08:58:43.620988+00:00
16120d7f339044c4d07de1b6,mm2values,common,TIER 1,Snowfall,snowfall,2.0,2 X (T1) Common,,,N/A,0.0,0.0,Stable,,,https://www.mm2values.com/img/Snowfall2023knife.png,https://murder-mystery-2.fandom.com/wiki/Snowfall_(Knife),https://www.mm2values.com/?p=common,786,2026-07-31T08:58:43.620988+00:00
4d16f2bd078e9c7567fa3620,mm2values,common,TIER 5,Snowflakes Gun,snowflakes gun,30.0,30,,,N/A,2.0,4.5,Stable,,,https://www.mm2values.com/img/snowflakesgun.png,https://murder-mystery-2.fandom.com/wiki/Snowflakes_(Gun),https://www.mm2values.com/?p=common,411,2026-07-31T08:58:43.620988+00:00
64be917aa2124d00b9c2cbc7,mm2values,common,TIER 2,Snowflakes Knife,snowflakes knife,2.0,2 X (T1) Legend,,,N/A,2.0,3.0,Stable,,,https://www.mm2values.com/img/snowflakesknife.png,https://murder-mystery-2.fandom.com/wiki/Snowflakes_(Knife),https://www.mm2values.com/?p=common,412,2026-07-31T08:58:43.620988+00:00
d44259f161acd912c395de65,mm2values,common,TIER 5,Snowman Gun,snowman gun,25.0,25,,,N/A,2.0,4.0,Stable,,,https://www.mm2values.com/img/Snowman_gun2018up.png,https://murder-mystery-2.fandom.com/wiki/Snowman_Gun_(2018),https://www.mm2values.com/?p=common,269,2026-07-31T08:58:43.620988+00:00
5ccdbdeaf0e64fe233cfd41c,mm2values,common,TIER 1,Snowman Gun 2022,snowman gun 2022,1.0,1 X (T1) Uncommon,,,N/A,2.0,3.0,Stable,,,https://www.mm2values.com/img/SnowmanG2022.png,https://murder-mystery-2.fandom.com/wiki/Snowman_Gun_(2022),https://www.mm2values.com/?p=common,667,2026-07-31T08:58:43.620988+00:00
3fc63024fc7286a4349630ac,mm2values,common,TIER 2,Snowman Knife,snowman knife,1.0,1 X (T1) Rare,,,N/A,2.0,2.0,Stable,,,https://www.mm2values.com/img/Snowman_2018up.png,https://murder-mystery-2.fandom.com/wiki/Snowman_Knife_(2018),https://www.mm2values.com/?p=common,260,2026-07-31T08:58:43.620988+00:00
e1dbeb58f59790da219598b2,mm2values,common,TIER 1,Snowman Knife 2022,snowman knife 2022,2.0,2 X (T1) Common,,,N/A,0.0,0.0,Stable,,,https://www.mm2values.com/img/SnowmanK2022.png,https://murder-mystery-2.fandom.com/wiki/Snowman_Knife_(2022),https://www.mm2values.com/?p=common,677,2026-07-31T08:58:43.620988+00:00
a2aa4f1c9554d1d9f681e44e,mm2values,common,TIER 3,Sparkle1,sparkle1,2.0,2,,,N/A,2.0,2.5,Stable,,,https://www.mm2values.com/img/Sparkle1UP.png,https://murder-mystery-2.fandom.com/wiki/Sparkle1,https://www.mm2values.com/?p=common,241,2026-07-31T08:58:43.620988+00:00
c0363d7b51d0ad2b46221ef0,mm2values,common,TIER 5,Sparkle10,sparkle10,22.0,22,,,N/A,2.0,2.5,Stable,,,https://www.mm2values.com/img/Sparkle10UP.png,https://murder-mystery-2.fandom.com/wiki/Sparkle10,https://www.mm2values.com/?p=common,240,2026-07-31T08:58:43.620988+00:00
3e07a460ffa4ae265f99512f,mm2values,common,TIER 3,Sparkle2,sparkle2,3.0,3,,,N/A,2.0,2.5,Stable,,,https://www.mm2values.com/img/Sparkle2UP.png,https://murder-mystery-2.fandom.com/wiki/Sparkle2,https://www.mm2values.com/?p=common,242,2026-07-31T08:58:43.620988+00:00
34f6b68e6b81716461030248,mm2values,common,TIER 3,Sparkle3,sparkle3,3.0,3,,,N/A,2.0,2.5,Stable,,,https://www.mm2values.com/img/Sparkle3UP.png,https://murder-mystery-2.fandom.com/wiki/Sparkle3,https://www.mm2values.com/?p=common,243,2026-07-31T08:58:43.620988+00:00
a865db945a38a7323b3b032a,mm2values,common,TIER 4,Sparkle4,sparkle4,11.0,11,,,N/A,2.0,3.5,Stable,,,https://www.mm2values.com/img/Sparkle4UP.png,https://murder-mystery-2.fandom.com/wiki/Sparkle4,https://www.mm2values.com/?p=common,244,2026-07-31T08:58:43.620988+00:00
903d4af10976afe34fe23851,mm2values,common,TIER 4,Sparkle5,sparkle5,10.0,10,,,N/A,2.0,3.5,Stable,,,https://www.mm2values.com/img/Sparkle5knifeUP.png,https://murder-mystery-2.fandom.com/wiki/Sparkle5,https://www.mm2values.com/?p=common,263,2026-07-31T08:58:43.620988+00:00
f0fee38dd62525f04d2eb61d,mm2values,common,TIER 4,Sparkle6,sparkle6,13.0,13,,,N/A,2.0,3.5,Stable,,,https://www.mm2values.com/img/Sparkle6UP.png,https://murder-mystery-2.fandom.com/wiki/Sparkle6,https://www.mm2values.com/?p=common,264,2026-07-31T08:58:43.620988+00:00
18e27c2e15ad68706e1911b9,mm2values,common,TIER 5,Sparkle7,sparkle7,18.0,18,,,N/A,2.0,3.5,Stable,,,https://www.mm2values.com/img/Sparkle7UP.png,https://murder-mystery-2.fandom.com/wiki/Sparkle7,https://www.mm2values.com/?p=common,265,2026-07-31T08:58:43.620988+00:00
e47f15dad9a27eb43b310c04,mm2values,common,TIER 5,Sparkle8,sparkle8,22.0,22,,,N/A,2.0,3.5,Stable,,,https://www.mm2values.com/img/Sparkle8UP.png,https://murder-mystery-2.fandom.com/wiki/Sparkle8,https://www.mm2values.com/?p=common,266,2026-07-31T08:58:43.620988+00:00
4e5191324698698664f9f84b,mm2values,common,TIER 5,Sparkle9,sparkle9,30.0,30,,,N/A,2.0,3.5,Stable,,,https://www.mm2values.com/img/Sparkle9UP.png,https://murder-mystery-2.fandom.com/wiki/Sparkle9,https://www.mm2values.com/?p=common,267,2026-07-31T08:58:43.620988+00:00
56c8ee4e2028804633eb04c7,mm2values,common,TIER 1,Spider,spider,1.0,1 X (T1) Common,,,N/A,0.0,0.0,Stable,,,https://www.mm2values.com/img/Spider2023.png,https://murder-mystery-2.fandom.com/wiki/Spider_(2023),https://www.mm2values.com/?p=common,751,2026-07-31T08:58:43.620988+00:00
55b6868f5abeacf6db1175dd,mm2values,common,TIER 1,Splat,splat,1.0,1 X (T1) Common,,,N/A,0.0,0.0,Stable,,,https://www.mm2values.com/img/Splatup.png,https://murder-mystery-2.fandom.com/wiki/Splat,https://www.mm2values.com/?p=common,452,2026-07-31T08:58:43.620988+00:00
9dec13ef95033f4467677d11,mm2values,common,TIER 1,Splatter,splatter,1.0,1 X (T1) Common,,,N/A,0.0,0.0,Stable,,,https://www.mm2values.com/img/spaltterUP.png,https://murder-mystery-2.fandom.com/wiki/Splatter,https://www.mm2values.com/?p=common,273,2026-07-31T08:58:43.620988+00:00
59c472abd69e68c9501979d6,mm2values,common,TIER 1,Stainless,stainless,1.0,1 X (T1) Common,,,N/A,0.0,0.0,Stable,,,https://www.mm2values.com/img/StainlessUP.png,https://murder-mystery-2.fandom.com/wiki/Stainless,https://www.mm2values.com/?p=common,291,2026-07-31T08:58:43.620988+00:00
0d3b435b25f4de42d29894df,mm2values,common,TIER 1,Star,star,1.0,1 X (T1) Common,,,N/A,0.0,0.0,Stable,,,https://www.mm2values.com/img/StargunUP.png,https://murder-mystery-2.fandom.com/wiki/Star,https://www.mm2values.com/?p=common,287,2026-07-31T08:58:43.620988+00:00
137d1452ee37d5cc90fe33fe,mm2values,common,TIER 1,Starfish Gun,starfish gun,1.0,1 X (T1) Common,,,N/A,0.0,0.0,Stable,,,https://www.mm2values.com/img/StarFishGun.png,https://murder-mystery-2.fandom.com/wiki/Starfish_(Gun),https://www.mm2values.com/?p=common,825,2026-07-31T08:58:43.620988+00:00
e81914e5ddddb43d990ddbbb,mm2values,common,TIER 1,Starfish Knife,starfish knife,1.0,1 X (T1) Common,,,N/A,0.0,0.0,Stable,,,https://www.mm2values.com/img/StarfishNew.png,https://murder-mystery-2.fandom.com/wiki/Starfish_(Knife),https://www.mm2values.com/?p=common,824,2026-07-31T08:58:43.620988+00:00
21c975187ee8332001aee3e8,mm2values,common,TIER 4,Starry,starry,4.0,4,,,N/A,2.0,3.0,Stable,,,https://www.mm2values.com/img/Starrygun2020.png,https://murder-mystery-2.fandom.com/wiki/Starry,https://www.mm2values.com/?p=common,612,2026-07-31T08:58:43.620988+00:00
fd4d37c736ddf6ecb51c2061,mm2values,common,TIER 1,Static,static,1.0,1 X (T1) Common,,,N/A,0.0,0.0,Stable,,,https://www.mm2values.com/img/Static_UP.png,https://murder-mystery-2.fandom.com/wiki/Static,https://www.mm2values.com/?p=common,303,2026-07-31T08:58:43.620988+00:00
921ff977f69e94eb322f1c5b,mm2values,common,TIER 1,Sticker Gun,sticker gun,2.0,2 X (T1) Common,,,N/A,0.0,0.0,Stable,,,https://www.mm2values.com/img/Stickers_gun_Summer.png,https://murder-mystery-2.fandom.com/wiki/Stickers_Gun_(Summer_2023),https://www.mm2values.com/?p=common,737,2026-07-31T08:58:43.620988+00:00
1fb56a2dbe74f6cd5955e7dd,mm2values,common,TIER 2,Stickers,stickers,1.0,1 X (T1) Rare,,,N/A,3.0,3.0,N/A,,,https://www.mm2values.com/img/StickersKnife2025.png,https://murder-mystery-2.fandom.com/wiki/Stickers_Knife_(Halloween_2025),https://www.mm2values.com/?p=common,952,2026-07-31T08:58:43.620988+00:00
40ce7e67cfebfe706b670304,mm2values,common,TIER 2,Stickers,stickers,2.0,2 X (T1) Uncommon,,,N/A,1.0,1.5,Stable,,,https://www.mm2values.com/img/Thanksgiving_stickers.png,https://murder-mystery-2.fandom.com/wiki/Thanksgiving_Event_2025,https://www.mm2values.com/?p=common,954,2026-07-31T08:58:43.620988+00:00
9a146ec6832105679661e46a,mm2values,common,TIER 1,Stickers,stickers,2.0,2 X (T1) Common,,,N/A,0.0,0.0,Stable,,,https://www.mm2values.com/img/Stickers_Knife_2022.png,https://murder-mystery-2.fandom.com/wiki/Stickers_Knife_(Halloween_2022),https://www.mm2values.com/?p=common,639,2026-07-31T08:58:43.620988+00:00
9c17a1367247ac1db97e2a16,mm2values,common,TIER 1,Stickers Gun,stickers gun,1.0,1 X (T1) Uncommon,,,N/A,1.5,1.5,Stable,,,https://www.mm2values.com/img/StickersG25.png,https://murder-mystery-2.fandom.com/wiki/Stickers_Gun_(Summer_2025),https://www.mm2values.com/?p=common,911,2026-07-31T08:58:43.620988+00:00
273caca4e746e0c79c745064,mm2values,common,TIER 1,Stickers Gun,stickers gun,2.0,2 X (T1) Common,,,N/A,0.0,0.0,Stable,,,https://www.mm2values.com/img/Stickersgun2021.png,https://murder-mystery-2.fandom.com/wiki/Stickers_Gun_(Christmas_2021),https://www.mm2values.com/?p=common,551,2026-07-31T08:58:43.620988+00:00
e12ac6f08c6dc7235403fb97,mm2values,common,TIER 1,Stickers Gun,stickers gun,2.0,2 X (T1) Common,,,N/A,0.0,0.0,Stable,,,https://www.mm2values.com/img/StickersGun2024.png,https://murder-mystery-2.fandom.com/wiki/Stickers_Gun_(Halloween_2024),https://www.mm2values.com/?p=common,846,2026-07-31T08:58:43.620988+00:00
e451c20ef84d1cf1921754fa,mm2values,common,TIER 1,Stickers Gun,stickers gun,2.0,2 X (T1) Common,,,N/A,0.0,0.0,Stable,,,https://www.mm2values.com/img/StickersGun.png,https://murder-mystery-2.fandom.com/wiki/Stickers_(Gun),https://www.mm2values.com/?p=common,600,2026-07-31T08:58:43.620988+00:00
e4c0a754ef3c01a5dc797432,mm2values,common,TIER 1,Stickers Gun,stickers gun,2.0,2 X (T1) Common,,,N/A,0.0,0.0,Stable,,,https://www.mm2values.com/img/Stickers_Gun_29.png,,https://www.mm2values.com/?p=common,972,2026-07-31T08:58:43.620988+00:00
2f08c9548ee9ebf0702e4a17,mm2values,common,TIER 1,Stickers Gun 2022,stickers gun 2022,2.0,2 X (T1) Common,,,N/A,0.0,0.0,Stable,,,https://www.mm2values.com/img/StickersG2022.png,https://murder-mystery-2.fandom.com/wiki/Stickers_Gun_(Christmas_2022),https://www.mm2values.com/?p=common,676,2026-07-31T08:58:43.620988+00:00
1ca5ef376de7fc7c579cdf42,mm2values,common,TIER 1,Stickers Knife,stickers knife,1.0,1 X (T1) Uncommon,,,N/A,1.5,1.5,Stable,,,https://www.mm2values.com/img/StickersK25.png,https://murder-mystery-2.fandom.com/wiki/Stickers_Knife_(Summer_2025),https://www.mm2values.com/?p=common,922,2026-07-31T08:58:43.620988+00:00
4a98e376f4060ec83784cf47,mm2values,common,TIER 1,Stickers Knife,stickers knife,3.0,3 X (T1) Common,,,N/A,0.0,0.0,Stable,,,https://www.mm2values.com/img/StickersKnife2021.png,https://murder-mystery-2.fandom.com/wiki/Stickers_Knife_(Christmas_2021),https://www.mm2values.com/?p=common,558,2026-07-31T08:58:43.620988+00:00
428720ad44edfcaa0d50b78e,mm2values,common,TIER 1,Stickers Knife,stickers knife,3.0,3 X (T1) Common,,,N/A,0.0,0.0,Stable,,,https://www.mm2values.com/img/StickersKnife2022.png,https://murder-mystery-2.fandom.com/wiki/Stickers_Knife_(Christmas_2022),https://www.mm2values.com/?p=common,668,2026-07-31T08:58:43.620988+00:00
dc8a8424bf42a7d4351fa9e0,mm2values,common,TIER 1,Stickers Knife,stickers knife,2.0,2 X (T1) Common,,,N/A,0.0,0.0,Stable,,,https://www.mm2values.com/img/StickersKnife2024.png,https://murder-mystery-2.fandom.com/wiki/Stickers_Knife_(Halloween_2024),https://www.mm2values.com/?p=common,836,2026-07-31T08:58:43.620988+00:00
ec77f25b01e63992bd47ff4a,mm2values,common,TIER 1,Stickers Knife,stickers knife,2.0,2 X (T1) Common,,,N/A,0.0,0.0,Stable,,,https://www.mm2values.com/img/StickersKnife.png,https://murder-mystery-2.fandom.com/wiki/Stickers_(Knife),https://www.mm2values.com/?p=common,601,2026-07-31T08:58:43.620988+00:00
116820f235e3bb2c838afe77,mm2values,common,TIER 1,Stickers Knife,stickers knife,2.0,2 X (T1) Common,,,N/A,0.0,0.0,Stable,,,https://www.mm2values.com/img/Stickers_Knife_Christmas_2025.png,,https://www.mm2values.com/?p=common,982,2026-07-31T08:58:43.620988+00:00
31d8a6b89627a73e8c418421,mm2values,common,TIER 1,Stickers Knife,stickers knife,2.0,2 X (T1) Common,,,N/A,0.0,0.0,Stable,,,https://www.mm2values.com/img/Stickers_knife_Summer.png,https://murder-mystery-2.fandom.com/wiki/Stickers_Knife_(Summer_2023),https://www.mm2values.com/?p=common,738,2026-07-31T08:58:43.620988+00:00
5473b3bbbb3bd11b156d3e83,mm2values,common,TIER 1,Stickers Xmas 2024,stickers xmas 2024,3.0,3 X (T1) Common,,,N/A,0.0,0.0,Stable,,,https://www.mm2values.com/img/Stickersknifexmas2024.png,https://murder-mystery-2.fandom.com/wiki/Stickers_Knife_(Christmas_2024),https://www.mm2values.com/?p=common,872,2026-07-31T08:58:43.620988+00:00
0f765f99fdb432f6677c2764,mm2values,common,TIER 1,Stickers Xmas 24,stickers xmas 24,2.0,2 X (T1) Common,,,N/A,1.0,2.0,Stable,,,https://www.mm2values.com/img/StickersGunXmas2024.png,https://murder-mystery-2.fandom.com/wiki/Stickers_Gun_(Christmas_2024),https://www.mm2values.com/?p=common,882,2026-07-31T08:58:43.620988+00:00
6ae516dd36375cd766871888,mm2values,common,TIER 1,Stockings,stockings,1.0,1 X (T1) Uncommon,,,N/A,0.0,0.5,Stable,,,https://www.mm2values.com/img/stockings2020.png,https://murder-mystery-2.fandom.com/wiki/Stockings,https://www.mm2values.com/?p=common,540,2026-07-31T08:58:43.620988+00:00
3b35d26a36a2b73e3e41943d,mm2values,common,TIER 1,Stockings Gun 24,stockings gun 24,2.0,2 X (T1) Common,,,N/A,0.0,0.0,Stable,,,https://www.mm2values.com/img/Stockingsgun2024.png,https://murder-mystery-2.fandom.com/wiki/Stockings_(2024),https://www.mm2values.com/?p=common,880,2026-07-31T08:58:43.620988+00:00
a16c9632afd869ada3432fba,mm2values,common,TIER 2,Strawberries Gun,strawberries gun,4.0,4 X (T1) Uncommon,,,N/A,2.0,2.0,N/A,,,https://www.mm2values.com/img/Strawberries_gun26.png,https://murder-mystery-2.fandom.com/wiki/Strawberries_(Gun),https://www.mm2values.com/?p=common,999,2026-07-31T08:58:43.620988+00:00
03e04b95d7bb1f7b88019262,mm2values,common,TIER 2,Strawberries Knife,strawberries knife,4.0,4 X (T1) Uncommon,,,N/A,2.0,2.0,N/A,,,https://www.mm2values.com/img/Strawberriesknifes.png,https://murder-mystery-2.fandom.com/wiki/Strawberries_(Knife),https://www.mm2values.com/?p=common,1000,2026-07-31T08:58:43.620988+00:00
925b3a1526c60bf4177d0f12,mm2values,common,TIER 2,Striped Gun,striped gun,2.0,2 X (T1) Uncommon,,,N/A,1.5,1.5,Stable,,,https://www.mm2values.com/img/StripedG25.png,https://murder-mystery-2.fandom.com/wiki/Striped_Gun_(Summer_2025),https://www.mm2values.com/?p=common,919,2026-07-31T08:58:43.620988+00:00
af8c4d63bc55ada5c3b68575,mm2values,common,TIER 1,Striped Knife,striped knife,1.0,1 X (T1) Uncommon,,,N/A,1.5,1.5,Stable,,,https://www.mm2values.com/img/StripedK25.png,https://murder-mystery-2.fandom.com/wiki/Striped_Knife_(Summer_2025),https://www.mm2values.com/?p=common,912,2026-07-31T08:58:43.620988+00:00
613767d9b66bad7f7e1a7be0,mm2values,common,TIER 4,Sub,sub,5.0,5,,,N/A,2.0,3.0,Stable,,,https://www.mm2values.com/img/sub.png,https://murder-mystery-2.fandom.com/wiki/Sub,https://www.mm2values.com/?p=common,313,2026-07-31T08:58:43.620988+00:00
1a562744fbc03d0f32dcddd2,mm2values,common,TIER 3,Sweetheart,sweetheart,1.0,1,,,N/A,2.0,3.0,Stable,,,https://www.mm2values.com/img/sweetheart.png,https://murder-mystery-2.fandom.com/wiki/Sweetheart,https://www.mm2values.com/?p=common,208,2026-07-31T08:58:43.620988+00:00
1f545dac8fa13b905be02fa8,mm2values,common,TIER 4,Tailslide,tailslide,10.0,10,,,N/A,2.0,3.5,Stable,,,https://www.mm2values.com/img/TailslideUP.png,https://murder-mystery-2.fandom.com/wiki/Tailslide,https://www.mm2values.com/?p=common,257,2026-07-31T08:58:43.620988+00:00
445add5850dbb9d8ccbb75f9,mm2values,common,TIER 3,TNL,tnl,2.0,2,,,N/A,1.0,3.0,Stable,,,https://www.mm2values.com/img/tnl.png,https://murder-mystery-2.fandom.com/wiki/TNL,https://www.mm2values.com/?p=common,200,2026-07-31T08:58:43.620988+00:00
2a7cd9869d5a91d8cc0cf4f2,mm2values,common,TIER 1,Tourist,tourist,0.0,0,,,N/A,0.0,0.0,N/A,,,https://www.mm2values.com/img/Tourist.png,,https://www.mm2values.com/?p=common,1018,2026-07-31T08:58:43.620988+00:00
a626c699ee8bc43b9f634f63,mm2values,common,TIER 1,Toy Gun,toy gun,3.0,3 X (T1) Common,,,N/A,0.0,0.0,Stable,,,https://www.mm2values.com/img/Toy_gun_Summer.png,https://murder-mystery-2.fandom.com/wiki/Toy_Gun_(Summer_2023),https://www.mm2values.com/?p=common,736,2026-07-31T08:58:43.620988+00:00
a4ba4d614f7191c08dd11316,mm2values,common,TIER 2,Toy Knife,toy knife,2.0,2 X (T1) Uncommon,,,N/A,2.0,2.5,Stable,,,https://www.mm2values.com/img/Toy_knife_Summer.png,https://murder-mystery-2.fandom.com/wiki/Toy_(Knife),https://www.mm2values.com/?p=common,735,2026-07-31T08:58:43.620988+00:00
81dbfe97aed29e51768102f0,mm2values,common,TIER 1,Trees,trees,1.0,1 X (T1) Uncommon,,,N/A,0.0,0.5,Stable,,,https://www.mm2values.com/img/trees2020.png,https://murder-mystery-2.fandom.com/wiki/Trees,https://www.mm2values.com/?p=common,541,2026-07-31T08:58:43.620988+00:00
fc50013a879f87f4eb762053,mm2values,common,TIER 3,Tulip,tulip,1.0,1,,,N/A,1.0,3.0,Stable,,,https://www.mm2values.com/img/tulip.png,https://murder-mystery-2.fandom.com/wiki/Tulip,https://www.mm2values.com/?p=common,219,2026-07-31T08:58:43.620988+00:00
dac3cc636c375f60473e179d,mm2values,common,TIER 2,UFOs Gun,ufos gun,1.0,1 X (T1) Rare,,,N/A,3.0,3.0,N/A,,,https://www.mm2values.com/img/UFOsGun2025.png,https://murder-mystery-2.fandom.com/wiki/UFOs_Gun,https://www.mm2values.com/?p=common,951,2026-07-31T08:58:43.620988+00:00
00bc00208b1e5d0a77b86c31,mm2values,common,TIER 2,UFOs Knife,ufos knife,3.0,3 X (T1) Rare,,,N/A,3.0,3.0,N/A,,,https://www.mm2values.com/img/UFOsKnife2025.png,https://murder-mystery-2.fandom.com/wiki/UFOs_(Knife),https://www.mm2values.com/?p=common,942,2026-07-31T08:58:43.620988+00:00
af438760461f18021f1403dd,mm2values,common,TIER 3,Valentine,valentine,1.0,1,,,N/A,2.0,3.0,Stable,,,https://www.mm2values.com/img/valentine.png,https://murder-mystery-2.fandom.com/wiki/Valentine,https://www.mm2values.com/?p=common,202,2026-07-31T08:58:43.620988+00:00
df30d7d3ee2aaa293a8facbd,mm2values,common,TIER 1,Vines Gun,vines gun,1.0,1 X (T1) Common,,,N/A,0.0,0.0,Stable,,,https://www.mm2values.com/img/Vines_Gun_2023.png,https://murder-mystery-2.fandom.com/wiki/Vines_(Gun),https://www.mm2values.com/?p=common,750,2026-07-31T08:58:43.620988+00:00
1b4e5f509da9c994bc92b5f6,mm2values,common,TIER 2,Vines Knife,vines knife,2.0,2 X (T1) Uncommon,,,N/A,2.0,3.0,Stable,,,https://www.mm2values.com/img/Vines_Knife_2023.png,,https://www.mm2values.com/?p=common,752,2026-07-31T08:58:43.620988+00:00
305db8b842550fe5935b5f60,mm2values,common,TIER 1,Watcher gun 2020,watcher gun 2020,3.0,3 X (T1) Common,,,N/A,0.0,0.0,Stable,,,https://www.mm2values.com/img/Watcher_Gun.png,https://murder-mystery-2.fandom.com/wiki/Watcher_Gun_(2020),https://www.mm2values.com/?p=common,708,2026-07-31T08:58:43.620988+00:00
e1f0f77bd3bb64addf9224d3,mm2values,common,TIER 1,Watcher Knife 2020,watcher knife 2020,2.0,2 X (T1) Common,,,N/A,0.0,0.0,Stable,,,https://www.mm2values.com/img/watcherknfie2020.png,https://murder-mystery-2.fandom.com/wiki/Watcher_Knife_(2020),https://www.mm2values.com/?p=common,707,2026-07-31T08:58:43.620988+00:00
fed61aa82987aef474607b07,mm2values,common,TIER 1,Wavy Gun,wavy gun,3.0,3 X (T1) Common,,,N/A,0.0,0.0,Stable,,,https://www.mm2values.com/img/WavyGun.png,https://murder-mystery-2.fandom.com/wiki/Wavy_(Gun),https://www.mm2values.com/?p=common,796,2026-07-31T08:58:43.620988+00:00
099442b1e0a9b27285971f3d,mm2values,common,TIER 1,Wavy Knife,wavy knife,3.0,3 X (T1) Common,,,N/A,0.0,0.0,Stable,,,https://www.mm2values.com/img/WavyKnife.png,https://murder-mystery-2.fandom.com/wiki/Wavy_(Knife),https://www.mm2values.com/?p=common,797,2026-07-31T08:58:43.620988+00:00
4d720cf54718cbf119c43cb1,mm2values,common,TIER 5,Webbed Gun,webbed gun,30.0,30,,,N/A,2.0,3.5,Stable,,,https://www.mm2values.com/img/webbedgun.png,https://murder-mystery-2.fandom.com/wiki/Webbed_(Gun),https://www.mm2values.com/?p=common,422,2026-07-31T08:58:43.620988+00:00
aaf5285fb7db0d886854823d,mm2values,common,TIER 3,Webbed Knife,webbed knife,1.0,1,,,N/A,2.0,3.0,Stable,,,https://www.mm2values.com/img/webbedknife.png,https://murder-mystery-2.fandom.com/wiki/Webbed_(Knife),https://www.mm2values.com/?p=common,423,2026-07-31T08:58:43.620988+00:00
a8fa4ee5259479934208ad7d,mm2values,common,TIER 2,Webs Gun,webs gun,1.0,1 X (T1) Rare,,,N/A,2.0,3.0,Stable,,,https://www.mm2values.com/img/Websgun22.png,https://murder-mystery-2.fandom.com/wiki/Webs_(Gun),https://www.mm2values.com/?p=common,636,2026-07-31T08:58:43.620988+00:00
1d92149ac7fdcd8e0c5007b3,mm2values,common,TIER 1,Whiteout,whiteout,1.0,1 X (T1) Common,,,N/A,0.0,0.0,Stable,,,https://www.mm2values.com/img/WhiteoutUP.png,https://murder-mystery-2.fandom.com/wiki/Whiteout,https://www.mm2values.com/?p=common,272,2026-07-31T08:58:43.620988+00:00
f36a30855fe006bea653427b,mm2values,common,TIER 3,Witch,witch,1.0,1,,,N/A,1.0,3.0,Stable,,,https://www.mm2values.com/img/Witch2016UP.png,https://murder-mystery-2.fandom.com/wiki/Witch,https://www.mm2values.com/?p=common,229,2026-07-31T08:58:43.620988+00:00
0fd5240c8efccac7248ed2bb,mm2values,common,TIER 1,Wood Knife,wood knife,1.0,1 X (T1) Common,,,N/A,0.0,0.0,Stable,,,https://www.mm2values.com/img/Wood.png,https://murder-mystery-2.fandom.com/wiki/Wood,https://www.mm2values.com/?p=common,749,2026-07-31T08:58:43.620988+00:00
0bd3180f57069f88d1d2e0d4,mm2values,common,TIER 5,Wrapped Gun,wrapped gun,30.0,30,,,N/A,2.0,4.0,Stable,,,https://www.mm2values.com/img/Wrapped_gun_2018up.png,https://murder-mystery-2.fandom.com/wiki/Wrapped_Gun_(2018),https://www.mm2values.com/?p=common,271,2026-07-31T08:58:43.620988+00:00
2580a932c19584a584c8a3da,mm2values,common,TIER 2,Wrapped Knife,wrapped knife,1.0,1 X (T1) Rare,,,N/A,2.0,2.0,Stable,,,https://www.mm2values.com/img/Wrapped2018UP.png,https://murder-mystery-2.fandom.com/wiki/Wrapped_Knife_(2018),https://www.mm2values.com/?p=common,262,2026-07-31T08:58:43.620988+00:00
1fe87f24a8f5f3c6df6baa4d,mm2values,common,TIER 1,Xbox,xbox,2.0,2 X (T1) Common,,,N/A,0.0,0.0,Stable,,,https://www.mm2values.com/img/xbox.png,https://murder-mystery-2.fandom.com/wiki/Xbox,https://www.mm2values.com/?p=common,231,2026-07-31T08:58:43.620988+00:00
415b98904e89a2ff8ab33263,mm2values,common,TIER 1,Yellow,yellow,1.0,1 X (T1) Common,,,N/A,0.0,0.0,Stable,,,https://www.mm2values.com/img/YellowUP.png,https://murder-mystery-2.fandom.com/wiki/Yellow,https://www.mm2values.com/?p=common,306,2026-07-31T08:58:43.620988+00:00
3de40499afb373a7f8d6681f,mm2values,common,TIER 3,Zombie,zombie,2.0,2,,,N/A,1.0,3.0,Stable,,,https://www.mm2values.com/img/Zombie2017UP.png,https://murder-mystery-2.fandom.com/wiki/Zombie_Knife_(2017),https://www.mm2values.com/?p=common,248,2026-07-31T08:58:43.620988+00:00
8b0b353be3f64977d7526bc0,mm2values,godly,TIER 5,Alienbeam,alienbeam,1825.0,"1,825",,,N/A,5.0,3.0,Stable,,,https://www.mm2values.com/img/Alienbeam.png,https://murder-mystery-2.fandom.com/wiki/Alienbeam,https://www.mm2values.com/?p=godly,926,2026-07-31T08:58:33.963418+00:00
f30c9e7e49a20e691a44b50e,mm2values,godly,TIER 2,Amerilaser,amerilaser,23.0,23,,,N/A,2.0,2.0,Stable,,,https://www.mm2values.com/img/AmeriUP.png,https://murder-mystery-2.fandom.com/wiki/Amerilaser,https://www.mm2values.com/?p=godly,30,2026-07-31T08:58:33.963418+00:00
08b9d5c36582ecacc1af3c75,mm2values,godly,TIER 4,Australis,australis,135.0,135,,,N/A,2.5,2.0,Stable,,,https://www.mm2values.com/img/2024Australis.png,https://murder-mystery-2.fandom.com/wiki/Australis,https://www.mm2values.com/?p=godly,858,2026-07-31T08:58:33.963418+00:00
6a2ae8999cc6c60a6938a056,mm2values,godly,TIER 4,Bat,bat,120.0,120,,,N/A,2.0,2.0,Stable,,,https://www.mm2values.com/img/Bat_Zombie.png,https://murder-mystery-2.fandom.com/wiki/Bat,https://www.mm2values.com/?p=godly,618,2026-07-31T08:58:33.963418+00:00
5f5c6890b2af8859e7b45ad1,mm2values,godly,TIER 2,Battle Axe II,battle axe ii,18.0,18,,,N/A,1.5,2.0,Stable,,,https://www.mm2values.com/img/BattleAxe2UP.png,https://murder-mystery-2.fandom.com/wiki/BattleAxe_II,https://www.mm2values.com/?p=godly,32,2026-07-31T08:58:33.963418+00:00
682531da482e539e62e2ef71,mm2values,godly,TIER 1,BattleAxe,battleaxe,13.0,13,,,N/A,1.0,2.0,Stable,,,https://www.mm2values.com/img/Battleaxe1UP.png,https://murder-mystery-2.fandom.com/wiki/BattleAxe,https://www.mm2values.com/?p=godly,57,2026-07-31T08:58:33.963418+00:00
6557414dfdf8748eb6b7d714,mm2values,godly,TIER 5,Bauble,bauble,825.0,825,,,N/A,5.0,3.0,Stable,,,https://www.mm2values.com/img/Bauble.png,https://murder-mystery-2.fandom.com/wiki/Bauble,https://www.mm2values.com/?p=godly,854,2026-07-31T08:58:33.963418+00:00
3b957098951f0d40bde6603b,mm2values,godly,TIER 4,Beachy,beachy,150.0,150,140.0,165.0,140-165,3.0,3.0,Fluctuating,,,https://www.mm2values.com/img/BeachyGodly2026.png,,https://www.mm2values.com/?p=godly,1003,2026-07-31T08:58:33.963418+00:00
6afc88ee7bc4eb77c4b2cf3e,mm2values,godly,TIER 1,Bioblade,bioblade,10.0,10,,,N/A,1.0,1.5,Stable,,,https://www.mm2values.com/img/Mm2bioblade.png,https://murder-mystery-2.fandom.com/wiki/Bioblade,https://www.mm2values.com/?p=godly,444,2026-07-31T08:58:33.963418+00:00
3cfca08c965a3aba6ac78535,mm2values,godly,TIER 2,Blaster,blaster,17.0,17,,,N/A,2.0,2.0,Stable,,,https://www.mm2values.com/img/BlasterUP.png,https://murder-mystery-2.fandom.com/wiki/Blaster,https://www.mm2values.com/?p=godly,35,2026-07-31T08:58:33.963418+00:00
fc89ce56748b3c39dbc07ddb,mm2values,godly,TIER 5,Blizzard,blizzard,265.0,265,,,N/A,4.0,2.0,Stable,,,https://www.mm2values.com/img/Blizzard.png,,https://www.mm2values.com/?p=godly,955,2026-07-31T08:58:33.963418+00:00
8083977a599c4f4d708f5032,mm2values,godly,TIER 5,Bloom,bloom,400.0,400,,,N/A,4.5,2.5,Stable,,,https://www.mm2values.com/img/Bloom_Knife.png,https://murder-mystery-2.fandom.com/wiki/Bloom,https://www.mm2values.com/?p=godly,890,2026-07-31T08:58:33.963418+00:00
f8bf07df0eee9b12ed7aec64,mm2values,godly,TIER 5,Blossom,blossom,1320.0,"1,320",1320.0,1330.0,1320-1330,6.0,3.0,Doing Well,,,https://www.mm2values.com/img/BlossomGun.png,https://murder-mystery-2.fandom.com/wiki/Blossom,https://www.mm2values.com/?p=godly,696,2026-07-31T08:58:33.963418+00:00
02a7b7128f3c69425dd427ca,mm2values,godly,TIER 1,Blue Seer,blue seer,3.0,3,,,N/A,1.0,1.0,Stable,,,https://www.mm2values.com/img/blueseer.png,https://murder-mystery-2.fandom.com/wiki/Blue_Seer,https://www.mm2values.com/?p=godly,53,2026-07-31T08:58:33.963418+00:00
ae3e0dd8fafd18f5784e63c5,mm2values,godly,TIER 1,Boneblade,boneblade,8.0,8,,,N/A,1.0,2.5,Stable,,,https://www.mm2values.com/img/BonebladeUP.png,https://murder-mystery-2.fandom.com/wiki/Boneblade,https://www.mm2values.com/?p=godly,27,2026-07-31T08:58:33.963418+00:00
744d830d775dfaadd04d4089,mm2values,godly,TIER 4,Borealis,borealis,140.0,140,,,N/A,2.5,2.0,Stable,,,https://www.mm2values.com/img/2024Borealis.png,https://murder-mystery-2.fandom.com/wiki/Borealis,https://www.mm2values.com/?p=godly,859,2026-07-31T08:58:33.963418+00:00
dd5ffb41026c26db74dfd71a,mm2values,godly,TIER 3,Candleflame,candleflame,35.0,35,,,N/A,2.0,2.0,Stable,,,https://www.mm2values.com/img/candleflame.png,https://murder-mystery-2.fandom.com/wiki/Candleflame,https://www.mm2values.com/?p=godly,524,2026-07-31T08:58:33.963418+00:00
7fcb3a3af20ddbf78f2af809,mm2values,godly,TIER 4,Candy,candy,85.0,85,,,N/A,2.0,2.0,Stable,,,https://www.mm2values.com/img/Updated_Candy.png,https://murder-mystery-2.fandom.com/wiki/Candy,https://www.mm2values.com/?p=godly,23,2026-07-31T08:58:33.963418+00:00
d71d5ba73e485342882ee674,mm2values,godly,TIER 1,Chill,chill,12.0,12,,,N/A,1.0,2.0,Stable,,,https://www.mm2values.com/img/ChillUpdated4.png,https://murder-mystery-2.fandom.com/wiki/Chill,https://www.mm2values.com/?p=godly,24,2026-07-31T08:58:33.963418+00:00
39e6fcebd95907b1d50bfe21,mm2values,godly,TIER 1,Clockwork,clockwork,12.0,12,,,N/A,1.0,1.5,Stable,,,https://www.mm2values.com/img/ClockworkUp.png,https://murder-mystery-2.fandom.com/wiki/Clockwork,https://www.mm2values.com/?p=godly,28,2026-07-31T08:58:33.963418+00:00
27ba95c2ea1f1e752bfafff7,mm2values,godly,TIER 5,Constellation,constellation,2700.0,"2,700",,,N/A,5.5,3.5,Stable,,,https://www.mm2values.com/img/2024Constellation.png,https://murder-mystery-2.fandom.com/wiki/Constellation,https://www.mm2values.com/?p=godly,856,2026-07-31T08:58:33.963418+00:00
59683df16559b090af18a2c9,mm2values,godly,TIER 1,Cookieblade,cookieblade,4.0,4,,,N/A,1.0,1.5,Stable,,,https://www.mm2values.com/img/CookiebladeUP.png,https://murder-mystery-2.fandom.com/wiki/Cookieblade,https://www.mm2values.com/?p=godly,483,2026-07-31T08:58:33.963418+00:00
f8561aa8a68926b63f104dda,mm2values,godly,TIER 1,Cookiecane,cookiecane,14.0,14,,,N/A,1.5,2.0,Stable,,,https://www.mm2values.com/img/Cookiecane.png,https://murder-mystery-2.fandom.com/wiki/Cookiecane,https://www.mm2values.com/?p=godly,660,2026-07-31T08:58:33.963418+00:00
8a80a2d4af2083fad97f5ced,mm2values,godly,TIER 3,Darkbringer,darkbringer,35.0,35,,,N/A,2.0,2.0,Stable,,,https://www.mm2values.com/img/DarkbringerUpdated.png,https://murder-mystery-2.fandom.com/wiki/Darkbringer,https://www.mm2values.com/?p=godly,448,2026-07-31T08:58:33.963418+00:00
d425489c6ccbad429cdec215,mm2values,godly,TIER 5,Darkshot,darkshot,1650.0,"1,650",,,N/A,5.5,3.0,Stable,,,https://www.mm2values.com/img/Darkshot.png,https://murder-mystery-2.fandom.com/wiki/Darkshot,https://www.mm2values.com/?p=godly,741,2026-07-31T08:58:33.963418+00:00
9eaa2946f36d9cf51b2d43d0,mm2values,godly,TIER 5,Darksword,darksword,1625.0,"1,625",,,N/A,5.5,3.0,Stable,,,https://www.mm2values.com/img/Darksword.png,https://murder-mystery-2.fandom.com/wiki/Darksword,https://www.mm2values.com/?p=godly,742,2026-07-31T08:58:33.963418+00:00
57e8281c79397211f9e56f54,mm2values,godly,TIER 1,Death Shard,death shard,13.0,13,,,N/A,1.0,1.5,Stable,,,https://www.mm2values.com/img/DeathshardUp.png,https://murder-mystery-2.fandom.com/wiki/Deathshard,https://www.mm2values.com/?p=godly,49,2026-07-31T08:58:33.963418+00:00
b22f6c697ee4f6c002b6d2ad,mm2values,godly,TIER 1,Eggblade,eggblade,5.0,5,,,N/A,1.0,1.5,Stable,,,https://www.mm2values.com/img/EggbladeUP.png,https://murder-mystery-2.fandom.com/wiki/Eggblade,https://www.mm2values.com/?p=godly,521,2026-07-31T08:58:33.963418+00:00
f4d043df90296a8acd11e8e2,mm2values,godly,TIER 3,Elderwood Blade,elderwood blade,32.0,32,,,N/A,1.0,1.5,Stable,,,https://www.mm2values.com/img/ElderwoodBlade.png,https://murder-mystery-2.fandom.com/wiki/Elderwood_Blade,https://www.mm2values.com/?p=godly,619,2026-07-31T08:58:33.963418+00:00
a384652130e3ae465093440d,mm2values,godly,TIER 3,Elderwood Revolver,elderwood revolver,35.0,35,,,N/A,2.0,2.0,Stable,,,https://www.mm2values.com/img/ewrev.png,https://murder-mystery-2.fandom.com/wiki/Elderwood_Revolver,https://www.mm2values.com/?p=godly,18,2026-07-31T08:58:33.963418+00:00
2e3dbcef891ed6c729e2f6b5,mm2values,godly,TIER 1,Eternal,eternal,10.0,10,,,N/A,1.0,2.0,Stable,,,https://www.mm2values.com/img/EternalUpdated.png,https://murder-mystery-2.fandom.com/wiki/Eternal,https://www.mm2values.com/?p=godly,26,2026-07-31T08:58:33.963418+00:00
b53ac41adef2b6c3e5b11066,mm2values,godly,TIER 1,Eternal Cane,eternal cane,13.0,13,,,N/A,1.5,2.0,Stable,,,https://www.mm2values.com/img/eternalcane.png,https://murder-mystery-2.fandom.com/wiki/Eternalcane,https://www.mm2values.com/?p=godly,379,2026-07-31T08:58:33.963418+00:00
d3ea75d5ee1c698b682352cb,mm2values,godly,TIER 1,Eternal II,eternal ii,8.0,8,,,N/A,1.0,2.0,Stable,,,https://www.mm2values.com/img/Eternal_2UP.png,https://murder-mystery-2.fandom.com/wiki/Eternal_II,https://www.mm2values.com/?p=godly,19,2026-07-31T08:58:33.963418+00:00
9c58e68952a82279b59562f7,mm2values,godly,TIER 1,Eternal III,eternal iii,10.0,10,,,N/A,1.0,2.0,Stable,,,https://www.mm2values.com/img/eternal3.png,https://murder-mystery-2.fandom.com/wiki/Eternal_III,https://www.mm2values.com/?p=godly,441,2026-07-31T08:58:33.963418+00:00
3130b8d5cdb693d796dc4630,mm2values,godly,TIER 1,Eternal IV,eternal iv,10.0,10,,,N/A,1.0,2.0,Stable,,,https://www.mm2values.com/img/Eternal4UP.png,https://murder-mystery-2.fandom.com/wiki/Eternal_IV,https://www.mm2values.com/?p=godly,467,2026-07-31T08:58:33.963418+00:00
be37c67e7b0ef1a81bb05041,mm2values,godly,TIER 5,Evergreen,evergreen,2475.0,"2,475",,,N/A,5.0,3.5,Stable,,,https://www.mm2values.com/img/Evergreen.png,https://murder-mystery-2.fandom.com/wiki/Evergreen,https://www.mm2values.com/?p=godly,769,2026-07-31T08:58:33.963418+00:00
e5ccbe2f310e8ca905ac1f87,mm2values,godly,TIER 5,Evergun,evergun,3425.0,"3,425",,,N/A,5.0,3.5,Stable,,,https://www.mm2values.com/img/Evergun.png,https://murder-mystery-2.fandom.com/wiki/Evergun,https://www.mm2values.com/?p=godly,770,2026-07-31T08:58:33.963418+00:00
ec90fcb5d1723e2192255c88,mm2values,godly,TIER 1,Fang,fang,12.0,12,,,N/A,1.0,1.5,Stable,,,https://www.mm2values.com/img/FangUp.png,https://murder-mystery-2.fandom.com/wiki/Fang,https://www.mm2values.com/?p=godly,47,2026-07-31T08:58:33.963418+00:00
193c68c56999948216a02561,mm2values,godly,TIER 1,Flames,flames,7.0,7,,,N/A,1.0,1.5,Stable,,,https://www.mm2values.com/img/FlamesUp.png,https://murder-mystery-2.fandom.com/wiki/Flames,https://www.mm2values.com/?p=godly,38,2026-07-31T08:58:33.963418+00:00
6059a8118b81074a9bd607f1,mm2values,godly,TIER 5,Flora,flora,410.0,410,,,N/A,4.5,2.5,Stable,,,https://www.mm2values.com/img/Flora_Gun.png,https://murder-mystery-2.fandom.com/wiki/Flora,https://www.mm2values.com/?p=godly,891,2026-07-31T08:58:33.963418+00:00
b64c05a493cc5f91a0ff9b13,mm2values,godly,TIER 5,Flowerwood Gun,flowerwood gun,260.0,260,,,N/A,4.0,2.5,Stable,,,https://www.mm2values.com/img/Flowerwood_Gun.png,https://murder-mystery-2.fandom.com/wiki/Flowerwood_Gun,https://www.mm2values.com/?p=godly,795,2026-07-31T08:58:33.963418+00:00
a9786c4b4b247f2dcb0cdac4,mm2values,godly,TIER 5,Flowerwood Knife,flowerwood knife,255.0,255,,,N/A,4.0,2.5,Stable,,,https://www.mm2values.com/img/Flowerwood_Knife.png,https://murder-mystery-2.fandom.com/wiki/Flowerwood,https://www.mm2values.com/?p=godly,794,2026-07-31T08:58:33.963418+00:00
6bf3f327af756dfaac82f3c6,mm2values,godly,TIER 1,Frostbite,frostbite,7.0,7,,,N/A,1.0,1.5,Stable,,,https://www.mm2values.com/img/FrostbiteUP.png,https://murder-mystery-2.fandom.com/wiki/Frostbite,https://www.mm2values.com/?p=godly,407,2026-07-31T08:58:33.963418+00:00
9522b3c770c18f691f0ce8d7,mm2values,godly,TIER 1,Frostsaber,frostsaber,10.0,10,,,N/A,1.0,2.0,Stable,,,https://www.mm2values.com/img/FrostsaberUP.png,https://murder-mystery-2.fandom.com/wiki/Frostsaber,https://www.mm2values.com/?p=godly,58,2026-07-31T08:58:33.963418+00:00
12d94824d98e3d62edbda3c7,mm2values,godly,TIER 1,Gemstone,gemstone,13.0,13,,,N/A,1.0,1.5,Stable,,,https://www.mm2values.com/img/GemstoneUP.png,https://murder-mystery-2.fandom.com/wiki/Gemstone,https://www.mm2values.com/?p=godly,440,2026-07-31T08:58:33.963418+00:00
bd9f08ffad94989cf2748a89,mm2values,godly,TIER 1,Ghost Blade,ghost blade,8.0,8,,,N/A,1.0,2.0,Stable,,,https://www.mm2values.com/img/ghostblade.png,https://murder-mystery-2.fandom.com/wiki/Ghostblade,https://www.mm2values.com/?p=godly,62,2026-07-31T08:58:33.963418+00:00
19568a329396da479760b425,mm2values,godly,TIER 2,Ginger Luger,ginger luger,18.0,18,,,N/A,2.0,2.0,Stable,,,https://www.mm2values.com/img/Ginger_LugerUP.png,https://murder-mystery-2.fandom.com/wiki/Ginger_Luger,https://www.mm2values.com/?p=godly,36,2026-07-31T08:58:33.963418+00:00
761284eccb4c35f64e4fa6b8,mm2values,godly,TIER 1,Gingerblade,gingerblade,13.0,13,,,N/A,1.0,2.0,Stable,,,https://www.mm2values.com/img/GingerbladeUP.png,https://murder-mystery-2.fandom.com/wiki/Gingerblade,https://www.mm2values.com/?p=godly,60,2026-07-31T08:58:33.963418+00:00
60bd8bf89281ed70e462e27f,mm2values,godly,TIER 1,Gingermint,gingermint,14.0,14,,,N/A,1.5,2.0,Stable,,,https://www.mm2values.com/img/Gingermint.png,https://murder-mystery-2.fandom.com/wiki/Gingermint,https://www.mm2values.com/?p=godly,662,2026-07-31T08:58:33.963418+00:00
5ce4b196b22d6de3b75b1a70,mm2values,godly,TIER 2,Green Luger,green luger,25.0,25,,,N/A,2.0,2.0,Stable,,,https://www.mm2values.com/img/Green_Luger.png,https://murder-mystery-2.fandom.com/wiki/Green_Luger,https://www.mm2values.com/?p=godly,21,2026-07-31T08:58:33.963418+00:00
0a148da88fdb753325581fd1,mm2values,godly,TIER 2,Hallowgun,hallowgun,22.0,22,,,N/A,2.0,2.0,Stable,,,https://www.mm2values.com/img/hallowgunup.png,https://murder-mystery-2.fandom.com/wiki/Hallowgun,https://www.mm2values.com/?p=godly,472,2026-07-31T08:58:33.963418+00:00
1db56be6f2e8e00bc49bf6da,mm2values,godly,TIER 1,Hallows Blade,hallows blade,7.0,7,,,N/A,1.0,2.0,Stable,,,https://www.mm2values.com/img/HallowsbladeUP.png,https://murder-mystery-2.fandom.com/wiki/Hallow%27s_Blade,https://www.mm2values.com/?p=godly,64,2026-07-31T08:58:33.963418+00:00
ae23146582cc861a27ffd0f4,mm2values,godly,TIER 1,Hallows Edge,hallows edge,9.0,9,,,N/A,1.0,2.5,Stable,,,https://www.mm2values.com/img/HallowEdgeUp.png,https://murder-mystery-2.fandom.com/wiki/Hallow%27s_Edge,https://www.mm2values.com/?p=godly,29,2026-07-31T08:58:33.963418+00:00
9ebcaba0765f6d35d6e8995f,mm2values,godly,TIER 1,Handsaw,handsaw,9.0,9,,,N/A,1.0,2.5,Stable,,,https://www.mm2values.com/img/Handsaw_Png.png,https://murder-mystery-2.fandom.com/wiki/Handsaw,https://www.mm2values.com/?p=godly,25,2026-07-31T08:58:33.963418+00:00
dc1c6149678f2283c7f8dd8e,mm2values,godly,TIER 5,Heart Wand,heart wand,350.0,350,,,N/A,4.0,2.0,Stable,,,https://www.mm2values.com/img/Heartwand.png,https://murder-mystery-2.fandom.com/wiki/Heart_Wand,https://www.mm2values.com/?p=godly,989,2026-07-31T08:58:33.963418+00:00
f1d7da67ea35decb69a92e7f,mm2values,godly,TIER 3,Heartblade,heartblade,65.0,65,,,N/A,2.0,2.0,Stable,,,https://www.mm2values.com/img/HeartBladeUp.png,https://murder-mystery-2.fandom.com/wiki/Heartblade,https://www.mm2values.com/?p=godly,512,2026-07-31T08:58:33.963418+00:00
c342cff7a01ea997b5a49c86,mm2values,godly,TIER 1,Heat,heat,12.0,12,,,N/A,1.0,1.5,Stable,,,https://www.mm2values.com/img/HeatUP.png,https://murder-mystery-2.fandom.com/wiki/Heat,https://www.mm2values.com/?p=godly,40,2026-07-31T08:58:33.963418+00:00
e61effd657da506de5b15ad6,mm2values,godly,TIER 1,Ice Dragon,ice dragon,7.0,7,,,N/A,1.0,1.5,Stable,,,https://www.mm2values.com/img/IceDragonUp.png,https://murder-mystery-2.fandom.com/wiki/Ice_Dragon,https://www.mm2values.com/?p=godly,51,2026-07-31T08:58:33.963418+00:00
2e4bac691a6e24c2b94c44c5,mm2values,godly,TIER 1,Ice Shard,ice shard,9.0,9,,,N/A,1.0,2.0,Stable,,,https://www.mm2values.com/img/IceShardUP.png,https://murder-mystery-2.fandom.com/wiki/Ice_Shard,https://www.mm2values.com/?p=godly,59,2026-07-31T08:58:33.963418+00:00
2efb355b8097fc1a5cb53677,mm2values,godly,TIER 2,Icebeam,icebeam,20.0,20,,,N/A,1.5,2.0,Stable,,,https://www.mm2values.com/img/IceBeamUP.png,https://murder-mystery-2.fandom.com/wiki/Icebeam,https://www.mm2values.com/?p=godly,532,2026-07-31T08:58:33.963418+00:00
7247073a653a6df7a7b07aa4,mm2values,godly,TIER 3,Iceblaster,iceblaster,35.0,35,,,N/A,2.0,2.0,Stable,,,https://www.mm2values.com/img/IceblasterUP.png,https://murder-mystery-2.fandom.com/wiki/Iceblaster,https://www.mm2values.com/?p=godly,481,2026-07-31T08:58:33.963418+00:00
537788c679fb5b00193dabc0,mm2values,godly,TIER 4,Icecream,icecream,155.0,155,145.0,165.0,145-165,3.0,3.0,Fluctuating,,,https://www.mm2values.com/img/Icecream_knife.png,,https://www.mm2values.com/?p=godly,1005,2026-07-31T08:58:33.963418+00:00
20cef99c774d510f450465ff,mm2values,godly,TIER 2,Iceflake,iceflake,18.0,18,,,N/A,1.5,2.0,Stable,,,https://www.mm2values.com/img/IceFlakeUP.png,https://murder-mystery-2.fandom.com/wiki/Iceflake,https://www.mm2values.com/?p=godly,531,2026-07-31T08:58:33.963418+00:00
97000b0296ba7bb59648289f,mm2values,godly,TIER 1,Jinglegun,jinglegun,15.0,15,,,N/A,2.0,2.0,Stable,,,https://www.mm2values.com/img/JinglegunUP.png,https://murder-mystery-2.fandom.com/wiki/Jinglegun,https://www.mm2values.com/?p=godly,482,2026-07-31T08:58:33.963418+00:00
7d68d033eb960e427dc0a8df,mm2values,godly,TIER 2,Laser,laser,23.0,23,,,N/A,2.0,1.5,Stable,,,https://www.mm2values.com/img/LaserUpdated.png,https://murder-mystery-2.fandom.com/wiki/Laser,https://www.mm2values.com/?p=godly,46,2026-07-31T08:58:33.963418+00:00
aa8bf17fcc4a62ecceba05ed,mm2values,godly,TIER 3,Lightbringer,lightbringer,33.0,33,,,N/A,2.0,2.0,Stable,,,https://www.mm2values.com/img/LightbringerUpdated.png,https://murder-mystery-2.fandom.com/wiki/Lightbringer,https://www.mm2values.com/?p=godly,445,2026-07-31T08:58:33.963418+00:00
901f4f087685f21861992fbf,mm2values,godly,TIER 3,Luger,luger,43.0,43,,,N/A,2.0,2.0,Stable,,,https://www.mm2values.com/img/LugerUpdated.png,https://murder-mystery-2.fandom.com/wiki/Luger,https://www.mm2values.com/?p=godly,39,2026-07-31T08:58:33.963418+00:00
608751f7d4a700526a98fde7,mm2values,godly,TIER 1,Luger Cane,luger cane,15.0,15,,,N/A,2.0,2.0,Stable,,,https://www.mm2values.com/img/LugerCaneUP.png,https://murder-mystery-2.fandom.com/wiki/Lugercane,https://www.mm2values.com/?p=godly,408,2026-07-31T08:58:33.963418+00:00
c5c133ea43897550940928be,mm2values,godly,TIER 3,Makeshift,makeshift,33.0,33,,,N/A,1.5,2.0,Stable,,,https://www.mm2values.com/img/Makeshift.png,https://murder-mystery-2.fandom.com/wiki/Makeshift,https://www.mm2values.com/?p=godly,617,2026-07-31T08:58:33.963418+00:00
b95abce8ada985c113919812,mm2values,godly,TIER 1,Minty,minty,15.0,15,,,N/A,1.5,2.0,Stable,,,https://www.mm2values.com/img/MintyUp.png,https://murder-mystery-2.fandom.com/wiki/Minty,https://www.mm2values.com/?p=godly,405,2026-07-31T08:58:33.963418+00:00
2ff8aac67435542893a6df5f,mm2values,godly,TIER 1,Nebula,nebula,13.0,13,,,N/A,1.0,1.5,Stable,,,https://www.mm2values.com/img/NebulaUp.png,https://murder-mystery-2.fandom.com/wiki/Nebula,https://www.mm2values.com/?p=godly,522,2026-07-31T08:58:33.963418+00:00
0bc825239fb11cee40aca863,mm2values,godly,TIER 2,Night Blade,night blade,20.0,20,,,N/A,2.0,2.0,Stable,,,https://www.mm2values.com/img/NightBladeUp.png,https://murder-mystery-2.fandom.com/wiki/Nightblade,https://www.mm2values.com/?p=godly,63,2026-07-31T08:58:33.963418+00:00
13e47f2606870ccbe1f2ffb2,mm2values,godly,TIER 5,Ocean,ocean,280.0,280,,,N/A,4.0,2.5,Stable,,,https://www.mm2values.com/img/Ocean_gun.png,https://murder-mystery-2.fandom.com/wiki/Ocean,https://www.mm2values.com/?p=godly,728,2026-07-31T08:58:33.963418+00:00
2512f8ad373f6e367eb952ef,mm2values,godly,TIER 2,Old Glory,old glory,17.0,17,,,N/A,2.0,2.0,Stable,,,https://www.mm2values.com/img/OldGloryUp.png,https://murder-mystery-2.fandom.com/wiki/Old_Glory,https://www.mm2values.com/?p=godly,31,2026-07-31T08:58:33.963418+00:00
a7f68819071facb0048fcf16,mm2values,godly,TIER 1,Orange Seer,orange seer,2.0,2,,,N/A,1.0,1.0,Stable,,,https://www.mm2values.com/img/orangeseer.png,https://murder-mystery-2.fandom.com/wiki/Orange_Seer,https://www.mm2values.com/?p=godly,55,2026-07-31T08:58:33.963418+00:00
b202d6b2fe9c9f12df5867a8,mm2values,godly,TIER 2,Ornament,ornament,28.0,28,,,N/A,2.0,1.5,Stable,,,https://www.mm2values.com/img/ornagodly.png,,https://www.mm2values.com/?p=godly,984,2026-07-31T08:58:33.963418+00:00
3b43a420df25533f234354bb,mm2values,godly,TIER 4,Pearl,pearl,87.0,87,,,N/A,2.0,2.0,Stable,,,https://www.mm2values.com/img/Pearl.png,https://murder-mystery-2.fandom.com/wiki/Pearl,https://www.mm2values.com/?p=godly,812,2026-07-31T08:58:33.963418+00:00
eb00536335a34fbb8066d919,mm2values,godly,TIER 4,Pearlshine,pearlshine,90.0,90,,,N/A,2.0,2.0,Stable,,,https://www.mm2values.com/img/Pearlshine.png,https://murder-mystery-2.fandom.com/wiki/Pearlshine,https://www.mm2values.com/?p=godly,813,2026-07-31T08:58:33.963418+00:00
9b787c7ef201346c4fc46391,mm2values,godly,TIER 1,Peppermint,peppermint,4.0,4,,,N/A,1.0,1.5,Stable,,,https://www.mm2values.com/img/peppermint.png,https://murder-mystery-2.fandom.com/wiki/Peppermint,https://www.mm2values.com/?p=godly,479,2026-07-31T08:58:33.963418+00:00
00981af574087b8143669af9,mm2values,godly,TIER 3,Phantom,phantom,37.0,37,,,N/A,1.0,2.0,Stable,,,https://www.mm2values.com/img/Phantom_Shop.png,https://murder-mystery-2.fandom.com/wiki/Phantom,https://www.mm2values.com/?p=godly,620,2026-07-31T08:58:33.963418+00:00
986052d591d9a9378194271d,mm2values,godly,TIER 2,Pixel,pixel,18.0,18,,,N/A,2.0,2.0,Stable,,,https://www.mm2values.com/img/PixelUp.png,https://murder-mystery-2.fandom.com/wiki/Pixel,https://www.mm2values.com/?p=godly,34,2026-07-31T08:58:33.963418+00:00
aecf743b9983e5edcbfe55b5,mm2values,godly,TIER 2,Plasmabeam,plasmabeam,20.0,20,,,N/A,1.5,2.0,Stable,,,https://www.mm2values.com/img/Plasmabeam.png,https://murder-mystery-2.fandom.com/wiki/Plasmabeam,https://www.mm2values.com/?p=godly,572,2026-07-31T08:58:33.963418+00:00
b19485584318b30be7aeb438,mm2values,godly,TIER 2,Plasmablade,plasmablade,17.0,17,,,N/A,1.5,2.0,Stable,,,https://www.mm2values.com/img/Plasmablade.png,https://murder-mystery-2.fandom.com/wiki/Plasmablade,https://www.mm2values.com/?p=godly,573,2026-07-31T08:58:33.963418+00:00
f9749a8f6cc0e02454aa4ea1,mm2values,godly,TIER 1,Prismatic,prismatic,5.0,5,,,N/A,1.0,1.5,Stable,,,https://www.mm2values.com/img/PrismaticUp.png,https://murder-mystery-2.fandom.com/wiki/Prismatic,https://www.mm2values.com/?p=godly,468,2026-07-31T08:58:33.963418+00:00
327b927a5446cd624a05f0cc,mm2values,godly,TIER 1,Pumpking,pumpking,8.0,8,,,N/A,1.0,2.5,Stable,,,https://www.mm2values.com/img/PumpkingUP.png,https://murder-mystery-2.fandom.com/wiki/Pumpking,https://www.mm2values.com/?p=godly,44,2026-07-31T08:58:33.963418+00:00
c50ed8d049c4e752173360c5,mm2values,godly,TIER 1,Purple Seer,purple seer,3.0,3,,,N/A,1.0,1.0,Stable,,,https://www.mm2values.com/img/purpleseer.png,https://murder-mystery-2.fandom.com/wiki/Purple_Seer,https://www.mm2values.com/?p=godly,54,2026-07-31T08:58:33.963418+00:00
f37ab6685762c243942f8e2b,mm2values,godly,TIER 5,Rainbow,rainbow,420.0,420,,,N/A,5.0,3.0,Stable,,,https://www.mm2values.com/img/Rainbowblade.png,https://murder-mystery-2.fandom.com/wiki/Rainbow_(Godly),https://www.mm2values.com/?p=godly,714,2026-07-31T08:58:33.963418+00:00
9def05193dcdf3c34477e7ab,mm2values,godly,TIER 5,Rainbow Gun,rainbow gun,430.0,430,,,N/A,5.0,3.0,Stable,,,https://www.mm2values.com/img/rainbowgun.png,https://murder-mystery-2.fandom.com/wiki/Rainbow_Gun_(Godly),https://www.mm2values.com/?p=godly,715,2026-07-31T08:58:33.963418+00:00
1ea9eccd805efc2666ccb959,mm2values,godly,TIER 5,Raygun,raygun,1450.0,"1,450",1450.0,1485.0,1450-1485,5.5,2.5,Doing Well,,,https://www.mm2values.com/img/Raygun.png,https://murder-mystery-2.fandom.com/wiki/Raygun,https://www.mm2values.com/?p=godly,925,2026-07-31T08:58:33.963418+00:00
980dcd9ffb3d72f4ef1334e8,mm2values,godly,TIER 3,Red Luger,red luger,40.0,40,,,N/A,2.0,2.0,Stable,,,https://www.mm2values.com/img/Red_Luger.png,https://murder-mystery-2.fandom.com/wiki/Red_Luger,https://www.mm2values.com/?p=godly,20,2026-07-31T08:58:33.963418+00:00
a0da7e70d1092e07814e439e,mm2values,godly,TIER 1,Red Seer,red seer,3.0,3,,,N/A,1.0,1.0,Stable,,,https://www.mm2values.com/img/redseer.png,https://murder-mystery-2.fandom.com/wiki/Red_Seer,https://www.mm2values.com/?p=godly,52,2026-07-31T08:58:33.963418+00:00
04a748c788fbf73f2f7117d7,mm2values,godly,TIER 5,Sakura,sakura,1300.0,"1,300",1300.0,1310.0,1300-1310,6.0,3.0,Doing Well,,,https://www.mm2values.com/img/Sakura.png,https://murder-mystery-2.fandom.com/wiki/Sakura,https://www.mm2values.com/?p=godly,697,2026-07-31T08:58:33.963418+00:00
4d136ebf1bc6ee33d9cc74d1,mm2values,godly,TIER 4,Sands,sands,150.0,150,140.0,165.0,140-165,3.0,3.0,Fluctuating,,,https://www.mm2values.com/img/SandsGodly2026.png,,https://www.mm2values.com/?p=godly,1004,2026-07-31T08:58:33.963418+00:00
50f1f962ff9cbed9ec0cc9a7,mm2values,godly,TIER 1,Saw,saw,8.0,8,,,N/A,1.0,2.0,Stable,,,https://www.mm2values.com/img/SawUP.png,https://murder-mystery-2.fandom.com/wiki/Saw,https://www.mm2values.com/?p=godly,45,2026-07-31T08:58:33.963418+00:00
19e219704b2773eafad5436f,mm2values,godly,TIER 1,Seer,seer,3.0,3,,,N/A,1.0,1.0,N/A,,,https://www.mm2values.com/img/Seer.png,https://murder-mystery-2.fandom.com/wiki/Seer,https://www.mm2values.com/?p=godly,889,2026-07-31T08:58:33.963418+00:00
632278570164c781b7041dd6,mm2values,godly,TIER 2,Shark,shark,20.0,20,,,N/A,2.0,1.5,Stable,,,https://www.mm2values.com/img/SharkUP.png,https://murder-mystery-2.fandom.com/wiki/Shark,https://www.mm2values.com/?p=godly,48,2026-07-31T08:58:33.963418+00:00
b4356471ef17ad64cd8efa0e,mm2values,godly,TIER 1,Slasher,slasher,15.0,15,,,N/A,1.0,2.0,Stable,,,https://www.mm2values.com/img/SlasherUP.png,https://murder-mystery-2.fandom.com/wiki/Slasher,https://www.mm2values.com/?p=godly,43,2026-07-31T08:58:33.963418+00:00
55aa118cd36d3e3ec57bec34,mm2values,godly,TIER 4,Snow Dagger,snow dagger,250.0,250,,,N/A,3.0,2.0,Stable,,,https://www.mm2values.com/img/Snow_Dagger.png,,https://www.mm2values.com/?p=godly,959,2026-07-31T08:58:33.963418+00:00
34cbbf27c550929c6017297b,mm2values,godly,TIER 5,Snowcannon,snowcannon,850.0,850,,,N/A,5.0,2.0,Stable,,,https://www.mm2values.com/img/Snowcannon.png,,https://www.mm2values.com/?p=godly,961,2026-07-31T08:58:33.963418+00:00
82485b6fc0a0a4f0a89f4d07,mm2values,godly,TIER 1,Snowflake,snowflake,5.0,5,,,N/A,1.0,1.5,Stable,,,https://www.mm2values.com/img/SnowflakeUP.png,https://murder-mystery-2.fandom.com/wiki/Snowflake,https://www.mm2values.com/?p=godly,61,2026-07-31T08:58:33.963418+00:00
2b5d42f8572264735c09c0b9,mm2values,godly,TIER 5,Snowstorm,snowstorm,265.0,265,,,N/A,4.0,2.0,Stable,,,https://www.mm2values.com/img/Snowstorm.png,,https://www.mm2values.com/?p=godly,956,2026-07-31T08:58:33.963418+00:00
dbf104430845d8065aaa2292,mm2values,godly,TIER 5,Soul,soul,610.0,610,,,N/A,5.0,3.0,Stable,,,https://www.mm2values.com/img/soul.png,https://murder-mystery-2.fandom.com/wiki/Soul,https://www.mm2values.com/?p=godly,833,2026-07-31T08:58:33.963418+00:00
6c93cef0308d093139d86766,mm2values,godly,TIER 3,Spectre,spectre,37.0,37,,,N/A,1.0,2.0,Stable,,,https://www.mm2values.com/img/Spectre.png,https://murder-mystery-2.fandom.com/wiki/Spectre,https://www.mm2values.com/?p=godly,621,2026-07-31T08:58:33.963418+00:00
250c944ead896871f8f3f701,mm2values,godly,TIER 1,Spider,spider,12.0,12,,,N/A,1.0,2.0,Stable,,,https://www.mm2values.com/img/SpiderUP.png,https://murder-mystery-2.fandom.com/wiki/Spider,https://www.mm2values.com/?p=godly,33,2026-07-31T08:58:33.963418+00:00
57f414026b434273ec0604dc,mm2values,godly,TIER 5,Spirit,spirit,600.0,600,,,N/A,5.0,3.0,Stable,,,https://www.mm2values.com/img/spirit.png,https://murder-mystery-2.fandom.com/wiki/Spirit,https://www.mm2values.com/?p=godly,832,2026-07-31T08:58:33.963418+00:00
90412ad1f8e1e821b013a574,mm2values,godly,TIER 3,Sugar,sugar,33.0,33,,,N/A,1.5,2.0,Stable,,,https://www.mm2values.com/img/Sugar_v2.png,https://murder-mystery-2.fandom.com/wiki/Sugar,https://www.mm2values.com/?p=godly,22,2026-07-31T08:58:33.963418+00:00
f1492beea8db47906dd29f11,mm2values,godly,TIER 5,Sunrise,sunrise,1125.0,"1,125",,,N/A,5.0,3.0,Stable,,,https://www.mm2values.com/img/SunsetGun.png,https://murder-mystery-2.fandom.com/wiki/Sunrise,https://www.mm2values.com/?p=godly,901,2026-07-31T08:58:33.963418+00:00
47569ffd4a58a473165fe2ab,mm2values,godly,TIER 5,Sunset,sunset,625.0,625,,,N/A,5.0,3.0,Stable,,,https://www.mm2values.com/img/SunsetKnife.png,https://murder-mystery-2.fandom.com/wiki/Sunset_(Knife),https://www.mm2values.com/?p=godly,902,2026-07-31T08:58:33.963418+00:00
655ab797d7a31fac3c3545e9,mm2values,godly,TIER 4,Sweet,sweet,150.0,150,,,N/A,2.5,2.0,Stable,,,https://www.mm2values.com/img/Sweet.png,https://murder-mystery-2.fandom.com/wiki/Sweet,https://www.mm2values.com/?p=godly,987,2026-07-31T08:58:33.963418+00:00
cac8c30c96074fbae7e556ed,mm2values,godly,TIER 1,Swirlyblade,swirlyblade,13.0,13,,,N/A,1.0,1.5,Stable,,,https://www.mm2values.com/img/SwirlyBladeUP.png,https://murder-mystery-2.fandom.com/wiki/Swirly_Blade,https://www.mm2values.com/?p=godly,530,2026-07-31T08:58:33.963418+00:00
132af8caaec8906c759968eb,mm2values,godly,TIER 2,Swirlygun,swirlygun,18.0,18,,,N/A,1.0,1.5,Stable,,,https://www.mm2values.com/img/SwirlGunUP.png,https://murder-mystery-2.fandom.com/wiki/Swirly_Gun,https://www.mm2values.com/?p=godly,528,2026-07-31T08:58:33.963418+00:00
9e4ffbe13ceed1d98a47253d,mm2values,godly,TIER 1,Tides,tides,12.0,12,,,N/A,1.0,1.5,Stable,,,https://www.mm2values.com/img/TidesUP.png,https://murder-mystery-2.fandom.com/wiki/Tides,https://www.mm2values.com/?p=godly,42,2026-07-31T08:58:33.963418+00:00
17122c6ca3ca5cdbaf1a750d,mm2values,godly,TIER 5,Travelers Gun,travelers gun,5600.0,"5,600",,,N/A,6.0,4.0,Stable,,,https://www.mm2values.com/img/TravGun.png,https://murder-mystery-2.fandom.com/wiki/Traveler%27s_Gun,https://www.mm2values.com/?p=godly,740,2026-07-31T08:58:33.963418+00:00
0a830aa204abab343d0f7a4a,mm2values,godly,TIER 4,Treat,treat,155.0,155,,,N/A,2.5,2.0,Stable,,,https://www.mm2values.com/img/Treat.png,https://murder-mystery-2.fandom.com/wiki/Treat,https://www.mm2values.com/?p=godly,988,2026-07-31T08:58:33.963418+00:00
726d4cfd10599c1155f57eae,mm2values,godly,TIER 5,Turkey,turkey,2450.0,"2,450",,,N/A,6.0,3.5,Stable,,,https://www.mm2values.com/img/Turkey.png,https://murder-mystery-2.fandom.com/wiki/Turkey,https://www.mm2values.com/?p=godly,762,2026-07-31T08:58:33.963418+00:00
cb950f2f6d27e130186e396c,mm2values,godly,TIER 1,Vampires Edge,vampires edge,15.0,15,,,N/A,1.0,2.0,Stable,,,https://www.mm2values.com/img/VampiresedgeUP.png,https://murder-mystery-2.fandom.com/wiki/Vampire%27s_Edge,https://www.mm2values.com/?p=godly,473,2026-07-31T08:58:33.963418+00:00
157ce3c1fde37568818fe817,mm2values,godly,TIER 5,Vampires Gun,vampires gun,1950.0,"1,950",,,N/A,6.0,3.5,Stable,,,https://www.mm2values.com/img/vampsgun.png,https://murder-mystery-2.fandom.com/wiki/Vampire%27s_Gun,https://www.mm2values.com/?p=godly,830,2026-07-31T08:58:33.963418+00:00
a17dbe2eb6176523049aca73,mm2values,godly,TIER 1,Virtual,virtual,15.0,15,,,N/A,1.0,2.0,Stable,,,https://www.mm2values.com/img/VirtualUP.png,https://murder-mystery-2.fandom.com/wiki/Virtual,https://www.mm2values.com/?p=godly,37,2026-07-31T08:58:33.963418+00:00
0045fb56210e7ad4a966a92d,mm2values,godly,TIER 4,WaterGun,watergun,245.0,245,,,N/A,3.0,2.5,Stable,,,https://www.mm2values.com/img/WaterGun.png,https://murder-mystery-2.fandom.com/wiki/Watergun,https://www.mm2values.com/?p=godly,811,2026-07-31T08:58:33.963418+00:00
4bd69affe980b3ca94e5e58c,mm2values,godly,TIER 5,Waves,waves,275.0,275,,,N/A,4.0,2.5,Stable,,,https://www.mm2values.com/img/Waves_knife.png,https://murder-mystery-2.fandom.com/wiki/Waves,https://www.mm2values.com/?p=godly,727,2026-07-31T08:58:33.963418+00:00
c44cf53bc1d4ace7481ae6c2,mm2values,godly,TIER 1,Winters Edge,winters edge,7.0,7,,,N/A,1.0,2.0,Stable,,,https://www.mm2values.com/img/WinterEdgeUP.png,https://murder-mystery-2.fandom.com/wiki/Winter%27s_Edge,https://www.mm2values.com/?p=godly,50,2026-07-31T08:58:33.963418+00:00
1583913c4d2ea46e368eea55,mm2values,godly,TIER 5,Xenoknife,xenoknife,270.0,270,,,N/A,4.0,2.5,Stable,,,https://www.mm2values.com/img/Xenoknife.png,https://murder-mystery-2.fandom.com/wiki/Xenoknife,https://www.mm2values.com/?p=godly,923,2026-07-31T08:58:33.963418+00:00
fbf9ea5bb0d6cbdc06530bf2,mm2values,godly,TIER 5,Xenoshot,xenoshot,270.0,270,,,N/A,4.0,2.5,Stable,,,https://www.mm2values.com/img/Xenoshot.png,https://murder-mystery-2.fandom.com/wiki/Xenoshot,https://www.mm2values.com/?p=godly,924,2026-07-31T08:58:33.963418+00:00
11f391960d7e0870d24019b2,mm2values,godly,TIER 1,Xmas,xmas,10.0,10,,,N/A,1.0,2.0,Stable,,,https://www.mm2values.com/img/XmasUP.png,https://murder-mystery-2.fandom.com/wiki/Xmas,https://www.mm2values.com/?p=godly,41,2026-07-31T08:58:33.963418+00:00
3ec4c97cc8708203e2e83990,mm2values,godly,TIER 1,Yellow Seer,yellow seer,2.0,2,,,N/A,1.0,1.0,Stable,,,https://www.mm2values.com/img/yellowseer.png,https://murder-mystery-2.fandom.com/wiki/Yellow_Seer,https://www.mm2values.com/?p=godly,56,2026-07-31T08:58:33.963418+00:00
81e715af52460716f066c9ee,mm2values,legendary,TIER 2,Aquarium Gun,aquarium gun,2.0,2 X (T1) Legend,,,N/A,1.0,1.5,Stable,,,https://www.mm2values.com/img/AquariumG25.png,https://murder-mystery-2.fandom.com/wiki/Aquarium_(Gun),https://www.mm2values.com/?p=legend,913,2026-07-31T08:58:36.385551+00:00
42325a8657088a37545d3571,mm2values,legendary,TIER 2,Aquarium Knife,aquarium knife,2.0,2 X (T1) Legend,,,N/A,1.0,1.5,Doing Well,,,https://www.mm2values.com/img/AquariumK25.png,https://murder-mystery-2.fandom.com/wiki/Aquarium_(Knife),https://www.mm2values.com/?p=legend,903,2026-07-31T08:58:36.385551+00:00
407f6bee616a0f8a947a08d7,mm2values,legendary,TIER 4,Arctic Gun,arctic gun,12.0,12,,,N/A,1.5,4.0,Stable,,,https://www.mm2values.com/img/ArcticGun22.png,https://murder-mystery-2.fandom.com/wiki/Arctic_(Gun),https://www.mm2values.com/?p=legend,664,2026-07-31T08:58:36.385551+00:00
e68996f165192abcf9a5425b,mm2values,legendary,TIER 2,Arctic Knife,arctic knife,3.0,3 X (T1) Legend,,,N/A,3.0,2.0,Stable,,,https://www.mm2values.com/img/Arctic_knife22.png,https://murder-mystery-2.fandom.com/wiki/Arctic_(Knife),https://www.mm2values.com/?p=legend,663,2026-07-31T08:58:36.385551+00:00
1e5f617786d7778eee4068f5,mm2values,legendary,TIER 5,Aurora Gun,aurora gun,55.0,55,,,N/A,2.0,4.0,Stable,,,https://www.mm2values.com/img/AuroraGun2021.png,https://murder-mystery-2.fandom.com/wiki/Aurora_Gun_(2021),https://www.mm2values.com/?p=legend,567,2026-07-31T08:58:36.385551+00:00
0fa5ed473e2b76a103cacab2,mm2values,legendary,TIER 2,Aurora Knife,aurora knife,3.0,3 X (T1) Legend,,,N/A,2.5,2.0,Stable,,,https://www.mm2values.com/img/AuroraKnife2021.png,https://murder-mystery-2.fandom.com/wiki/Aurora_Knife_(2021),https://www.mm2values.com/?p=legend,557,2026-07-31T08:58:36.385551+00:00
2b7fdc254e48c71f49a32805,mm2values,legendary,TIER 5,Beach,beach,35.0,35,,,N/A,2.0,3.0,Stable,,,https://www.mm2values.com/img/Beach_knife.png,https://murder-mystery-2.fandom.com/wiki/Beach_(Knife),https://www.mm2values.com/?p=legend,729,2026-07-31T08:58:36.385551+00:00
bf409a27e3b1ad03f4a049bd,mm2values,legendary,TIER 4,Blue Elite,blue elite,4.0,4,,,N/A,1.0,3.0,Stable,,,https://www.mm2values.com/img/blueelite2017UP.png,https://murder-mystery-2.fandom.com/wiki/Blue_Elite,https://www.mm2values.com/?p=legend,77,2026-07-31T08:58:36.385551+00:00
20b477f713d53c3e729aaa84,mm2values,legendary,TIER 3,Blue Scratch,blue scratch,3.0,3,,,N/A,1.0,3.0,Stable,,,https://www.mm2values.com/img/Blue_Scratch2017UP.png,https://murder-mystery-2.fandom.com/wiki/Scratch_(2017),https://www.mm2values.com/?p=legend,76,2026-07-31T08:58:36.385551+00:00
b543484a42229ed63e8473ea,mm2values,legendary,TIER 4,Broken,broken,7.0,7,,,N/A,2.0,3.0,Stable,,,https://www.mm2values.com/img/Broken2023.png,http://murder-mystery-2.fandom.com/wiki/Broken,https://www.mm2values.com/?p=legend,698,2026-07-31T08:58:36.385551+00:00
fcd1e32b66c62285c90d6827,mm2values,legendary,TIER 1,Bubbles,bubbles,0.0,0,,,N/A,0.0,0.0,N/A,,,https://www.mm2values.com/img/Bubbles2026.png,,https://www.mm2values.com/?p=legend,1009,2026-07-31T08:58:36.385551+00:00
c0716a3b07a8fdf148787119,mm2values,legendary,TIER 3,Bunnies,bunnies,2.0,2,1.0,3.0,1-3,1.5,2.5,Fluctuating,,,https://www.mm2values.com/img/BunniesKnife2025.png,https://murder-mystery-2.fandom.com/wiki/Bunnies,https://www.mm2values.com/?p=legend,895,2026-07-31T08:58:36.385551+00:00
4ec59f3c0f7efff35b205c19,mm2values,legendary,TIER 3,Cavern Gun,cavern gun,1.0,1,,,N/A,1.0,2.5,Stable,,,https://www.mm2values.com/img/Cavern_GunUP.png,https://murder-mystery-2.fandom.com/wiki/Cavern_(Gun),https://www.mm2values.com/?p=legend,469,2026-07-31T08:58:36.385551+00:00
6c9d2dac39e5eddfe8d693e3,mm2values,legendary,TIER 4,Cavern Knife,cavern knife,8.0,8,,,N/A,1.5,3.0,Stable,,,https://www.mm2values.com/img/Cavernknife19UP.png,https://murder-mystery-2.fandom.com/wiki/Cavern_(Knife),https://www.mm2values.com/?p=legend,470,2026-07-31T08:58:36.385551+00:00
b1d2d073df31e70c80bd4049,mm2values,legendary,TIER 2,Chromatic Gun,chromatic gun,3.0,3 X (T1) Legend,,,N/A,2.0,2.0,Stable,,,https://www.mm2values.com/img/chromaticgun.png,https://murder-mystery-2.fandom.com/wiki/Chromatic_(Gun),https://www.mm2values.com/?p=legend,717,2026-07-31T08:58:36.385551+00:00
cd140e551a00e9cb4bab8a67,mm2values,legendary,TIER 2,Chromatic Knife,chromatic knife,4.0,4 X (T1) Legend,,,N/A,2.0,3.0,Stable,,,https://www.mm2values.com/img/chromaticknife.png,https://murder-mystery-2.fandom.com/wiki/Chromatic_(Knife),https://www.mm2values.com/?p=legend,716,2026-07-31T08:58:36.385551+00:00
7d360169034b4f0970dc4444,mm2values,legendary,TIER 5,Cotton Candy,cotton candy,40.0,40,,,N/A,2.0,2.0,Stable,,,https://www.mm2values.com/img/CottoncandyUP.png,https://murder-mystery-2.fandom.com/wiki/Cotton_Candy,https://www.mm2values.com/?p=legend,71,2026-07-31T08:58:36.385551+00:00
e5cc7311df1f7191258944ea,mm2values,legendary,TIER 3,Cupid,cupid,1.0,1,,,N/A,3.0,3.0,N/A,,,https://www.mm2values.com/img/Cupid_2026.png,https://murder-mystery-2.fandom.com/wiki/Cupid,https://www.mm2values.com/?p=legend,993,2026-07-31T08:58:36.385551+00:00
28379e3148173ab113e0dcb0,mm2values,legendary,TIER 3,Cursed,cursed,1.0,1,,,N/A,1.0,2.0,Stable,,,https://www.mm2values.com/img/CursedKnife24.png,https://murder-mystery-2.fandom.com/wiki/Cursed_Knife_(2024),https://www.mm2values.com/?p=legend,843,2026-07-31T08:58:36.385551+00:00
2cd1fbc332625a6eb52fc045,mm2values,legendary,TIER 2,Cursed,cursed,1.0,1 X (T1) Legend,,,N/A,1.0,1.0,Stable,,,https://www.mm2values.com/img/CursedGun.png,https://murder-mystery-2.fandom.com/wiki/Cursed_Gun_(2024),https://www.mm2values.com/?p=legend,853,2026-07-31T08:58:36.385551+00:00
3e23653c85b0c3d2bb074964,mm2values,legendary,TIER 1,Elite,elite,3.0,3 X (T1) Rare,,,N/A,1.0,1.0,Stable,,,https://www.mm2values.com/img/EliteUP.png,https://murder-mystery-2.fandom.com/wiki/Elite,https://www.mm2values.com/?p=legend,85,2026-07-31T08:58:36.385551+00:00
5eb8bbc9ee9bfe3d481e5284,mm2values,legendary,TIER 2,Emerald,emerald,4.0,4 X (T1) Legend,,,N/A,2.0,3.0,Stable,,,https://www.mm2values.com/img/EmeraldUP.png,https://murder-mystery-2.fandom.com/wiki/Emerald,https://www.mm2values.com/?p=legend,81,2026-07-31T08:58:36.385551+00:00
400c9db194f9c6dac41500b6,mm2values,legendary,TIER 3,Energized Gun,energized gun,2.0,2,,,N/A,2.0,2.0,N/A,,,https://www.mm2values.com/img/EnergizedGun2025.png,https://murder-mystery-2.fandom.com/wiki/Energized_(Gun),https://www.mm2values.com/?p=legend,933,2026-07-31T08:58:36.385551+00:00
0c6610cb48b6a9d7f42a4299,mm2values,legendary,TIER 3,Energized Knife,energized knife,1.0,1,,,N/A,2.0,2.0,N/A,,,https://www.mm2values.com/img/EnergizedKnife2025.png,https://murder-mystery-2.fandom.com/wiki/Energized_(Knife),https://www.mm2values.com/?p=legend,943,2026-07-31T08:58:36.385551+00:00
d86df069530266f90636f5ca,mm2values,legendary,TIER 1,Fade,fade,3.0,3 X (T1) Rare,,,N/A,2.0,2.0,Stable,,,https://www.mm2values.com/img/Fade_UP.png,https://murder-mystery-2.fandom.com/wiki/Fade,https://www.mm2values.com/?p=legend,88,2026-07-31T08:58:36.385551+00:00
6c1ec3573c8b9fd922f44633,mm2values,legendary,TIER 2,Frostfade Gun,frostfade gun,3.0,3 X (T1) Legend,,,N/A,2.0,2.0,Stable,,,https://www.mm2values.com/img/Frostfadegun.png,https://murder-mystery-2.fandom.com/wiki/Frostfade_(Gun),https://www.mm2values.com/?p=legend,774,2026-07-31T08:58:36.385551+00:00
92f5926f1009bc87137c2468,mm2values,legendary,TIER 3,Frostfade Knife,frostfade knife,2.0,2,,,N/A,1.5,2.0,Stable,,,https://www.mm2values.com/img/Frostfade2023.png,https://murder-mystery-2.fandom.com/wiki/Frostfade_(Knife),https://www.mm2values.com/?p=legend,775,2026-07-31T08:58:36.385551+00:00
572c7671331aecfb6438640a,mm2values,legendary,TIER 2,Frozen Gun,frozen gun,2.0,2 X (T1) Legend,,,N/A,2.0,2.0,Fluctuating,,,https://www.mm2values.com/img/Frozen_Gun_2025.png,,https://www.mm2values.com/?p=legend,963,2026-07-31T08:58:36.385551+00:00
1a50d55ba57fdc4967eb6b2a,mm2values,legendary,TIER 3,Frozen Knife,frozen knife,1.0,1,,,N/A,2.0,2.0,Stable,,,https://www.mm2values.com/img/Frozen_Knife_2025.png,,https://www.mm2values.com/?p=legend,964,2026-07-31T08:58:36.385551+00:00
8b1a539c8f87e72dcf298770,mm2values,legendary,TIER 1,Fusion,fusion,3.0,3 X (T1) Rare,,,N/A,2.0,2.0,Stable,,,https://www.mm2values.com/img/FusionUP.png,https://murder-mystery-2.fandom.com/wiki/Fusion,https://www.mm2values.com/?p=legend,87,2026-07-31T08:58:36.385551+00:00
03dcd0fb0d55bd23c9f3219e,mm2values,legendary,TIER 3,Ghost Gun,ghost gun,1.0,1,,,N/A,1.0,2.5,Stable,,,https://www.mm2values.com/img/GhostGun2018UP.png,https://murder-mystery-2.fandom.com/wiki/Ghost_(Gun),https://www.mm2values.com/?p=legend,79,2026-07-31T08:58:36.385551+00:00
448d494af8c8a3fea47d7308,mm2values,legendary,TIER 4,Ghost Knife,ghost knife,5.0,5,,,N/A,1.0,2.5,Stable,,,https://www.mm2values.com/img/Ghostk2018UP.png,https://murder-mystery-2.fandom.com/wiki/Ghost_(Knife),https://www.mm2values.com/?p=legend,73,2026-07-31T08:58:36.385551+00:00
deac80671cf361163e34312d,mm2values,legendary,TIER 3,Ginger Gun,ginger gun,2.0,2,,,N/A,1.0,3.0,Stable,,,https://www.mm2values.com/img/Ginger_gun_20182018UP.png,https://murder-mystery-2.fandom.com/wiki/Ginger_Gun_(2018),https://www.mm2values.com/?p=legend,74,2026-07-31T08:58:36.385551+00:00
c4f8794136105c8d16a83873,mm2values,legendary,TIER 2,Ginger Knife,ginger knife,2.0,2 X (T1) Legend,,,N/A,2.0,2.0,Stable,,,https://www.mm2values.com/img/GingerK2018UP.png,https://murder-mystery-2.fandom.com/wiki/Ginger_Knife_(2018),https://www.mm2values.com/?p=legend,95,2026-07-31T08:58:36.385551+00:00
9820eafa8cfc55beb08f6542,mm2values,legendary,TIER 4,Green Elite,green elite,5.0,5,,,N/A,1.0,3.0,Stable,,,https://www.mm2values.com/img/GreenEliteUP1.png,https://murder-mystery-2.fandom.com/wiki/Green_Elite,https://www.mm2values.com/?p=legend,68,2026-07-31T08:58:36.385551+00:00
461a36d3d96395fb1011c583,mm2values,legendary,TIER 2,Green Fire,green fire,3.0,3 X (T1) Legend,,,N/A,1.0,2.0,Stable,,,https://www.mm2values.com/img/Green_Fire2017UP.png,https://murder-mystery-2.fandom.com/wiki/Green_Fire,https://www.mm2values.com/?p=legend,78,2026-07-31T08:58:36.385551+00:00
2c95cc85a050badc779eb8ff,mm2values,legendary,TIER 3,Icecracker,icecracker,2.0,2,,,N/A,1.0,2.5,Stable,,,https://www.mm2values.com/img/IcecrackerUP.png,https://murder-mystery-2.fandom.com/wiki/Icecracker,https://www.mm2values.com/?p=legend,533,2026-07-31T08:58:36.385551+00:00
4514693ab21eecd5de93562b,mm2values,legendary,TIER 4,Icedriller,icedriller,6.0,6,,,N/A,1.0,2.5,Stable,,,https://www.mm2values.com/img/icedriller.png,https://murder-mystery-2.fandom.com/wiki/Icedriller,https://www.mm2values.com/?p=legend,539,2026-07-31T08:58:36.385551+00:00
d08ae26a07ef27bd2a7425b0,mm2values,legendary,TIER 5,JD,jd,30.0,30,,,N/A,2.0,2.0,Stable,,,https://www.mm2values.com/img/JDUP.png,https://murder-mystery-2.fandom.com/wiki/JD,https://www.mm2values.com/?p=legend,65,2026-07-31T08:58:36.385551+00:00
16937b74723f2936ccb81fac,mm2values,legendary,TIER 5,Latte Gun,latte gun,140.0,140,,,N/A,2.0,3.0,Stable,,,https://www.mm2values.com/img/LatteGun.png,https://murder-mystery-2.fandom.com/wiki/Latte_(Gun),https://www.mm2values.com/?p=legend,763,2026-07-31T08:58:36.385551+00:00
e6588a8fc1463c3395d965be,mm2values,legendary,TIER 5,Latte Knife,latte knife,140.0,140,,,N/A,2.0,3.0,Stable,,,https://www.mm2values.com/img/LatteKnife.png,https://murder-mystery-2.fandom.com/wiki/Latte_(Knife),https://www.mm2values.com/?p=legend,764,2026-07-31T08:58:36.385551+00:00
286447f1d782c080604ef9df,mm2values,legendary,TIER 2,Midnight,midnight,3.0,3 X (T1) Legend,,,N/A,2.0,3.0,Stable,,,https://www.mm2values.com/img/MidnightUP.png,https://murder-mystery-2.fandom.com/wiki/Midnight,https://www.mm2values.com/?p=legend,84,2026-07-31T08:58:36.385551+00:00
39da31c3d2338ccbae681c6d,mm2values,legendary,TIER 3,Nightsky,nightsky,1.0,1,,,N/A,1.5,2.0,Stable,,,https://www.mm2values.com/img/Nightsky2024.png,https://murder-mystery-2.fandom.com/wiki/Nightsky,https://www.mm2values.com/?p=legend,878,2026-07-31T08:58:36.385551+00:00
f83543353f32baf6c7c124cb,mm2values,legendary,TIER 2,Nightstar,nightstar,2.0,2 X (T1) Legend,,,N/A,2.0,2.0,Stable,,,https://www.mm2values.com/img/NightskyKnife2024.png,https://murder-mystery-2.fandom.com/wiki/Nightstar,https://www.mm2values.com/?p=legend,888,2026-07-31T08:58:36.385551+00:00
4ced0d3a2e0c7507ba2a3a95,mm2values,legendary,TIER 2,Overseer (gun),overseer gun,4.0,4 X (T1) Legend,,,N/A,2.5,3.0,Stable,,,https://www.mm2values.com/img/OverseergunUP.png,https://murder-mystery-2.fandom.com/wiki/Overseer_(Gun),https://www.mm2values.com/?p=legend,83,2026-07-31T08:58:36.385551+00:00
172ef90e5c35b8d613fb7057,mm2values,legendary,TIER 1,Overseer (knife),overseer knife,4.0,4 X (T1) Rare,,,N/A,3.0,2.0,Stable,,,https://www.mm2values.com/img/OverseerknifeUP.png,https://murder-mystery-2.fandom.com/wiki/Overseer_(Knife),https://www.mm2values.com/?p=legend,91,2026-07-31T08:58:36.385551+00:00
baccdc2b405f685b59745ef7,mm2values,legendary,TIER 2,Palms Gun,palms gun,2.0,2 X (T1) Legend,,,N/A,2.0,2.0,Stable,,,https://www.mm2values.com/img/Palmsg.png,https://murder-mystery-2.fandom.com/wiki/Palms_(Gun),https://www.mm2values.com/?p=legend,815,2026-07-31T08:58:36.385551+00:00
ffddd90b41b64e29d39fca24,mm2values,legendary,TIER 1,Palms Knife,palms knife,4.0,4 X (T1) Rare,,,N/A,1.0,1.0,Stable,,,https://www.mm2values.com/img/PalmsKnfie.png,https://murder-mystery-2.fandom.com/wiki/Palms_(Knife),https://www.mm2values.com/?p=legend,814,2026-07-31T08:58:36.385551+00:00
49a20a44e043e05c95a0674d,mm2values,legendary,TIER 1,Plasmite,plasmite,3.0,3 X (T1) Rare,,,N/A,2.0,2.0,Stable,,,https://www.mm2values.com/img/PlasmitekUP.png,https://murder-mystery-2.fandom.com/wiki/Plasmite,https://www.mm2values.com/?p=legend,93,2026-07-31T08:58:36.385551+00:00
a7b25110b9c8ec088665409d,mm2values,legendary,TIER 1,Predator (gun),predator gun,4.0,4 X (T1) Rare,,,N/A,3.0,2.0,Stable,,,https://www.mm2values.com/img/PredatorGunUP.png,https://murder-mystery-2.fandom.com/wiki/Predator_(Gun),https://www.mm2values.com/?p=legend,92,2026-07-31T08:58:36.385551+00:00
d0bb49eaaed62be4f3ad4e51,mm2values,legendary,TIER 2,Predator (knife),predator knife,4.0,4 X (T1) Legend,,,N/A,2.5,3.0,Stable,,,https://www.mm2values.com/img/PredatorKnifeUp.png,https://murder-mystery-2.fandom.com/wiki/Predator_(Knife),https://www.mm2values.com/?p=legend,80,2026-07-31T08:58:36.385551+00:00
58a74a80eb63a39c6164b22b,mm2values,legendary,TIER 3,Red Fire,red fire,2.0,2,,,N/A,1.0,3.0,Stable,,,https://www.mm2values.com/img/Red_Fire2017UP.png,https://murder-mystery-2.fandom.com/wiki/Red_Fire,https://www.mm2values.com/?p=legend,75,2026-07-31T08:58:36.385551+00:00
2b6f1c60941317ade1a93636,mm2values,legendary,TIER 2,Ripper Gun,ripper gun,3.0,3 X (T1) Legend,,,N/A,2.0,2.0,Stable,,,https://www.mm2values.com/img/RipperGunUp.png,https://murder-mystery-2.fandom.com/wiki/Ripper_(Gun),https://www.mm2values.com/?p=legend,474,2026-07-31T08:58:36.385551+00:00
411f52e4ec7cfff759805176,mm2values,legendary,TIER 2,Ripper Knife,ripper knife,4.0,4 X (T1) Legend,,,N/A,2.0,2.0,Stable,,,https://www.mm2values.com/img/RipperKnUP.png,https://murder-mystery-2.fandom.com/wiki/Ripper_(Knife),https://www.mm2values.com/?p=legend,475,2026-07-31T08:58:36.385551+00:00
f14420c32cbb0ef07aa1b902,mm2values,legendary,TIER 1,Rune,rune,3.0,3 X (T1) Rare,,,N/A,2.0,1.0,Stable,,,https://www.mm2values.com/img/RuneUP.png,https://murder-mystery-2.fandom.com/wiki/Rune,https://www.mm2values.com/?p=legend,442,2026-07-31T08:58:36.385551+00:00
067841f4c32497707b032d3e,mm2values,legendary,TIER 3,Rupture,rupture,2.0,2,,,N/A,1.0,3.0,Stable,,,https://www.mm2values.com/img/RuptureUP.png,https://murder-mystery-2.fandom.com/wiki/Rupture,https://www.mm2values.com/?p=legend,67,2026-07-31T08:58:36.385551+00:00
61dd9f6a6f2ee09885e9ab61,mm2values,legendary,TIER 4,Santas Magic,santas magic,5.0,5,,,N/A,1.0,3.5,Stable,,,https://www.mm2values.com/img/SantasMagicUP.png,https://murder-mystery-2.fandom.com/wiki/Santa%27s_Magic,https://www.mm2values.com/?p=legend,414,2026-07-31T08:58:36.385551+00:00
67454154158d31a8671916dd,mm2values,legendary,TIER 4,Santas Spirit,santas spirit,5.0,5,,,N/A,1.0,3.5,Stable,,,https://www.mm2values.com/img/santasspirit.png,https://murder-mystery-2.fandom.com/wiki/Santa%27s_Spirit,https://www.mm2values.com/?p=legend,597,2026-07-31T08:58:36.385551+00:00
2f95a74ec3cc99c7c19c51b7,mm2values,legendary,TIER 4,Scratch,scratch,4.0,4,,,N/A,1.0,3.0,Stable,,,https://www.mm2values.com/img/redscratch2016UP.png,https://murder-mystery-2.fandom.com/wiki/Scratch_(2016),https://www.mm2values.com/?p=legend,72,2026-07-31T08:58:36.385551+00:00
3f695315bd3d96cffaa2664e,mm2values,legendary,TIER 1,Shiny,shiny,3.0,3 X (T1) Rare,,,N/A,2.0,2.0,Stable,,,https://www.mm2values.com/img/ShinyUP.png,https://murder-mystery-2.fandom.com/wiki/Shiny,https://www.mm2values.com/?p=legend,86,2026-07-31T08:58:36.385551+00:00
6ce84aea05c92afa0e7ceeb5,mm2values,legendary,TIER 3,Skulls,skulls,3.0,3,,,N/A,1.5,2.5,Stable,,,https://www.mm2values.com/img/SkullsUP19.png,https://murder-mystery-2.fandom.com/wiki/Skulls_(2019),https://www.mm2values.com/?p=legend,380,2026-07-31T08:58:36.385551+00:00
63a659061bfe3d413e17db6c,mm2values,legendary,TIER 2,Sparkle,sparkle,3.0,3 X (T1) Legend,,,N/A,2.0,3.0,Stable,,,https://www.mm2values.com/img/SparkleUP.png,https://murder-mystery-2.fandom.com/wiki/Sparkle,https://www.mm2values.com/?p=legend,82,2026-07-31T08:58:36.385551+00:00
2690545d9a99538bf728864e,mm2values,legendary,TIER 2,Spectral Gun,spectral gun,4.0,4 X (T1) Legend,,,N/A,2.5,2.0,Stable,,,https://www.mm2values.com/img/SpectralGun.png,https://murder-mystery-2.fandom.com/wiki/Spectral_(Gun),https://www.mm2values.com/?p=legend,625,2026-07-31T08:58:36.385551+00:00
57afa2e1afb8ba1717081e28,mm2values,legendary,TIER 5,Spectral Knife,spectral knife,60.0,60,,,N/A,2.0,4.0,Stable,,,https://www.mm2values.com/img/SpectralKnife.png,https://murder-mystery-2.fandom.com/wiki/Spectral_(Knife),https://www.mm2values.com/?p=legend,624,2026-07-31T08:58:36.385551+00:00
1850cad22af26c5f93fbd40b,mm2values,legendary,TIER 1,Splash,splash,3.0,3 X (T1) Rare,,,N/A,2.0,2.0,Stable,,,https://www.mm2values.com/img/SplashKUP.png,https://murder-mystery-2.fandom.com/wiki/Splash_(Knife),https://www.mm2values.com/?p=legend,89,2026-07-31T08:58:36.385551+00:00
fe064cfb51d3a190aa796ffb,mm2values,legendary,TIER 1,Splash Gun,splash gun,3.0,3 X (T1) Rare,,,N/A,1.0,1.0,Stable,,,https://www.mm2values.com/img/SplashgunUP.png,https://murder-mystery-2.fandom.com/wiki/Splash_(Gun),https://www.mm2values.com/?p=legend,457,2026-07-31T08:58:36.385551+00:00
5e50e1ffc4618a14e8cc6525,mm2values,legendary,TIER 5,Traveler Gun,traveler gun,60.0,60,,,N/A,2.0,4.5,Stable,,,https://www.mm2values.com/img/Traveler_Gun_2023.png,https://murder-mystery-2.fandom.com/wiki/Traveler_(Gun),https://www.mm2values.com/?p=legend,744,2026-07-31T08:58:36.385551+00:00
5c7942cde46997b9602e6176,mm2values,legendary,TIER 3,Traveler Knife,traveler knife,2.0,2,,,N/A,2.5,2.0,Stable,,,https://www.mm2values.com/img/TravellerKnife.png,https://murder-mystery-2.fandom.com/wiki/Traveler_(Knife),https://www.mm2values.com/?p=legend,745,2026-07-31T08:58:36.385551+00:00
a64efb0d532ce62e48ff08ee,mm2values,legendary,TIER 3,Tree (gun),tree gun,2.0,2,,,N/A,1.0,3.0,Stable,,,https://www.mm2values.com/img/TreeGun2015UP.png,https://murder-mystery-2.fandom.com/wiki/Tree_Gun_(2015),https://www.mm2values.com/?p=legend,69,2026-07-31T08:58:36.385551+00:00
dd667105558ae17692165c90,mm2values,legendary,TIER 3,Tree (knife),tree knife,2.0,2,,,N/A,1.0,3.0,Stable,,,https://www.mm2values.com/img/tree2015UP.png,https://murder-mystery-2.fandom.com/wiki/Tree_Knife_(2015),https://www.mm2values.com/?p=legend,70,2026-07-31T08:58:36.385551+00:00
a0db8c631b7c8b402fdfcf19,mm2values,legendary,TIER 1,Universe,universe,3.0,3 X (T1) Rare,,,N/A,2.0,2.0,Stable,,,https://www.mm2values.com/img/UniversegunUP.png,https://murder-mystery-2.fandom.com/wiki/Universe,https://www.mm2values.com/?p=legend,90,2026-07-31T08:58:36.385551+00:00
ad20f6157674781122a9c1d8,mm2values,legendary,TIER 5,Vampire Gun,vampire gun,55.0,55,,,N/A,2.0,4.0,Stable,,,https://www.mm2values.com/img/Vampire_Gun_2022.png,https://murder-mystery-2.fandom.com/wiki/Vampire_Gun_(2022),https://www.mm2values.com/?p=legend,622,2026-07-31T08:58:36.385551+00:00
b1162f6147cf02e0c05ad40a,mm2values,legendary,TIER 3,Vampire Knife,vampire knife,2.0,2,,,N/A,2.0,2.0,Stable,,,https://www.mm2values.com/img/VampKnife2022.png,https://murder-mystery-2.fandom.com/wiki/Vampire_Knife_(2022),https://www.mm2values.com/?p=legend,623,2026-07-31T08:58:36.385551+00:00
b78cc186b5ae7915dc9ed297,mm2values,legendary,TIER 1,Viper,viper,3.0,3 X (T1) Rare,,,N/A,2.0,2.0,Stable,,,https://www.mm2values.com/img/ViperUP.png,https://murder-mystery-2.fandom.com/wiki/Viper,https://www.mm2values.com/?p=legend,94,2026-07-31T08:58:36.385551+00:00
d11b9bd5946659508079f667,mm2values,legendary,TIER 3,Web,web,2.0,2,,,N/A,1.0,3.0,Stable,,,https://www.mm2values.com/img/WebKnife_UP.png,https://murder-mystery-2.fandom.com/wiki/Web,https://www.mm2values.com/?p=legend,66,2026-07-31T08:58:36.385551+00:00
f0aee36ad2650016e8546f77,mm2values,legendary,TIER 4,Witched,witched,5.0,5,,,N/A,1.5,2.5,Stable,,,https://www.mm2values.com/img/Witched19UP.png,https://murder-mystery-2.fandom.com/wiki/Witched,https://www.mm2values.com/?p=legend,381,2026-07-31T08:58:36.385551+00:00
6c1e6de2900367fe6a36ca32,mm2values,misc,TIER 3,Box of Blue Papers,box of blue papers,3.0,3,,,N/A,1.0,2.5,Stable,,,https://www.mm2values.com/img/BlueWrap2017UP.png,https://murder-mystery-2.fandom.com/wiki/Box_of_Blue_Wrapping_Paper,https://www.mm2values.com/?p=misc,431,2026-07-31T08:58:50.517984+00:00
ad279d255d997967ecf5c061,mm2values,misc,TIER 3,Box of Fert,box of fert,2.0,2,,,N/A,1.0,2.5,Stable,,,https://www.mm2values.com/img/BoxOfFertUp.png,https://murder-mystery-2.fandom.com/wiki/Box_of_Fertilizer,https://www.mm2values.com/?p=misc,434,2026-07-31T08:58:50.517984+00:00
2edd0f02b051e2aba8a4f91b,mm2values,misc,TIER 4,Box of Gold Papers,box of gold papers,4.0,4,,,N/A,1.0,2.5,Stable,,,https://www.mm2values.com/img/goldwrap.png,https://murder-mystery-2.fandom.com/wiki/Box%20of%20Gold%20Papers,https://www.mm2values.com/?p=misc,428,2026-07-31T08:58:50.517984+00:00
bf1d61395e28b0edb08f4011,mm2values,misc,TIER 3,Box of Green Papers,box of green papers,2.0,2,,,N/A,1.0,2.5,Stable,,,https://www.mm2values.com/img/GreenPapers2017UP.png,https://murder-mystery-2.fandom.com/wiki/Box_of_Green_Wrapping_Paper,https://www.mm2values.com/?p=misc,433,2026-07-31T08:58:50.517984+00:00
27bc220339ba275a10fc4e1a,mm2values,misc,TIER 3,Box of Purple Papers,box of purple papers,3.0,3,,,N/A,1.0,2.5,Stable,,,https://www.mm2values.com/img/purpwrap.png,https://murder-mystery-2.fandom.com/wiki/Box_of_Purple_Wrapping_Paper,https://www.mm2values.com/?p=misc,430,2026-07-31T08:58:50.517984+00:00
c8af73fb32e1a5cb9e1f0b61,mm2values,misc,TIER 3,Box of Red Papers,box of red papers,3.0,3,,,N/A,1.0,2.5,Stable,,,https://www.mm2values.com/img/redwrap.png,https://murder-mystery-2.fandom.com/wiki/Box_of_Red_Wrapping_Paper,https://www.mm2values.com/?p=misc,432,2026-07-31T08:58:50.517984+00:00
d38ecbb8a7624552feaf91f8,mm2values,misc,TIER 4,Box of Ultra Wrap,box of ultra wrap,4.0,4,,,N/A,1.0,2.5,Stable,,,https://www.mm2values.com/img/UltraWrap2017UP.png,https://murder-mystery-2.fandom.com/wiki/Box_of_Ultra_Wrap,https://www.mm2values.com/?p=misc,429,2026-07-31T08:58:50.517984+00:00
d7d7fa6d40282799fbb3fdc4,mm2values,misc,TIER 1,Candies 2016,candies 2016,1.0,1 X (T1) Uncommon,,,N/A,1.0,2.0,Stable,,,https://www.mm2values.com/img/Candies2016UP.png,https://murder-mystery-2.fandom.com/wiki/Candies_(2016),https://www.mm2values.com/?p=misc,582,2026-07-31T08:58:50.517984+00:00
ec1254a8989372dcd5acba0e,mm2values,misc,TIER 1,Candies 2017,candies 2017,1.0,1 X (T1) Common,,,N/A,1.0,2.0,Stable,,,https://www.mm2values.com/img/Candies2017UP.png,https://murder-mystery-2.fandom.com/wiki/Candies%20(2017),https://www.mm2values.com/?p=misc,583,2026-07-31T08:58:50.517984+00:00
9671358e5aebb8f7a9b64eca,mm2values,misc,TIER 3,Mystery Keys,mystery keys,2.0,2,,,N/A,2.0,3.0,Stable,,,https://www.mm2values.com/img/mysterykey.png,https://murder-mystery-2.fandom.com/wiki/Mystery_Key,https://www.mm2values.com/?p=misc,435,2026-07-31T08:58:50.517984+00:00
b092b2eea3c4f3e3b4e8fd35,mm2values,misc,TIER 3,Skeleton Key,skeleton key,1.0,1,,,N/A,1.0,2.5,Stable,,,https://www.mm2values.com/img/SkeletonKey2018UP.png,https://murder-mystery-2.fandom.com/wiki/Skeleton_Key_(2018),https://www.mm2values.com/?p=misc,438,2026-07-31T08:58:50.517984+00:00
386691702497e6215e63de0d,mm2values,misc,TIER 2,Snowflake Key,snowflake key,1.0,1 X (T1) Rare,,,N/A,1.0,2.0,Stable,,,https://www.mm2values.com/img/snowflake_key.png,https://murder-mystery-2.fandom.com/wiki/Snowflake_Key_2018,https://www.mm2values.com/?p=misc,437,2026-07-31T08:58:50.517984+00:00
c6d9d0683f60073c55133d00,mm2values,misc,TIER 2,Xmas Gifts,xmas gifts,1.0,1 X (T1) Legend,,,N/A,1.0,3.0,Stable,,,https://www.mm2values.com/img/Gifts2015Up.png,https://murder-mystery-2.fandom.com/wiki/Gifts_2015,https://www.mm2values.com/?p=misc,436,2026-07-31T08:58:50.517984+00:00
575eabc1dbcb897494e88e0b,mm2values,pets,TIER 4,<3 (Heart),3 heart,10.0,10,,,N/A,1.5,3.0,Stable,,,https://www.mm2values.com/img/heartp.png,https://murder-mystery-2.fandom.com/wiki/Heart_Pet,https://www.mm2values.com/?p=pets,321,2026-07-31T08:58:48.131118+00:00
92270dc04a1705c3a00b1f7b,mm2values,pets,TIER 3,Badger,badger,1.0,1,,,N/A,1.0,3.0,Stable,,,https://www.mm2values.com/img/badger.png,https://murder-mystery-2.fandom.com/wiki/Badger,https://www.mm2values.com/?p=pets,358,2026-07-31T08:58:48.131118+00:00
e5b66f69df22b7f2bfd19af4,mm2values,pets,TIER 2,Bat,bat,1.0,1 X (T1) Rare,,,N/A,1.0,2.0,Stable,,,https://www.mm2values.com/img/batpet.png,https://murder-mystery-2.fandom.com/wiki/Bat,https://www.mm2values.com/?p=pets,359,2026-07-31T08:58:48.131118+00:00
fbf27cad501630232d09d24a,mm2values,pets,TIER 2,Bear,bear,2.0,2 X (T1) Uncommon,,,N/A,2.0,2.0,Stable,,,https://www.mm2values.com/img/bearpet.png,https://murder-mystery-2.fandom.com/wiki/Bear,https://www.mm2values.com/?p=pets,362,2026-07-31T08:58:48.131118+00:00
7356cdedca9f4c2c8caf4214,mm2values,pets,TIER 5,Black Cat,black cat,105.0,105,100.0,105.0,100-105,2.0,4.0,Underpaid For,,,https://www.mm2values.com/img/blackcat.png,https://murder-mystery-2.fandom.com/wiki/Black_Cat,https://www.mm2values.com/?p=pets,394,2026-07-31T08:58:48.131118+00:00
8651ad39b199e1a55bf43f6d,mm2values,pets,TIER 5,Blue Pumpkin,blue pumpkin,210.0,210,,,N/A,2.0,5.0,Stable,,,https://www.mm2values.com/img/BluePumpkin2018UP.png,https://murder-mystery-2.fandom.com/wiki/Blue_Pumpkin_(2018),https://www.mm2values.com/?p=pets,341,2026-07-31T08:58:48.131118+00:00
8df710af2bf60b5793ad7daf,mm2values,pets,TIER 4,Blue Pumpkin,blue pumpkin,10.0,10,,,N/A,2.0,3.0,Stable,,,https://www.mm2values.com/img/Bluepumpkin2020.png,https://murder-mystery-2.fandom.com/wiki/Blue_Pumpkin_(2020),https://www.mm2values.com/?p=pets,589,2026-07-31T08:58:48.131118+00:00
18a6e5eb1193d53a95816d83,mm2values,pets,TIER 3,Blue Pumpkin 2019,blue pumpkin 2019,3.0,3,,,N/A,1.0,3.0,Stable,,,https://www.mm2values.com/img/2019bluepumpkin.png,https://murder-mystery-2.fandom.com/wiki/Blue_Pumpkin_(2019),https://www.mm2values.com/?p=pets,384,2026-07-31T08:58:48.131118+00:00
f00ada10ee5ddf42e0ffb6ec,mm2values,pets,TIER 1,Bunny,bunny,1.0,1 X (T1) Common,,,N/A,1.0,1.0,Stable,,,https://www.mm2values.com/img/bunnypet.png,https://murder-mystery-2.fandom.com/wiki/Bunny_(Pet),https://www.mm2values.com/?p=pets,366,2026-07-31T08:58:48.131118+00:00
66213dd93590d78aa8e29f04,mm2values,pets,TIER 2,Carrot Bunny,carrot bunny,3.0,3 X (T1) Uncommon,,,N/A,2.0,2.0,Stable,,,https://www.mm2values.com/img/bunnypet23.png,https://murder-mystery-2.fandom.com/wiki/Carrot_Bunny,https://www.mm2values.com/?p=pets,726,2026-07-31T08:58:48.131118+00:00
1ee9913fbc92188df8d5dbe1,mm2values,pets,TIER 1,Cat,cat,1.0,1 X (T1) Common,,,N/A,1.0,1.0,Stable,,,https://www.mm2values.com/img/cat.png,https://murder-mystery-2.fandom.com/wiki/Cat,https://www.mm2values.com/?p=pets,367,2026-07-31T08:58:48.131118+00:00
070e1cc12ad5ca03c9e77a94,mm2values,pets,TIER 3,Chilly,chilly,3.0,3,,,N/A,1.0,3.0,Stable,,,https://www.mm2values.com/img/chilly.png,https://murder-mystery-2.fandom.com/wiki/Chilly,https://www.mm2values.com/?p=pets,353,2026-07-31T08:58:48.131118+00:00
be6c8fa5d5b061d680671449,mm2values,pets,TIER 3,Chroma Fire Bat,chroma fire bat,3.0,3,,,N/A,1.0,3.0,Stable,,,https://www.mm2values.com/img/cfirebat.png,https://murder-mystery-2.fandom.com/wiki/Chroma_Fire_Bat,https://www.mm2values.com/?p=pets,314,2026-07-31T08:58:48.131118+00:00
fe3ecb610b93ecc2748f6d9b,mm2values,pets,TIER 3,Chroma Fire Bear,chroma fire bear,3.0,3,,,N/A,1.0,3.0,Stable,,,https://www.mm2values.com/img/cfirebear.png,https://murder-mystery-2.fandom.com/wiki/Chroma_Fire_Bear,https://www.mm2values.com/?p=pets,315,2026-07-31T08:58:48.131118+00:00
1694b0c9760d3a4b441c5687,mm2values,pets,TIER 3,Chroma Fire Bunny,chroma fire bunny,3.0,3,,,N/A,1.0,3.0,Stable,,,https://www.mm2values.com/img/chromabunny.png,https://murder-mystery-2.fandom.com/wiki/Chroma_Fire_Bunny,https://www.mm2values.com/?p=pets,318,2026-07-31T08:58:48.131118+00:00
a4325825b4438f374a1e6e53,mm2values,pets,TIER 3,Chroma Fire Cat,chroma fire cat,3.0,3,,,N/A,1.0,3.0,Stable,,,https://www.mm2values.com/img/cfirecat.png,https://murder-mystery-2.fandom.com/wiki/Chroma_Fire_Cat,https://www.mm2values.com/?p=pets,319,2026-07-31T08:58:48.131118+00:00
0358238b8183ba3b4c47382a,mm2values,pets,TIER 3,Chroma Fire Dog,chroma fire dog,3.0,3,,,N/A,1.0,3.0,Stable,,,https://www.mm2values.com/img/cfiredog.png,https://murder-mystery-2.fandom.com/wiki/Chroma_Fire_Dog,https://www.mm2values.com/?p=pets,320,2026-07-31T08:58:48.131118+00:00
82765e08edbf040da3878862,mm2values,pets,TIER 3,Chroma Fire Fox,chroma fire fox,3.0,3,,,N/A,1.0,3.0,Stable,,,https://www.mm2values.com/img/cfirefox.png,https://murder-mystery-2.fandom.com/wiki/Chroma_Fire_Fox,https://www.mm2values.com/?p=pets,316,2026-07-31T08:58:48.131118+00:00
bd10190b5e1a905e28b09009,mm2values,pets,TIER 3,Chroma Fire Pig,chroma fire pig,3.0,3,,,N/A,1.0,3.0,Stable,,,https://www.mm2values.com/img/cfirepig.png,https://murder-mystery-2.fandom.com/wiki/Chroma_Fire_Pig,https://www.mm2values.com/?p=pets,317,2026-07-31T08:58:48.131118+00:00
16ab8e060485f662190d5afd,mm2values,pets,TIER 3,DeathSpeaker,deathspeaker,1.0,1,,,N/A,1.0,2.0,Stable,,,https://www.mm2values.com/img/deathspeaker.png,https://murder-mystery-2.fandom.com/wiki/Deathspeaker,https://www.mm2values.com/?p=pets,326,2026-07-31T08:58:48.131118+00:00
657f8310398a874435153348,mm2values,pets,TIER 1,Dog,dog,1.0,1 X (T1) Common,,,N/A,1.0,1.0,Stable,,,https://www.mm2values.com/img/dog.png,https://murder-mystery-2.fandom.com/wiki/Dog,https://www.mm2values.com/?p=pets,368,2026-07-31T08:58:48.131118+00:00
129bcd3c115188ba47d04fc5,mm2values,pets,TIER 5,Dogey,dogey,170.0,170,,,N/A,3.0,4.0,Stable,,,https://www.mm2values.com/img/dogey.png,https://murder-mystery-2.fandom.com/wiki/Dogey,https://www.mm2values.com/?p=pets,352,2026-07-31T08:58:48.131118+00:00
3e8ebb87515104a75f607b40,mm2values,pets,TIER 3,Electro,electro,1.0,1,,,N/A,1.0,2.0,Stable,,,https://www.mm2values.com/img/electro.png,https://murder-mystery-2.fandom.com/wiki/Electro,https://www.mm2values.com/?p=pets,325,2026-07-31T08:58:48.131118+00:00
bba1b00f8f92843563fbad04,mm2values,pets,TIER 5,Elf,elf,22.0,22,,,N/A,2.0,3.5,Stable,,,https://www.mm2values.com/img/elfp.png,https://murder-mystery-2.fandom.com/wiki/Elf_Pet_(2016),https://www.mm2values.com/?p=pets,347,2026-07-31T08:58:48.131118+00:00
1f2984174605510f36d8a4ae,mm2values,pets,TIER 5,Elf 2019,elf 2019,525.0,525,525.0,575.0,525-575,4.0,5.0,Doing Well,,,https://www.mm2values.com/img/2019elf.png,https://murder-mystery-2.fandom.com/wiki/Elf_Pet_(2019),https://www.mm2values.com/?p=pets,386,2026-07-31T08:58:48.131118+00:00
f422087a1139b2f32cb8e316,mm2values,pets,TIER 2,Elitey,elitey,1.0,1 X (T1) Rare,,,N/A,1.0,1.0,Stable,,,https://www.mm2values.com/img/elitey.png,https://murder-mystery-2.fandom.com/wiki/Elitey,https://www.mm2values.com/?p=pets,349,2026-07-31T08:58:48.131118+00:00
e5b4d323c39bd3ca2ff3122b,mm2values,pets,TIER 3,Eyeball,eyeball,3.0,3,,,N/A,1.0,3.0,Stable,,,https://www.mm2values.com/img/eyeball.png,https://murder-mystery-2.fandom.com/wiki/Eyeball,https://www.mm2values.com/?p=pets,350,2026-07-31T08:58:48.131118+00:00
2f6736d0d57695c4f61f0d56,mm2values,pets,TIER 3,Fairy,fairy,3.0,3,,,N/A,1.0,3.0,Stable,,,https://www.mm2values.com/img/fairy.png,https://murder-mystery-2.fandom.com/wiki/Fairy,https://www.mm2values.com/?p=pets,345,2026-07-31T08:58:48.131118+00:00
7632b777c9624380822e0139,mm2values,pets,TIER 2,Fire Bat,fire bat,2.0,2 X (T1) Legend,,,N/A,1.0,2.0,Stable,,,https://www.mm2values.com/img/firebat.png,https://murder-mystery-2.fandom.com/wiki/Fire_Bat,https://www.mm2values.com/?p=pets,327,2026-07-31T08:58:48.131118+00:00
bb74e22e3fb35726209ffec7,mm2values,pets,TIER 2,Fire Bear,fire bear,2.0,2 X (T1) Legend,,,N/A,1.0,2.0,Stable,,,https://www.mm2values.com/img/firebear.png,https://murder-mystery-2.fandom.com/wiki/Fire_Bear,https://www.mm2values.com/?p=pets,328,2026-07-31T08:58:48.131118+00:00
6ce1e153db5fcdfa283d8be4,mm2values,pets,TIER 2,Fire Bunny,fire bunny,2.0,2 X (T1) Legend,,,N/A,1.0,2.0,Stable,,,https://www.mm2values.com/img/firebunny.png,https://murder-mystery-2.fandom.com/wiki/Fire_Bunny,https://www.mm2values.com/?p=pets,332,2026-07-31T08:58:48.131118+00:00
befffd53a0d1462dbf8ece05,mm2values,pets,TIER 2,Fire Cat,fire cat,2.0,2 X (T1) Legend,,,N/A,1.0,2.0,Stable,,,https://www.mm2values.com/img/firecat.png,https://murder-mystery-2.fandom.com/wiki/Fire_Cat,https://www.mm2values.com/?p=pets,333,2026-07-31T08:58:48.131118+00:00
68d1267bdda610acad672d3b,mm2values,pets,TIER 2,Fire Dog,fire dog,2.0,2 X (T1) Legend,,,N/A,1.0,2.0,Stable,,,https://www.mm2values.com/img/firedog.png,https://murder-mystery-2.fandom.com/wiki/Fire_Dog,https://www.mm2values.com/?p=pets,334,2026-07-31T08:58:48.131118+00:00
05092bd0fd4a2b602ff1f163,mm2values,pets,TIER 2,Fire Fox,fire fox,2.0,2 X (T1) Legend,,,N/A,1.0,2.0,Stable,,,https://www.mm2values.com/img/firefox.png,https://murder-mystery-2.fandom.com/wiki/Fire_Fox,https://www.mm2values.com/?p=pets,330,2026-07-31T08:58:48.131118+00:00
e2dca1efb9a09fee90b384f1,mm2values,pets,TIER 2,Fire Pig,fire pig,2.0,2 X (T1) Legend,,,N/A,1.0,2.0,Stable,,,https://www.mm2values.com/img/firepig.png,https://murder-mystery-2.fandom.com/wiki/Fire_Pig,https://www.mm2values.com/?p=pets,331,2026-07-31T08:58:48.131118+00:00
1c9d603a84ee60c52cbdc2c7,mm2values,pets,TIER 1,Fox,fox,2.0,2 X (T1) Common,,,N/A,1.0,2.0,Stable,,,https://www.mm2values.com/img/foxpet.png,https://murder-mystery-2.fandom.com/wiki/Fox,https://www.mm2values.com/?p=pets,363,2026-07-31T08:58:48.131118+00:00
b8d78902cf0d69c2b60f08b7,mm2values,pets,TIER 3,Frost Bird,frost bird,1.0,1,,,N/A,1.0,2.0,Stable,,,https://www.mm2values.com/img/frostbird2018UP.png,https://murder-mystery-2.fandom.com/wiki/Frostbird,https://www.mm2values.com/?p=pets,329,2026-07-31T08:58:48.131118+00:00
db2bc8164d9f0b990c7ef3cb,mm2values,pets,TIER 2,Ghosty,ghosty,2.0,2 X (T1) Rare,,,N/A,1.0,2.0,Stable,,,https://www.mm2values.com/img/ghostyPet.png,https://murder-mystery-2.fandom.com/wiki/Ghosty_(Pet),https://www.mm2values.com/?p=pets,337,2026-07-31T08:58:48.131118+00:00
5d2ab66c174b92024ce096ce,mm2values,pets,TIER 5,Green Pumpkin,green pumpkin,70.0,70,,,N/A,2.0,4.0,Stable,,,https://www.mm2values.com/img/GreenPump2018UP.png,https://murder-mystery-2.fandom.com/wiki/Green_Pumpkin_(2018),https://www.mm2values.com/?p=pets,343,2026-07-31T08:58:48.131118+00:00
b75afc07274a26a69c3f1c99,mm2values,pets,TIER 5,Green Pumpkin,green pumpkin,20.0,20,,,N/A,2.0,3.0,Stable,,,https://www.mm2values.com/img/Greenpumpkin2020.png,https://murder-mystery-2.fandom.com/wiki/Green_Pumpkin_(2020),https://www.mm2values.com/?p=pets,590,2026-07-31T08:58:48.131118+00:00
2be85b5c80ce8ea256cb721e,mm2values,pets,TIER 4,Green Pumpkin,green pumpkin,15.0,15,,,N/A,2.0,3.0,Stable,,,https://www.mm2values.com/img/GreenPumpkin2021.png,https://murder-mystery-2.fandom.com/wiki/Green_Pumpkin_(2021),https://www.mm2values.com/?p=pets,596,2026-07-31T08:58:48.131118+00:00
f026b441376beb0c21b7b825,mm2values,pets,TIER 4,Green Pumpkin 2019,green pumpkin 2019,7.0,7,,,N/A,1.0,3.5,Stable,,,https://www.mm2values.com/img/2019greenpumpkin.png,https://murder-mystery-2.fandom.com/wiki/Green_Pumpkin_(2019),https://www.mm2values.com/?p=pets,389,2026-07-31T08:58:48.131118+00:00
1ed9a6af88578fbcf413a52a,mm2values,pets,TIER 2,Ice Phoenix,ice phoenix,3.0,3 X (T1) Legend,,,N/A,1.0,2.0,Stable,,,https://www.mm2values.com/img/IcePhoenix2017.png,https://murder-mystery-2.fandom.com/wiki/Ice_Phoenix,https://www.mm2values.com/?p=pets,335,2026-07-31T08:58:48.131118+00:00
f790f958007d8d62d7e4a7f4,mm2values,pets,TIER 2,Icey,icey,2.0,2 X (T1) Rare,,,N/A,1.0,2.0,Stable,,,https://www.mm2values.com/img/icey.png,https://murder-mystery-2.fandom.com/wiki/Icey,https://www.mm2values.com/?p=pets,406,2026-07-31T08:58:48.131118+00:00
d0678f10d42888da4151e0c3,mm2values,pets,TIER 3,Jetstream,jetstream,3.0,3,,,N/A,1.0,3.0,Stable,,,https://www.mm2values.com/img/jetstream.png,https://murder-mystery-2.fandom.com/wiki/Jetstream,https://www.mm2values.com/?p=pets,351,2026-07-31T08:58:48.131118+00:00
a44c96a2fadb7cec5a20f1e5,mm2values,pets,TIER 2,Lil Alien,lil alien,3.0,3 X (T1) Rare,,,N/A,1.0,2.0,N/A,,,https://www.mm2values.com/img/LilAlien.png,https://murder-mystery-2.fandom.com/wiki/Lil%27_Alien,https://www.mm2values.com/?p=pets,953,2026-07-31T08:58:48.131118+00:00
a91dd0a6c1ffc6aa73ac6761,mm2values,pets,TIER 3,Mechbug,mechbug,3.0,3,,,N/A,1.0,3.0,Stable,,,https://www.mm2values.com/img/mechbug.png,https://murder-mystery-2.fandom.com/wiki/Mechbug,https://www.mm2values.com/?p=pets,361,2026-07-31T08:58:48.131118+00:00
cd731f51e04eb03590c5dad1,mm2values,pets,TIER 5,Mr. Reindeer,mr reindeer,50.0,50,,,N/A,3.0,3.5,Stable,,,https://www.mm2values.com/img/mrreindeer.png,https://murder-mystery-2.fandom.com/wiki/Mr._Reindeer,https://www.mm2values.com/?p=pets,586,2026-07-31T08:58:48.131118+00:00
2c3cb584d142d5bc9eecc6ea,mm2values,pets,TIER 4,Mr. Snowman,mr snowman,15.0,15,,,N/A,2.0,3.0,Stable,,,https://www.mm2values.com/img/Mrsnowman.png,https://murder-mystery-2.fandom.com/wiki/Mr._Snowman,https://www.mm2values.com/?p=pets,657,2026-07-31T08:58:48.131118+00:00
6457b77f574fa486b57087fd,mm2values,pets,TIER 4,Nobledragon,nobledragon,5.0,5,,,N/A,1.5,3.0,Stable,,,https://www.mm2values.com/img/noble.png,https://murder-mystery-2.fandom.com/wiki/Nobledragon,https://www.mm2values.com/?p=pets,348,2026-07-31T08:58:48.131118+00:00
90efc26da183a98df461f332,mm2values,pets,TIER 3,Overseer Eye,overseer eye,3.0,3,,,N/A,1.0,3.0,Stable,,,https://www.mm2values.com/img/overseereye.png,https://murder-mystery-2.fandom.com/wiki/Overseer_Eye,https://www.mm2values.com/?p=pets,340,2026-07-31T08:58:48.131118+00:00
800688a56da02cce23c59ca9,mm2values,pets,TIER 3,Pengy,pengy,3.0,3,,,N/A,1.0,3.0,Stable,,,https://www.mm2values.com/img/pengy.png,https://murder-mystery-2.fandom.com/wiki/Pengy,https://www.mm2values.com/?p=pets,356,2026-07-31T08:58:48.131118+00:00
71dabf2692a013c2581ac53c,mm2values,pets,TIER 3,Phoenix,phoenix,1.0,1,,,N/A,1.0,2.0,Stable,,,https://www.mm2values.com/img/phoenix.png,https://murder-mystery-2.fandom.com/wiki/Phoenix,https://www.mm2values.com/?p=pets,323,2026-07-31T08:58:48.131118+00:00
9dda364dfb6443d71bd1299b,mm2values,pets,TIER 1,Pig,pig,2.0,2 X (T1) Common,,,N/A,1.0,2.0,Stable,,,https://www.mm2values.com/img/pig.png,https://murder-mystery-2.fandom.com/wiki/Pig,https://www.mm2values.com/?p=pets,364,2026-07-31T08:58:48.131118+00:00
7fffe421840b971286143450,mm2values,pets,TIER 5,Piggy,piggy,60.0,60,,,N/A,2.0,3.5,Stable,,,https://www.mm2values.com/img/piggy.png,https://murder-mystery-2.fandom.com/wiki/Piggy,https://www.mm2values.com/?p=pets,355,2026-07-31T08:58:48.131118+00:00
d5c1b65d35cc070c151bb7a9,mm2values,pets,TIER 5,Pumpkin,pumpkin,60.0,60,,,N/A,3.0,4.5,Stable,,,https://www.mm2values.com/img/PumpkinPet2017UP.png,https://murder-mystery-2.fandom.com/wiki/Pumpkin_(2017),https://www.mm2values.com/?p=pets,344,2026-07-31T08:58:48.131118+00:00
c9290a46880e61cf2831541f,mm2values,pets,TIER 1,Pumpkin,pumpkin,2.0,2 X (T1) Common,,,N/A,1.0,2.0,Stable,,,https://www.mm2values.com/img/pumpkin2020.png,https://murder-mystery-2.fandom.com/wiki/Pumpkin_(2020),https://www.mm2values.com/?p=pets,588,2026-07-31T08:58:48.131118+00:00
99a5610910914ee6f99ffb43,mm2values,pets,TIER 1,Pumpkin,pumpkin,2.0,2 X (T1) Common,,,N/A,1.0,2.0,Stable,,,https://www.mm2values.com/img/Pumpkin2021.png,https://murder-mystery-2.fandom.com/wiki/Pumpkin_(2021),https://www.mm2values.com/?p=pets,592,2026-07-31T08:58:48.131118+00:00
462c8a01dccdd0e1ce49c530,mm2values,pets,TIER 1,Pumpkin 2019,pumpkin 2019,1.0,1 X (T1) Uncommon,,,N/A,2.0,2.0,Stable,,,https://www.mm2values.com/img/2019pumpkin.png,https://murder-mystery-2.fandom.com/wiki/Pumpkin_(2019),https://www.mm2values.com/?p=pets,391,2026-07-31T08:58:48.131118+00:00
a549a59590d75d26d13ca3bb,mm2values,pets,TIER 4,Purple Pumpkin,purple pumpkin,5.0,5,,,N/A,1.0,3.0,Stable,,,https://www.mm2values.com/img/PurpPump2018UP.png,https://murder-mystery-2.fandom.com/wiki/Purple_Pumpkin_(2018),https://www.mm2values.com/?p=pets,339,2026-07-31T08:58:48.131118+00:00
7f2f161342553ed2c2bfc1ad,mm2values,pets,TIER 5,Red Pumpkin,red pumpkin,125.0,125,,,N/A,2.0,4.5,Stable,,,https://www.mm2values.com/img/RedPump2018UP.png,https://murder-mystery-2.fandom.com/wiki/Red_Pumpkin_(2018),https://www.mm2values.com/?p=pets,342,2026-07-31T08:58:48.131118+00:00
a9462d1a3ef1879db0d784f4,mm2values,pets,TIER 5,Red Pumpkin,red pumpkin,30.0,30,,,N/A,2.0,3.0,Stable,,,https://www.mm2values.com/img/redpumpkin2020.png,https://murder-mystery-2.fandom.com/wiki/Red_Pumpkin_(2020),https://www.mm2values.com/?p=pets,591,2026-07-31T08:58:48.131118+00:00
5648959063bcff72e8881a5b,mm2values,pets,TIER 5,Red Pumpkin,red pumpkin,25.0,25,,,N/A,2.0,3.0,Stable,,,https://www.mm2values.com/img/RedPumpkin2021.png,https://murder-mystery-2.fandom.com/wiki/Red_Pumpkin_(2021),https://www.mm2values.com/?p=pets,594,2026-07-31T08:58:48.131118+00:00
d149a7341196508eda7e1247,mm2values,pets,TIER 4,Red Pumpkin 2019,red pumpkin 2019,6.0,6,,,N/A,1.0,3.5,Stable,,,https://www.mm2values.com/img/2019redpumpkin.png,https://murder-mystery-2.fandom.com/wiki/Red_Pumpkin_(2019),https://www.mm2values.com/?p=pets,390,2026-07-31T08:58:48.131118+00:00
3565875922bd579c8c123d8f,mm2values,pets,TIER 3,Reindeer,reindeer,3.0,3,,,N/A,1.0,3.0,Stable,,,https://www.mm2values.com/img/reindeer.png,https://murder-mystery-2.fandom.com/wiki/Reindeer,https://www.mm2values.com/?p=pets,346,2026-07-31T08:58:48.131118+00:00
ef8a516c121e8927c75a8b92,mm2values,pets,TIER 4,Rudolph,rudolph,4.0,4,,,N/A,1.0,3.5,Stable,,,https://www.mm2values.com/img/rudolph.png,https://murder-mystery-2.fandom.com/wiki/Rudolph_Pet,https://www.mm2values.com/?p=pets,392,2026-07-31T08:58:48.131118+00:00
e817633107b0301bad3b80cd,mm2values,pets,TIER 3,Sammy,sammy,1.0,1,,,N/A,1.0,2.0,Stable,,,https://www.mm2values.com/img/sammy.png,https://murder-mystery-2.fandom.com/wiki/Sammy,https://www.mm2values.com/?p=pets,324,2026-07-31T08:58:48.131118+00:00
327516045cf5ab36534b0fc6,mm2values,pets,TIER 1,Santa Dog,santa dog,2.0,2 X (T1) Common,,,N/A,1.0,2.0,Stable,,,https://www.mm2values.com/img/Santadog2017UP.png,https://murder-mystery-2.fandom.com/wiki/Santa_Dog,https://www.mm2values.com/?p=pets,365,2026-07-31T08:58:48.131118+00:00
2641010e916b0c0a64f1bd87,mm2values,pets,TIER 5,Santa pet (2019),santa pet 2019,40.0,40,,,N/A,2.0,5.0,Stable,,,https://www.mm2values.com/img/santapet.png,https://murder-mystery-2.fandom.com/wiki/Santa_Pet,https://www.mm2values.com/?p=pets,656,2026-07-31T08:58:48.131118+00:00
cd9f7eef63c9eae128f4f60e,mm2values,pets,TIER 2,Scarecrow,scarecrow,1.0,1 X (T1) Legend,,,N/A,2.0,2.5,Stable,,,https://www.mm2values.com/img/scarecrowpet.png,https://murder-mystery-2.fandom.com/wiki/Scarecrow,https://www.mm2values.com/?p=pets,585,2026-07-31T08:58:48.131118+00:00
1dd6a0bbf6c10ea574d39e26,mm2values,pets,TIER 3,Seahorsey,seahorsey,3.0,3,,,N/A,1.0,3.0,Stable,,,https://www.mm2values.com/img/seahorse.png,https://murder-mystery-2.fandom.com/wiki/Seahorsey,https://www.mm2values.com/?p=pets,354,2026-07-31T08:58:48.131118+00:00
1b86e1f94469390368f1a7f5,mm2values,pets,TIER 4,Shadow Pumpkin,shadow pumpkin,5.0,5,,,N/A,2.0,3.0,Stable,,,https://www.mm2values.com/img/ShadowPumpkin2021.png,https://murder-mystery-2.fandom.com/wiki/Shadow_Pumpkin,https://www.mm2values.com/?p=pets,593,2026-07-31T08:58:48.131118+00:00
3c549ff26ca598d0da62e378,mm2values,pets,TIER 2,Skelly,skelly,3.0,3 X (T1) Legend,,,N/A,1.0,2.0,Stable,,,https://www.mm2values.com/img/skelly.png,https://murder-mystery-2.fandom.com/wiki/Skelly,https://www.mm2values.com/?p=pets,338,2026-07-31T08:58:48.131118+00:00
b3d0940911bdf6e1bc575843,mm2values,pets,TIER 4,Skully,skully,15.0,15,,,N/A,2.0,3.0,Stable,,,https://www.mm2values.com/img/skully2021.png,,https://www.mm2values.com/?p=pets,595,2026-07-31T08:58:48.131118+00:00
5dbbdcd248c3f98280734e9b,mm2values,pets,TIER 3,Snowbear,snowbear,1.0,1,,,N/A,2.0,2.5,Stable,,,https://www.mm2values.com/img/Snowbear.png,https://murder-mystery-2.fandom.com/wiki/Snowbear,https://www.mm2values.com/?p=pets,584,2026-07-31T08:58:48.131118+00:00
9b819de1dd6edd306df0b208,mm2values,pets,TIER 2,Snowman,snowman,2.0,2 X (T1) Uncommon,,,N/A,1.0,3.0,Stable,,,https://www.mm2values.com/img/snowmanpet2019.png,https://murder-mystery-2.fandom.com/wiki/Snowman_Pet,https://www.mm2values.com/?p=pets,587,2026-07-31T08:58:48.131118+00:00
a90ef9ce265e2d9e03f72011,mm2values,pets,TIER 3,Steambird,steambird,1.0,1,,,N/A,1.0,2.0,Stable,,,https://www.mm2values.com/img/steambird.png,https://murder-mystery-2.fandom.com/wiki/Steambird,https://www.mm2values.com/?p=pets,322,2026-07-31T08:58:48.131118+00:00
a617c32cdc74af5eb792e582,mm2values,pets,TIER 3,Tankie,tankie,3.0,3,,,N/A,1.0,3.0,Stable,,,https://www.mm2values.com/img/tankie.png,https://murder-mystery-2.fandom.com/wiki/Tankie,https://www.mm2values.com/?p=pets,360,2026-07-31T08:58:48.131118+00:00
54b7a86af973873235a8dc80,mm2values,pets,TIER 2,Teddy,teddy,3.0,3 X (T1) Rare,,,N/A,2.0,2.0,Stable,,,https://www.mm2values.com/img/Teddy2023.png,https://murder-mystery-2.fandom.com/wiki/Teddy,https://www.mm2values.com/?p=pets,702,2026-07-31T08:58:48.131118+00:00
fa31185ad8c0c78489bdcfd7,mm2values,pets,TIER 2,Traveller,traveller,3.0,3 X (T1) Legend,,,N/A,1.0,2.0,Stable,,,https://www.mm2values.com/img/traveller.png,https://murder-mystery-2.fandom.com/wiki/Traveller_(Pet),https://www.mm2values.com/?p=pets,336,2026-07-31T08:58:48.131118+00:00
64fa33de953ad4b7d3c37bf5,mm2values,pets,TIER 3,UFO,ufo,3.0,3,,,N/A,1.0,3.0,Stable,,,https://www.mm2values.com/img/ufo.png,https://murder-mystery-2.fandom.com/wiki/UFO,https://www.mm2values.com/?p=pets,357,2026-07-31T08:58:48.131118+00:00
c84bc7c9edcc672c41f28d08,mm2values,pets,TIER 3,Vampire Bat,vampire bat,3.0,3,,,N/A,1.0,3.0,Stable,,,https://www.mm2values.com/img/vampirebat.png,https://murder-mystery-2.fandom.com/wiki/Vampire_Bat,https://www.mm2values.com/?p=pets,393,2026-07-31T08:58:48.131118+00:00
fce2803f91773adf6f48498c,mm2values,pets,TIER 5,Zombie Dog,zombie dog,725.0,725,,,N/A,3.5,5.0,Stable,,,https://www.mm2values.com/img/zombiedog.png,https://murder-mystery-2.fandom.com/wiki/Zombie_Dog,https://www.mm2values.com/?p=pets,395,2026-07-31T08:58:48.131118+00:00
04aeeccccf3abc97ca34221b,mm2values,rare,TIER 1,Abstract,abstract,3.0,3 X (T1) Uncommon,,,N/A,2.0,1.0,Stable,,,https://www.mm2values.com/img/Abstract_UP.png,https://murder-mystery-2.fandom.com/wiki/Abstract,https://www.mm2values.com/?p=rare,124,2026-07-31T08:58:38.654006+00:00
035b574ef86b1fd121fc144a,mm2values,rare,TIER 1,Ace,ace,3.0,3 X (T1) Uncommon,,,N/A,2.0,1.0,Stable,,,https://www.mm2values.com/img/AceUP.png,https://murder-mystery-2.fandom.com/wiki/Ace,https://www.mm2values.com/?p=rare,120,2026-07-31T08:58:38.654006+00:00
d0b2c4500d57b912bd854d04,mm2values,rare,TIER 3,Aurora Gun,aurora gun,2.0,2,,,N/A,2.0,2.5,Stable,,,https://www.mm2values.com/img/Aurora_GunUP.png,https://murder-mystery-2.fandom.com/wiki/Aurora_Gun_(2019),https://www.mm2values.com/?p=rare,396,2026-07-31T08:58:38.654006+00:00
c7e1bdb0d12dcf7352817d6c,mm2values,rare,TIER 4,Aurora Knife,aurora knife,7.0,7,,,N/A,1.5,3.0,Stable,,,https://www.mm2values.com/img/AuroraKUP.png,https://murder-mystery-2.fandom.com/wiki/Aurora_Knife_(2019),https://www.mm2values.com/?p=rare,397,2026-07-31T08:58:38.654006+00:00
56b1f52512b42a7b0c5ee6fe,mm2values,rare,TIER 1,Bacon,bacon,3.0,3 X (T1) Uncommon,,,N/A,2.0,1.0,Stable,,,https://www.mm2values.com/img/BaconUP.png,https://murder-mystery-2.fandom.com/wiki/Bacon,https://www.mm2values.com/?p=rare,121,2026-07-31T08:58:38.654006+00:00
9949d3402d61efec7592a08f,mm2values,rare,TIER 3,Bats,bats,3.0,3,,,N/A,1.0,2.5,Stable,,,https://www.mm2values.com/img/bats2016UP.png,https://murder-mystery-2.fandom.com/wiki/Bats,https://www.mm2values.com/?p=rare,103,2026-07-31T08:58:38.654006+00:00
8a21e9904465eca2b6704197,mm2values,rare,TIER 2,Biogel,biogel,3.0,3 X (T1) Rare,,,N/A,2.0,3.0,Stable,,,https://www.mm2values.com/img/biogel.png,https://murder-mystery-2.fandom.com/wiki/Biogel,https://www.mm2values.com/?p=rare,719,2026-07-31T08:58:38.654006+00:00
2b59519741d26369058d6c3b,mm2values,rare,TIER 1,Black,black,4.0,4 X (T1) Uncommon,,,N/A,2.0,1.0,Stable,,,https://www.mm2values.com/img/BlackUP.png,https://murder-mystery-2.fandom.com/wiki/Black,https://www.mm2values.com/?p=rare,126,2026-07-31T08:58:38.654006+00:00
69bc50e1bcd95f8b3f22bfa8,mm2values,rare,TIER 1,Bones,bones,2.0,2 X (T1) Rare,,,N/A,2.0,2.0,Stable,,,https://www.mm2values.com/img/Bones_Knife2020UP.png,https://murder-mystery-2.fandom.com/wiki/Bones_(2020),https://www.mm2values.com/?p=rare,476,2026-07-31T08:58:38.654006+00:00
390bccca83d5227e85265dd4,mm2values,rare,TIER 2,Butterflies,butterflies,3.0,3 X (T1) Rare,,,N/A,1.0,1.5,Stable,,,https://www.mm2values.com/img/ButterfliesGun2025.png,https://murder-mystery-2.fandom.com/wiki/Butterflies,https://www.mm2values.com/?p=rare,898,2026-07-31T08:58:38.654006+00:00
d7cc17a5d00a22c7af8cb133,mm2values,rare,TIER 2,Candleflame,candleflame,4.0,4 X (T1) Rare,,,N/A,2.0,2.0,Stable,,,https://www.mm2values.com/img/cf24.png,https://murder-mystery-2.fandom.com/wiki/Candleflame_Gun_(2024),https://www.mm2values.com/?p=rare,842,2026-07-31T08:58:38.654006+00:00
a078726f4771665f440101de,mm2values,rare,TIER 3,Candy Swirl Gun,candy swirl gun,2.0,2,,,N/A,1.0,2.5,Stable,,,https://www.mm2values.com/img/CandySwirlGunUP.png,https://murder-mystery-2.fandom.com/wiki/Candy_Swirl_(Gun),https://www.mm2values.com/?p=rare,400,2026-07-31T08:58:38.654006+00:00
90c134c4b207df30d8525be9,mm2values,rare,TIER 3,Candy Swirl Knife,candy swirl knife,1.0,1,,,N/A,2.0,2.0,Stable,,,https://www.mm2values.com/img/CandySwirlUP.png,https://murder-mystery-2.fandom.com/wiki/Candy_Swirl_(Knife),https://www.mm2values.com/?p=rare,401,2026-07-31T08:58:38.654006+00:00
44686c6ad1c2eaf02b7289d2,mm2values,rare,TIER 3,Cane (Gun),cane gun,1.0,1,,,N/A,1.0,3.0,Stable,,,https://www.mm2values.com/img/CaneGun2015UP.png,https://murder-mystery-2.fandom.com/wiki/Cane_Gun_(2015),https://www.mm2values.com/?p=rare,101,2026-07-31T08:58:38.654006+00:00
43b0a4bff0c0b66b5df51815,mm2values,rare,TIER 3,Cane (Knife),cane knife,1.0,1,,,N/A,1.0,3.0,Stable,,,https://www.mm2values.com/img/cane2015UP.png,https://murder-mystery-2.fandom.com/wiki/Cane_Knife_(2015),https://www.mm2values.com/?p=rare,100,2026-07-31T08:58:38.654006+00:00
c8244e14f4354f08c76cefb2,mm2values,rare,TIER 2,Cane Gun,cane gun,2.0,2 X (T1) Legend,,,N/A,2.0,3.0,Stable,,,https://www.mm2values.com/img/Cane_gun_2018up.png,https://murder-mystery-2.fandom.com/wiki/Cane_Gun_(2018),https://www.mm2values.com/?p=rare,132,2026-07-31T08:58:38.654006+00:00
8b50fb88e02a792649a8e35f,mm2values,rare,TIER 5,Cane Knife,cane knife,675.0,675,,,N/A,4.0,4.5,Stable,,,https://www.mm2values.com/img/Cane_knife2018UP.png,https://murder-mystery-2.fandom.com/wiki/Christmas_Event_2018,https://www.mm2values.com/?p=rare,104,2026-07-31T08:58:38.654006+00:00
6d07e4b52ac4c75c3b589d67,mm2values,rare,TIER 1,Curse Knife,curse knife,2.0,2 X (T1) Rare,,,N/A,2.0,2.0,Stable,,,https://www.mm2values.com/img/CurseKnife.png,https://murder-mystery-2.fandom.com/wiki/Curse_(Knife),https://www.mm2values.com/?p=rare,650,2026-07-31T08:58:38.654006+00:00
8e451ac528cc9cdfcfc78263,mm2values,rare,TIER 2,Damp,damp,3.0,3 X (T1) Rare,,,N/A,2.0,3.0,Stable,,,https://www.mm2values.com/img/DampUP.png,https://murder-mystery-2.fandom.com/wiki/Damp,https://www.mm2values.com/?p=rare,136,2026-07-31T08:58:38.654006+00:00
caab3712a31af1fc88145b2e,mm2values,rare,TIER 2,Darkgun,darkgun,2.0,2 X (T1) Legend,,,N/A,2.5,2.5,Stable,,,https://www.mm2values.com/img/Darkgun_Gun_2023.png,https://murder-mystery-2.fandom.com/wiki/Darkgun,https://www.mm2values.com/?p=rare,767,2026-07-31T08:58:38.654006+00:00
6fdd323434d9e26f0b4951ec,mm2values,rare,TIER 5,DarkKnife,darkknife,70.0,70,,,N/A,3.0,3.0,Stable,,,https://www.mm2values.com/img/Darkknife_Knife_2023.png,https://murder-mystery-2.fandom.com/wiki/Darkknife,https://www.mm2values.com/?p=rare,746,2026-07-31T08:58:38.654006+00:00
39cdd8ea5b0a5e4304fea5ce,mm2values,rare,TIER 1,Deep Sea,deep sea,3.0,3 X (T1) Uncommon,,,N/A,2.0,1.0,Stable,,,https://www.mm2values.com/img/DeepSeaUp.png,https://murder-mystery-2.fandom.com/wiki/Deep_Sea,https://www.mm2values.com/?p=rare,458,2026-07-31T08:58:38.654006+00:00
265371ce64a865b9ce006631,mm2values,rare,TIER 5,Dungeon,dungeon,210.0,210,195.0,210.0,195-210,2.5,4.0,Receding,,,https://www.mm2values.com/img/Dungeon19UP.png,https://murder-mystery-2.fandom.com/wiki/Dungeon,https://www.mm2values.com/?p=rare,415,2026-07-31T08:58:38.654006+00:00
78a3c5e68d9183b2f7b27757,mm2values,rare,TIER 4,Floral,floral,12.0,12,,,N/A,2.0,3.0,Stable,,,https://www.mm2values.com/img/Floral_knife.png,https://murder-mystery-2.fandom.com/wiki/Floral_(Knife),https://www.mm2values.com/?p=rare,730,2026-07-31T08:58:38.654006+00:00
ac5ee4c27a8fd2a2efcf0ee1,mm2values,rare,TIER 1,Floral Gun,floral gun,2.0,2 X (T1) Uncommon,,,N/A,1.0,1.0,Stable,,,https://www.mm2values.com/img/Floragun.png,https://murder-mystery-2.fandom.com/wiki/Floral_(Gun),https://www.mm2values.com/?p=rare,817,2026-07-31T08:58:38.654006+00:00
4e5afab7f0d853ca0b8837cf,mm2values,rare,TIER 1,Frostflame Gun,frostflame gun,1.0,1 X (T1) Rare,,,N/A,2.0,2.0,Stable,,,https://www.mm2values.com/img/FrostflameGun2024.png,https://murder-mystery-2.fandom.com/wiki/Frostflame_(Gun),https://www.mm2values.com/?p=rare,886,2026-07-31T08:58:38.654006+00:00
d8aff4c40513214fa2e2dd52,mm2values,rare,TIER 2,Frostflame Knife,frostflame knife,3.0,3 X (T1) Rare,,,N/A,2.0,2.0,Stable,,,https://www.mm2values.com/img/Frostflameknife2024.png,https://murder-mystery-2.fandom.com/wiki/Frostflame_(Knife),https://www.mm2values.com/?p=rare,877,2026-07-31T08:58:38.654006+00:00
0b401c54fbe1eb009b45aef6,mm2values,rare,TIER 1,Galactic,galactic,3.0,3 X (T1) Uncommon,,,N/A,2.0,1.0,Stable,,,https://www.mm2values.com/img/GalacticUP.png,https://murder-mystery-2.fandom.com/wiki/Galactic,https://www.mm2values.com/?p=rare,113,2026-07-31T08:58:38.654006+00:00
db91a1dab539603b922bf0ee,mm2values,rare,TIER 1,Galaxy,galaxy,3.0,3 X (T1) Uncommon,,,N/A,2.0,1.0,Stable,,,https://www.mm2values.com/img/GalaxyUP.png,https://murder-mystery-2.fandom.com/wiki/Galaxy,https://www.mm2values.com/?p=rare,110,2026-07-31T08:58:38.654006+00:00
a6c877e7192ca9d80dbb7d0a,mm2values,rare,TIER 4,Ghastly Gun,ghastly gun,7.0,7,,,N/A,2.0,3.0,Stable,,,https://www.mm2values.com/img/Ghastly_Gun_2023.png,https://murder-mystery-2.fandom.com/wiki/Ghastly_(Gun),https://www.mm2values.com/?p=rare,747,2026-07-31T08:58:38.654006+00:00
b7a25b57b380adfbdaefe96f,mm2values,rare,TIER 2,Ghastly Knife,ghastly knife,3.0,3 X (T1) Rare,,,N/A,2.0,2.0,Stable,,,https://www.mm2values.com/img/Ghastlyknife2023UP.png,https://murder-mystery-2.fandom.com/wiki/Ghastly_(Knife),https://www.mm2values.com/?p=rare,768,2026-07-31T08:58:38.654006+00:00
ed8dbc9bc079ce7ae6ea527c,mm2values,rare,TIER 2,Ghostfire,ghostfire,4.0,4 X (T1) Legend,,,N/A,2.0,3.0,Stable,,,https://www.mm2values.com/img/Ghostfire_Gun_2022.png,https://murder-mystery-2.fandom.com/wiki/Ghostfire_(Gun),https://www.mm2values.com/?p=rare,651,2026-07-31T08:58:38.654006+00:00
5760e981cc645ba49ec3cbca,mm2values,rare,TIER 1,Ghosts,ghosts,2.0,2 X (T1) Rare,,,N/A,2.0,2.0,Stable,,,https://www.mm2values.com/img/Ghosts_GunUP.png,https://murder-mystery-2.fandom.com/wiki/Ghosts_(Gun),https://www.mm2values.com/?p=rare,478,2026-07-31T08:58:38.654006+00:00
ab8c3ed84229643b85300380,mm2values,rare,TIER 2,Ginger (Gun),ginger gun,3.0,3 X (T1) Legend,,,N/A,1.0,3.0,Stable,,,https://www.mm2values.com/img/Ginger_gun2015UP.png,https://murder-mystery-2.fandom.com/wiki/Ginger_Gun_(2015),https://www.mm2values.com/?p=rare,99,2026-07-31T08:58:38.654006+00:00
914aba3d8a45f71b5203744b,mm2values,rare,TIER 2,Ginger (Knife),ginger knife,3.0,3 X (T1) Legend,,,N/A,1.0,3.0,Stable,,,https://www.mm2values.com/img/ginger2015UP.png,https://murder-mystery-2.fandom.com/wiki/Ginger_Knife_(2015),https://www.mm2values.com/?p=rare,98,2026-07-31T08:58:38.654006+00:00
ec0e6182ee40bbac379af940,mm2values,rare,TIER 2,GingerBread,gingerbread,2.0,2 X (T1) Legend,,,N/A,2.0,3.0,Stable,,,https://www.mm2values.com/img/Gingerbread2017UP.png,https://murder-mystery-2.fandom.com/wiki/Gingerbread_(2017),https://www.mm2values.com/?p=rare,107,2026-07-31T08:58:38.654006+00:00
eb0937b715f94a330278e598,mm2values,rare,TIER 2,Gingerbread Gun 2022,gingerbread gun 2022,3.0,3 X (T1) Rare,,,N/A,2.0,2.0,Stable,,,https://www.mm2values.com/img/GingerbreadG2022.png,https://murder-mystery-2.fandom.com/wiki/Gingerbread_Gun_(2022),https://www.mm2values.com/?p=rare,672,2026-07-31T08:58:38.654006+00:00
1297f85a3217cee708fb79a9,mm2values,rare,TIER 1,Gingerbread Knife 2022,gingerbread knife 2022,2.0,2 X (T1) Rare,,,N/A,2.0,2.0,Stable,,,https://www.mm2values.com/img/GingerbreadK2022.png,https://murder-mystery-2.fandom.com/wiki/Gingerbread_Knife_(2022),https://www.mm2values.com/?p=rare,682,2026-07-31T08:58:38.654006+00:00
f2f65829e7599039791aaa72,mm2values,rare,TIER 2,Gingercookie Gun,gingercookie gun,4.0,4 X (T1) Rare,,,N/A,2.0,2.0,Stable,,,https://www.mm2values.com/img/Gingercookie_Gun_2025.png,,https://www.mm2values.com/?p=rare,968,2026-07-31T08:58:38.654006+00:00
83b53067c4dab827a35fa536,mm2values,rare,TIER 1,Gingercookie Knife,gingercookie knife,2.0,2 X (T1) Rare,,,N/A,1.0,2.0,Stable,,,https://www.mm2values.com/img/Gingercookie_Knife.png,,https://www.mm2values.com/?p=rare,967,2026-07-31T08:58:38.654006+00:00
825b3d6223d9c596f02dd8a7,mm2values,rare,TIER 3,Green Marble,green marble,3.0,3,,,N/A,1.0,3.0,Stable,,,https://www.mm2values.com/img/Green_Marble2017UP.png,https://murder-mystery-2.fandom.com/wiki/Green_Marble,https://www.mm2values.com/?p=rare,129,2026-07-31T08:58:38.654006+00:00
143f835e2a04314f91fe46e6,mm2values,rare,TIER 1,Hacker,hacker,3.0,3 X (T1) Uncommon,,,N/A,2.0,1.0,Stable,,,https://www.mm2values.com/img/HackerUP.png,https://murder-mystery-2.fandom.com/wiki/Hacker,https://www.mm2values.com/?p=rare,117,2026-07-31T08:58:38.654006+00:00
80d8ade14b0dd4d7f8911923,mm2values,rare,TIER 2,Heart,heart,1.0,1 X (T1) Legend,,,N/A,2.0,2.0,Stable,,,https://www.mm2values.com/img/Heart2023.png,https://murder-mystery-2.fandom.com/wiki/Heart,https://www.mm2values.com/?p=rare,699,2026-07-31T08:58:38.654006+00:00
a71756519ca596aa426574eb,mm2values,rare,TIER 2,Heartbreak,heartbreak,3.0,3 X (T1) Rare,,,N/A,2.0,2.0,N/A,,,https://www.mm2values.com/img/Heartbreak26.png,https://murder-mystery-2.fandom.com/wiki/Heartbreak,https://www.mm2values.com/?p=rare,995,2026-07-31T08:58:38.654006+00:00
ff110167955608cec41fc9cf,mm2values,rare,TIER 2,Hologram Gun,hologram gun,3.0,3 X (T1) Rare,,,N/A,2.0,2.0,N/A,,,https://www.mm2values.com/img/HologramGun2025.png,https://murder-mystery-2.fandom.com/wiki/Hologram_(Gun),https://www.mm2values.com/?p=rare,935,2026-07-31T08:58:38.654006+00:00
b100471dfd37ae33c5640686,mm2values,rare,TIER 2,Hologram Knife,hologram knife,3.0,3 X (T1) Legend,,,N/A,3.0,3.0,N/A,,,https://www.mm2values.com/img/HologramKnife2025.png,https://murder-mystery-2.fandom.com/wiki/Hologram_(Knife),https://www.mm2values.com/?p=rare,945,2026-07-31T08:58:38.654006+00:00
3147513a5bb912301dccc658,mm2values,rare,TIER 1,Ice Camo,ice camo,2.0,2 X (T1) Rare,,,N/A,2.0,2.0,Stable,,,https://www.mm2values.com/img/IceCamoGun.png,https://murder-mystery-2.fandom.com/wiki/Ice_Camo,https://www.mm2values.com/?p=rare,555,2026-07-31T08:58:38.654006+00:00
40a71dfddb9ef047b58f5263,mm2values,rare,TIER 4,Icicles Gun,icicles gun,4.0,4,,,N/A,1.0,2.5,Stable,,,https://www.mm2values.com/img/Icicles_gun2018UP.png,https://murder-mystery-2.fandom.com/wiki/Icicles_(Gun),https://www.mm2values.com/?p=rare,105,2026-07-31T08:58:38.654006+00:00
444712df57747be2dd5ffca3,mm2values,rare,TIER 2,Icicles Knife,icicles knife,1.0,1 X (T1) Legend,,,N/A,2.0,2.0,Stable,,,https://www.mm2values.com/img/Icicles_knife2018up.png,https://murder-mystery-2.fandom.com/wiki/Icicles_(Knife),https://www.mm2values.com/?p=rare,133,2026-07-31T08:58:38.654006+00:00
b5c8a50dd710b05c4d3a3980,mm2values,rare,TIER 1,Imbued,imbued,3.0,3 X (T1) Uncommon,,,N/A,2.0,1.0,Stable,,,https://www.mm2values.com/img/ImbuedGunUP.png,https://murder-mystery-2.fandom.com/wiki/Imbued,https://www.mm2values.com/?p=rare,112,2026-07-31T08:58:38.654006+00:00
aac4886ca3e8e6ad291d49e1,mm2values,rare,TIER 1,iRevolver,irevolver,3.0,3 X (T1) Uncommon,,,N/A,2.0,1.0,Stable,,,https://www.mm2values.com/img/IRevolverIUP.png,https://murder-mystery-2.fandom.com/wiki/IRevolver,https://www.mm2values.com/?p=rare,116,2026-07-31T08:58:38.654006+00:00
565f5aaf18ec9714f302f070,mm2values,rare,TIER 3,Jack,jack,3.0,3,,,N/A,1.5,3.0,Stable,,,https://www.mm2values.com/img/jack15UP.png,https://murder-mystery-2.fandom.com/wiki/Jack,https://www.mm2values.com/?p=rare,96,2026-07-31T08:58:38.654006+00:00
e2f333e003f3e954369dc9c3,mm2values,rare,TIER 1,Korblox,korblox,3.0,3 X (T1) Uncommon,,,N/A,2.0,1.0,Stable,,,https://www.mm2values.com/img/KorbloxKnifeUp.png,https://murder-mystery-2.fandom.com/wiki/Korblox,https://www.mm2values.com/?p=rare,122,2026-07-31T08:58:38.654006+00:00
dcaeaad73723aab60b65ade8,mm2values,rare,TIER 1,Kraken,kraken,1.0,1 X (T1) Rare,,,N/A,1.0,1.0,Stable,,,https://www.mm2values.com/img/Kraken.png,https://murder-mystery-2.fandom.com/wiki/Kraken,https://www.mm2values.com/?p=rare,851,2026-07-31T08:58:38.654006+00:00
c61c3eafb627031b74d78563,mm2values,rare,TIER 1,Krypto,krypto,3.0,3 X (T1) Uncommon,,,N/A,2.0,1.0,Stable,,,https://www.mm2values.com/img/KryptoKnifeUP.png,https://murder-mystery-2.fandom.com/wiki/Krypto,https://www.mm2values.com/?p=rare,114,2026-07-31T08:58:38.654006+00:00
d999dc07c518af60adb8c6b8,mm2values,rare,TIER 2,Logcutter,logcutter,3.0,3 X (T1) Rare,,,N/A,2.0,2.0,Stable,,,https://www.mm2values.com/img/Logcutterknife2024.png,https://murder-mystery-2.fandom.com/wiki/Logcutter,https://www.mm2values.com/?p=rare,876,2026-07-31T08:58:38.654006+00:00
730ad04b9187904b88106c94,mm2values,rare,TIER 4,Magma,magma,7.0,7,,,N/A,1.5,3.5,Stable,,,https://www.mm2values.com/img/Magma2017UP.png,https://murder-mystery-2.fandom.com/wiki/Magma,https://www.mm2values.com/?p=rare,128,2026-07-31T08:58:38.654006+00:00
8ae78ffa84281ee18d0f0f54,mm2values,rare,TIER 5,Magma Gun,magma gun,25.0,25,,,N/A,2.0,3.0,Stable,,,https://www.mm2values.com/img/MagmaGun2021.png,https://murder-mystery-2.fandom.com/wiki/Magma_(Gun),https://www.mm2values.com/?p=rare,627,2026-07-31T08:58:38.654006+00:00
e38e9742b7bdfcb0d2b2cfbc,mm2values,rare,TIER 2,Magma Knife,magma knife,3.0,3 X (T1) Rare,,,N/A,2.0,2.5,Stable,,,https://www.mm2values.com/img/MagmaKnife2021.png,https://murder-mystery-2.fandom.com/wiki/Magma_(Knife),https://www.mm2values.com/?p=rare,626,2026-07-31T08:58:38.654006+00:00
bd26eb8c68917cb350c3de06,mm2values,rare,TIER 5,Makeshift Knife,makeshift knife,55.0,55,,,N/A,3.0,3.0,Stable,,,https://www.mm2values.com/img/MakeshiftKnifepass.png,https://murder-mystery-2.fandom.com/wiki/Makeshift_(Knife),https://www.mm2values.com/?p=rare,652,2026-07-31T08:58:38.654006+00:00
124d83a99d8c8764ab8dd134,mm2values,rare,TIER 2,Molten (Gun),molten gun,2.0,2 X (T1) Legend,,,N/A,2.0,3.0,Stable,,,https://www.mm2values.com/img/MoltenGunUP.png,https://murder-mystery-2.fandom.com/wiki/Molten_(Gun),https://www.mm2values.com/?p=rare,137,2026-07-31T08:58:38.654006+00:00
80eea399ae05e826a10384aa,mm2values,rare,TIER 2,Molten (Knife),molten knife,2.0,2 X (T1) Legend,,,N/A,2.0,3.0,Stable,,,https://www.mm2values.com/img/MoltenKUP.png,https://murder-mystery-2.fandom.com/wiki/Molten_(Knife),https://www.mm2values.com/?p=rare,138,2026-07-31T08:58:38.654006+00:00
5173258d4bf24d6b2debeb1f,mm2values,rare,TIER 4,Monster,monster,4.0,4,,,N/A,1.0,2.5,Stable,,,https://www.mm2values.com/img/MonsterUP.png,https://murder-mystery-2.fandom.com/wiki/Monster,https://www.mm2values.com/?p=rare,382,2026-07-31T08:58:38.654006+00:00
b0337d699d48323c96ba7a92,mm2values,rare,TIER 2,Mummy,mummy,3.0,3 X (T1) Legend,,,N/A,1.0,3.0,Stable,,,https://www.mm2values.com/img/MummyGun2015up.png,https://murder-mystery-2.fandom.com/wiki/Mummy_(2015),https://www.mm2values.com/?p=rare,97,2026-07-31T08:58:38.654006+00:00
275eda1e0b0f10653d658b2d,mm2values,rare,TIER 1,Musical,musical,3.0,3 X (T1) Uncommon,,,N/A,2.0,1.0,Stable,,,https://www.mm2values.com/img/MusicalUP.png,https://murder-mystery-2.fandom.com/wiki/Musical,https://www.mm2values.com/?p=rare,125,2026-07-31T08:58:38.654006+00:00
59228878b8f70705337d76e4,mm2values,rare,TIER 2,Neon Gun,neon gun,2.0,2 X (T1) Legend,,,N/A,2.0,2.0,Stable,,,https://www.mm2values.com/img/NeonG25.png,https://murder-mystery-2.fandom.com/wiki/Neon_(2025),https://www.mm2values.com/?p=rare,905,2026-07-31T08:58:38.654006+00:00
30ee543d7b21e230bb4a5c3b,mm2values,rare,TIER 2,Neon Gun,neon gun,3.0,3 X (T1) Rare,,,N/A,2.0,2.0,Stable,,,https://www.mm2values.com/img/Neongun2023.png,https://murder-mystery-2.fandom.com/wiki/Neon_(2023),https://www.mm2values.com/?p=rare,777,2026-07-31T08:58:38.654006+00:00
08b28c3539e285fe6a35a5af,mm2values,rare,TIER 2,Nether,nether,3.0,3 X (T1) Rare,,,N/A,2.0,3.0,Stable,,,https://www.mm2values.com/img/NetherUP.png,https://murder-mystery-2.fandom.com/wiki/Nether,https://www.mm2values.com/?p=rare,134,2026-07-31T08:58:38.654006+00:00
7716bb4b81434f2e6263aa3d,mm2values,rare,TIER 1,Nightfire,nightfire,3.0,3 X (T1) Uncommon,,,N/A,2.0,1.0,Stable,,,https://www.mm2values.com/img/NightfireUp.png,https://murder-mystery-2.fandom.com/wiki/Nightfire,https://www.mm2values.com/?p=rare,459,2026-07-31T08:58:38.654006+00:00
bc6fdfccaeb105ee8a12801e,mm2values,rare,TIER 1,Nova,nova,3.0,3 X (T1) Uncommon,,,N/A,2.0,1.0,Stable,,,https://www.mm2values.com/img/NovaUP.png,https://murder-mystery-2.fandom.com/wiki/Nova,https://www.mm2values.com/?p=rare,118,2026-07-31T08:58:38.654006+00:00
9149386d48d471eb00571e4a,mm2values,rare,TIER 2,Nuclear,nuclear,2.0,2 X (T1) Legend,,,N/A,2.5,3.0,Stable,,,https://www.mm2values.com/img/nuclear.png,https://murder-mystery-2.fandom.com/wiki/Nuclear,https://www.mm2values.com/?p=rare,718,2026-07-31T08:58:38.654006+00:00
646172ac4d8fe8aa650deab6,mm2values,rare,TIER 3,Orange Marble,orange marble,2.0,2,,,N/A,1.0,3.0,Stable,,,https://www.mm2values.com/img/orangemarble2016UP.png,https://murder-mystery-2.fandom.com/wiki/Orange_Marble,https://www.mm2values.com/?p=rare,102,2026-07-31T08:58:38.654006+00:00
2106978671a0bf644fb347c0,mm2values,rare,TIER 2,Painted Knife,painted knife,1.0,1 X (T1) Legend,,,N/A,2.0,3.0,Stable,,,https://www.mm2values.com/img/paintedknife.png,https://murder-mystery-2.fandom.com/wiki/Painted_(Knife),https://www.mm2values.com/?p=rare,721,2026-07-31T08:58:38.654006+00:00
c421daaa3bcb416ebfac232d,mm2values,rare,TIER 1,Pier,pier,0.0,0,,,N/A,0.0,0.0,N/A,,,https://www.mm2values.com/img/Pier2026.png,,https://www.mm2values.com/?p=rare,1011,2026-07-31T08:58:38.654006+00:00
1da7934f2e87974e01fca3c4,mm2values,rare,TIER 2,Pop Art Gun,pop art gun,2.0,2 X (T1) Legend,,,N/A,2.0,2.0,Stable,,,https://www.mm2values.com/img/PopArtG25.png,https://murder-mystery-2.fandom.com/wiki/Pop_Art_(Gun),https://www.mm2values.com/?p=rare,904,2026-07-31T08:58:38.654006+00:00
24a2f99868c007fd61145eec,mm2values,rare,TIER 2,Pop Art Knife,pop art knife,2.0,2 X (T1) Legend,,,N/A,2.0,2.0,Stable,,,https://www.mm2values.com/img/PopArtK25.png,https://murder-mystery-2.fandom.com/wiki/Pop_Art_(Knife),https://www.mm2values.com/?p=rare,915,2026-07-31T08:58:38.654006+00:00
1bedc95e814133497af6ef8b,mm2values,rare,TIER 2,Portal Knife,portal knife,3.0,3 X (T1) Rare,,,N/A,2.0,2.0,Stable,,,https://www.mm2values.com/img/PortalKUP.png,https://murder-mystery-2.fandom.com/wiki/Portal_(knife),https://www.mm2values.com/?p=rare,477,2026-07-31T08:58:38.654006+00:00
29a6b613d55e875632e9daea,mm2values,rare,TIER 1,Purple,purple,3.0,3 X (T1) Uncommon,,,N/A,2.0,1.0,Stable,,,https://www.mm2values.com/img/PurpleUP.png,https://murder-mystery-2.fandom.com/wiki/Purple,https://www.mm2values.com/?p=rare,127,2026-07-31T08:58:38.654006+00:00
fed4dc22022fb1b7f5e8554f,mm2values,rare,TIER 1,Rainbow,rainbow,3.0,3 X (T1) Uncommon,,,N/A,2.0,1.0,Stable,,,https://www.mm2values.com/img/RainbowKup.png,https://murder-mystery-2.fandom.com/wiki/Rainbow_(Knife),https://www.mm2values.com/?p=rare,111,2026-07-31T08:58:38.654006+00:00
7a87fa91e1e22f77cba5dff2,mm2values,rare,TIER 1,Rainbow (Gun),rainbow gun,3.0,3 X (T1) Uncommon,,,N/A,2.0,1.0,Stable,,,https://www.mm2values.com/img/RainbowgunUP.png,https://murder-mystery-2.fandom.com/wiki/Rainbow_(Gun),https://www.mm2values.com/?p=rare,443,2026-07-31T08:58:38.654006+00:00
dcf12202638cf4c03229cfcc,mm2values,rare,TIER 1,Ritual,ritual,1.0,1 X (T1) Rare,,,N/A,1.0,1.0,Stable,,,https://www.mm2values.com/img/Ritual.png,https://murder-mystery-2.fandom.com/wiki/Ritual,https://www.mm2values.com/?p=rare,852,2026-07-31T08:58:38.654006+00:00
6725e6478cf58e6c85d44a74,mm2values,rare,TIER 1,Robot Knife,robot knife,2.0,2 X (T1) Rare,,,N/A,2.0,2.0,Stable,,,https://www.mm2values.com/img/Robot.png,https://murder-mystery-2.fandom.com/wiki/Robot,https://www.mm2values.com/?p=rare,800,2026-07-31T08:58:38.654006+00:00
eb5f134c0fcef5f4a572de38,mm2values,rare,TIER 1,Sharkie Knife,sharkie knife,1.0,1 X (T1) Rare,,,N/A,2.0,1.0,Stable,,,https://www.mm2values.com/img/Sharkie.png,https://murder-mystery-2.fandom.com/wiki/Sharky,https://www.mm2values.com/?p=rare,828,2026-07-31T08:58:38.654006+00:00
999b7dc02de780f1adde5c64,mm2values,rare,TIER 4,Silent Night Gun,silent night gun,15.0,15,,,N/A,1.5,3.5,Stable,,,https://www.mm2values.com/img/SilentNightGun.png,https://murder-mystery-2.fandom.com/wiki/Silent_Night_(Gun),https://www.mm2values.com/?p=rare,545,2026-07-31T08:58:38.654006+00:00
f5d92a06a9535169dd0990f1,mm2values,rare,TIER 5,Silent Night Knife,silent night knife,50.0,50,,,N/A,1.5,3.5,Stable,,,https://www.mm2values.com/img/SilentNightKnife.png,https://murder-mystery-2.fandom.com/wiki/Silent_Night_(Knife),https://www.mm2values.com/?p=rare,538,2026-07-31T08:58:38.654006+00:00
c140463ed50649a0c234b997,mm2values,rare,TIER 1,Sleigh,sleigh,1.0,1 X (T1) Rare,,,N/A,2.0,2.0,Stable,,,https://www.mm2values.com/img/Sleigh2024.png,https://murder-mystery-2.fandom.com/wiki/Sleigh,https://www.mm2values.com/?p=rare,887,2026-07-31T08:58:38.654006+00:00
6e0f85141cd86c5788c6941e,mm2values,rare,TIER 3,Snakebite Gun,snakebite gun,1.0,1,,,N/A,1.0,2.0,Stable,,,https://www.mm2values.com/img/SnakebitegunUP.png,https://murder-mystery-2.fandom.com/wiki/Snakebite_(Gun),https://www.mm2values.com/?p=rare,410,2026-07-31T08:58:38.654006+00:00
38aad5ee68a618876fde997a,mm2values,rare,TIER 3,Snakebite Knife,snakebite knife,3.0,3,,,N/A,1.0,2.5,Stable,,,https://www.mm2values.com/img/SnakebiteKUP.png,https://murder-mystery-2.fandom.com/wiki/Snakebite_(Knife),https://www.mm2values.com/?p=rare,409,2026-07-31T08:58:38.654006+00:00
f64e85065c4d7e0d9bcf3ecb,mm2values,rare,TIER 1,Snowflake Gun 23,snowflake gun 23,2.0,2 X (T1) Rare,,,N/A,2.0,2.0,Stable,,,https://www.mm2values.com/img/Snowflake2023gun.png,https://murder-mystery-2.fandom.com/wiki/Snowflake_(2023),https://www.mm2values.com/?p=rare,776,2026-07-31T08:58:38.654006+00:00
1fff7ecb3b8b7761c7c3284e,mm2values,rare,TIER 4,Snowflakes,snowflakes,12.0,12,,,N/A,2.0,3.0,Stable,,,https://www.mm2values.com/img/Snowflakes2020.png,https://murder-mystery-2.fandom.com/wiki/Snowflakes_(2020),https://www.mm2values.com/?p=rare,544,2026-07-31T08:58:38.654006+00:00
65fe78099cb4c4831fde6cf1,mm2values,rare,TIER 1,Snowglobe Knife,snowglobe knife,2.0,2 X (T1) Rare,,,N/A,2.0,2.0,N/A,,,https://www.mm2values.com/img/Snowglobe2023knife.png,https://murder-mystery-2.fandom.com/wiki/Snowglobe,https://www.mm2values.com/?p=rare,778,2026-07-31T08:58:38.654006+00:00
12301f1ad8621c4ce0bc6bf1,mm2values,rare,TIER 2,Snowy,snowy,1.0,1 X (T1) Legend,,,N/A,2.0,3.0,Stable,,,https://www.mm2values.com/img/Snowy2017UP.png,https://murder-mystery-2.fandom.com/wiki/Snowy_(2017),https://www.mm2values.com/?p=rare,106,2026-07-31T08:58:38.654006+00:00
71f2347f263fd3861d5731db,mm2values,rare,TIER 1,Space,space,3.0,3 X (T1) Uncommon,,,N/A,2.0,1.0,Stable,,,https://www.mm2values.com/img/SpaceUP.png,https://murder-mystery-2.fandom.com/wiki/Space,https://www.mm2values.com/?p=rare,456,2026-07-31T08:58:38.654006+00:00
0611e8c4859421f86b518484,mm2values,rare,TIER 1,Spearmint Gun,spearmint gun,2.0,2 X (T1) Rare,,,N/A,2.0,2.0,Stable,,,https://www.mm2values.com/img/spearmingun.png,,https://www.mm2values.com/?p=rare,966,2026-07-31T08:58:38.654006+00:00
8bc6c177c58627a651c70ab7,mm2values,rare,TIER 2,Spearmint Knife,spearmint knife,4.0,4 X (T1) Rare,,,N/A,2.0,2.0,Stable,,,https://www.mm2values.com/img/Spearmint_Knife.png,,https://www.mm2values.com/?p=rare,965,2026-07-31T08:58:38.654006+00:00
aa460023132595a3cc98f424,mm2values,rare,TIER 1,Spectrum,spectrum,3.0,3 X (T1) Uncommon,,,N/A,2.0,1.0,Stable,,,https://www.mm2values.com/img/SpectrumUP.png,https://murder-mystery-2.fandom.com/wiki/Spectrum,https://www.mm2values.com/?p=rare,115,2026-07-31T08:58:38.654006+00:00
9f27667ae40c07ddfcdd15c3,mm2values,rare,TIER 2,Spitfire,spitfire,3.0,3 X (T1) Rare,,,N/A,2.0,3.0,Stable,,,https://www.mm2values.com/img/SpitfireUP.png,https://murder-mystery-2.fandom.com/wiki/Spitfire,https://www.mm2values.com/?p=rare,135,2026-07-31T08:58:38.654006+00:00
86cbc5aa3838034b97690982,mm2values,rare,TIER 1,Spring Knife,spring knife,2.0,2 X (T1) Rare,,,N/A,2.0,2.0,Stable,,,https://www.mm2values.com/img/Spring.png,https://murder-mystery-2.fandom.com/wiki/Spring,https://www.mm2values.com/?p=rare,801,2026-07-31T08:58:38.654006+00:00
0fb66a144ad0d75678b8a58d,mm2values,rare,TIER 1,Squire,squire,3.0,3 X (T1) Uncommon,,,N/A,2.0,1.0,Stable,,,https://www.mm2values.com/img/SquireUp.png,https://murder-mystery-2.fandom.com/wiki/Squire,https://www.mm2values.com/?p=rare,123,2026-07-31T08:58:38.654006+00:00
9fbb5665d548b677e02e45e6,mm2values,rare,TIER 5,Starry Gun,starry gun,35.0,35,,,N/A,2.0,3.0,Stable,,,https://www.mm2values.com/img/StarryGun2021.png,https://murder-mystery-2.fandom.com/wiki/Starry_Gun_(2021),https://www.mm2values.com/?p=rare,565,2026-07-31T08:58:38.654006+00:00
410ab22421142f797100533c,mm2values,rare,TIER 2,Starry Knife,starry knife,2.0,2 X (T1) Legend,,,N/A,2.0,2.5,Stable,,,https://www.mm2values.com/img/Strarryknife.png,https://murder-mystery-2.fandom.com/wiki/Starry_Knife_(2021),https://www.mm2values.com/?p=rare,556,2026-07-31T08:58:38.654006+00:00
dcb8a924e41a72cbd6fc525e,mm2values,rare,TIER 1,Storm,storm,2.0,2 X (T1) Rare,,,N/A,1.0,1.0,Stable,,,https://www.mm2values.com/img/Storm.png,https://murder-mystery-2.fandom.com/wiki/Storm,https://www.mm2values.com/?p=rare,841,2026-07-31T08:58:38.654006+00:00
622468834ad346aabf0654f5,mm2values,rare,TIER 2,Sunny,sunny,1.0,1 X (T1) Legend,,,N/A,1.0,1.5,Stable,,,https://www.mm2values.com/img/SunnyGun2025.png,https://murder-mystery-2.fandom.com/wiki/Sunny,https://www.mm2values.com/?p=rare,894,2026-07-31T08:58:38.654006+00:00
80a7dd355d11475b905feeac,mm2values,rare,TIER 2,Sunset,sunset,1.0,1 X (T1) Legend,,,N/A,2.0,3.0,Stable,,,https://www.mm2values.com/img/Sunset_gun.png,https://murder-mystery-2.fandom.com/wiki/Sunset,https://www.mm2values.com/?p=rare,731,2026-07-31T08:58:38.654006+00:00
6e273a6e6a48be2d5726b053,mm2values,rare,TIER 1,Sunset Gun,sunset gun,0.0,0,,,N/A,0.0,0.0,N/A,,,https://www.mm2values.com/img/SunsetGun2026.png,,https://www.mm2values.com/?p=rare,1010,2026-07-31T08:58:38.654006+00:00
13e6f95869d00489bc677f8d,mm2values,rare,TIER 5,Swirl Knife,swirl knife,35.0,35,,,N/A,2.0,4.0,Stable,,,https://www.mm2values.com/img/SwirlKnife2021.png,https://murder-mystery-2.fandom.com/wiki/Swirl,https://www.mm2values.com/?p=rare,566,2026-07-31T08:58:38.654006+00:00
ec5bfade79e5d3021afb45d0,mm2values,rare,TIER 3,Toxic Gun,toxic gun,2.0,2,,,N/A,1.0,2.0,Stable,,,https://www.mm2values.com/img/Toxic_Gun2018UP.png,https://murder-mystery-2.fandom.com/wiki/Toxic_(Gun),https://www.mm2values.com/?p=rare,131,2026-07-31T08:58:38.654006+00:00
6f7a5a6c78c45b8679a8163a,mm2values,rare,TIER 4,Toxic Knife,toxic knife,8.0,8,,,N/A,1.5,2.5,Stable,,,https://www.mm2values.com/img/ToxicK2018UP.png,https://murder-mystery-2.fandom.com/wiki/Toxic_(Knife),https://www.mm2values.com/?p=rare,109,2026-07-31T08:58:38.654006+00:00
5f8310c4238d38e1cc0ed557,mm2values,rare,TIER 2,Tree Gun 2022,tree gun 2022,3.0,3 X (T1) Rare,,,N/A,2.0,2.0,Stable,,,https://www.mm2values.com/img/TreeG2022.png,https://murder-mystery-2.fandom.com/wiki/Tree_Gun_(2022),https://www.mm2values.com/?p=rare,681,2026-07-31T08:58:38.654006+00:00
32f80284c763af2e63b7ba9b,mm2values,rare,TIER 2,Tree Knife 2022,tree knife 2022,3.0,3 X (T1) Rare,,,N/A,2.0,2.0,Stable,,,https://www.mm2values.com/img/TreeK2022.png,https://murder-mystery-2.fandom.com/wiki/Tree_Knife_(2022),https://www.mm2values.com/?p=rare,673,2026-07-31T08:58:38.654006+00:00
99303a3a79f8e103437e88c1,mm2values,rare,TIER 2,Tree Knife 23,tree knife 23,3.0,3 X (T1) Rare,,,N/A,2.0,2.0,Stable,,,https://www.mm2values.com/img/Treeknife2023.png,https://murder-mystery-2.fandom.com/wiki/Tree_Knife_(2023),https://www.mm2values.com/?p=rare,779,2026-07-31T08:58:38.654006+00:00
36d76741d228d25186873980,mm2values,rare,TIER 2,Tropical Knife,tropical knife,3.0,3 X (T1) Rare,,,N/A,2.0,2.0,Stable,,,https://www.mm2values.com/img/TropicalK25.png,https://murder-mystery-2.fandom.com/wiki/Tropical,https://www.mm2values.com/?p=rare,914,2026-07-31T08:58:38.654006+00:00
93a46acb2475fa08772afa99,mm2values,rare,TIER 4,Vampire Gun,vampire gun,10.0,10,,,N/A,1.0,2.5,Stable,,,https://www.mm2values.com/img/Vampire_gun2018UP.png,https://murder-mystery-2.fandom.com/wiki/Vampire_Gun_(2018),https://www.mm2values.com/?p=rare,108,2026-07-31T08:58:38.654006+00:00
4bf2a08f56d691ddb6a04bdf,mm2values,rare,TIER 3,Vampire Knife,vampire knife,2.0,2,,,N/A,1.0,2.0,Stable,,,https://www.mm2values.com/img/Vampire2018UP.png,https://murder-mystery-2.fandom.com/wiki/Vampire_Knife_(2018),https://www.mm2values.com/?p=rare,130,2026-07-31T08:58:38.654006+00:00
5f6c7b673f1e122db6b11cbc,mm2values,rare,TIER 1,Vortex,vortex,3.0,3 X (T1) Uncommon,,,N/A,2.0,1.0,Stable,,,https://www.mm2values.com/img/VortexUP.png,https://murder-mystery-2.fandom.com/wiki/Vortex,https://www.mm2values.com/?p=rare,119,2026-07-31T08:58:38.654006+00:00
cb6ee2e56fe35e9c1d558789,mm2values,rare,TIER 5,Watcher Gun,watcher gun,30.0,30,,,N/A,3.0,3.0,Stable,,,https://www.mm2values.com/img/Watcher2021Gun.png,https://murder-mystery-2.fandom.com/wiki/Watcher_Gun_(2021),https://www.mm2values.com/?p=rare,629,2026-07-31T08:58:38.654006+00:00
a1d20453885d54d2048add9c,mm2values,rare,TIER 2,Watcher Knife,watcher knife,3.0,3 X (T1) Legend,,,N/A,2.0,2.5,Stable,,,https://www.mm2values.com/img/Watcher2021KnifeUP.png,https://murder-mystery-2.fandom.com/wiki/Watcher_Knife_(2021),https://www.mm2values.com/?p=rare,628,2026-07-31T08:58:38.654006+00:00
176f44f5c314c782d189bc47,mm2values,rare,TIER 1,Waves Knife,waves knife,2.0,2 X (T1) Uncommon,,,N/A,1.0,1.0,Stable,,,https://www.mm2values.com/img/Waves24.png,https://murder-mystery-2.fandom.com/wiki/Waves_(Rare_Knife),https://www.mm2values.com/?p=rare,816,2026-07-31T08:58:38.654006+00:00
5814842c5ae27a1667babf10,mm2values,rare,TIER 1,Wraith Gun,wraith gun,2.0,2 X (T1) Rare,,,N/A,2.0,2.5,Stable,,,https://www.mm2values.com/img/Wraith_Gun_2022.png,https://murder-mystery-2.fandom.com/wiki/Wraith_(Gun),https://www.mm2values.com/?p=rare,653,2026-07-31T08:58:38.654006+00:00
f0c0f53e3f83c87d516c1dbe,mm2values,rare,TIER 2,Wraith Knife,wraith knife,2.0,2 X (T1) Legend,,,N/A,2.0,3.0,Stable,,,https://www.mm2values.com/img/Wraith_Knife_2022.png,https://murder-mystery-2.fandom.com/wiki/Wraith_(Knife),https://www.mm2values.com/?p=rare,654,2026-07-31T08:58:38.654006+00:00
cbd154752863ef0cd943d111,mm2values,rare,TIER 2,Xeno Gun,xeno gun,3.0,3 X (T1) Legend,,,N/A,3.0,3.0,N/A,,,https://www.mm2values.com/img/XenoGun2025.png,https://murder-mystery-2.fandom.com/wiki/Xeno_(Gun),https://www.mm2values.com/?p=rare,944,2026-07-31T08:58:38.654006+00:00
6c669d5b9f752f2b543831e9,mm2values,rare,TIER 3,Xeno Knife,xeno knife,1.0,1,,,N/A,4.0,3.0,N/A,,,https://www.mm2values.com/img/XenoKnife2025.png,https://murder-mystery-2.fandom.com/wiki/Xeno_(Knife),https://www.mm2values.com/?p=rare,934,2026-07-31T08:58:38.654006+00:00
905117fd45969665b9bf7f5a,mm2values,rare,TIER 2,Yummy Knife,yummy knife,3.0,3 X (T1) Rare,,,N/A,2.0,2.0,N/A,,,https://www.mm2values.com/img/Yummy_2026.png,https://murder-mystery-2.fandom.com/wiki/Yummy,https://www.mm2values.com/?p=rare,994,2026-07-31T08:58:38.654006+00:00
17113f4b2f3a936f4aed1f31,mm2values,rare,TIER 5,Zombified,zombified,55.0,55,,,N/A,3.0,3.5,Stable,,,https://www.mm2values.com/img/Zombified_Knife_2022.png,https://murder-mystery-2.fandom.com/wiki/Zombified_Knife_(2022),https://www.mm2values.com/?p=rare,655,2026-07-31T08:58:38.654006+00:00
f58707edf8e4cf26fcc69750,mm2values,uncommon,TIER 2,Abduction,abduction,1.0,1 X (T1) Legend,,,N/A,3.0,3.0,N/A,,,https://www.mm2values.com/img/AbductionKnife2025.png,https://murder-mystery-2.fandom.com/wiki/Abduction,https://www.mm2values.com/?p=uncommon,948,2026-07-31T08:58:41.229070+00:00
031e6e8db269a2f2da5946c5,mm2values,uncommon,TIER 1,Adurite (Gun),adurite gun,3.0,3 X (T1) Common,,,N/A,0.0,0.5,Stable,,,https://www.mm2values.com/img/AduritegunUP.png,https://murder-mystery-2.fandom.com/wiki/Adurite_(Gun),https://www.mm2values.com/?p=uncommon,157,2026-07-31T08:58:41.229070+00:00
42cbf8b5910662268138ad69,mm2values,uncommon,TIER 1,Adurite (Knife),adurite knife,3.0,3 X (T1) Common,,,N/A,0.0,0.5,Stable,,,https://www.mm2values.com/img/AduriteKnifeUP.png,https://murder-mystery-2.fandom.com/wiki/Adurite_(Knife),https://www.mm2values.com/?p=uncommon,155,2026-07-31T08:58:41.229070+00:00
cb871d2fc074b3d9f5661ea7,mm2values,uncommon,TIER 1,Biogun,biogun,3.0,3 X (T1) Common,,,N/A,0.0,0.5,Stable,,,https://www.mm2values.com/img/BiogunUP.png,https://murder-mystery-2.fandom.com/wiki/Biogun,https://www.mm2values.com/?p=uncommon,460,2026-07-31T08:58:41.229070+00:00
6b4702cf15752fdf1c615e4e,mm2values,uncommon,TIER 2,Blossom Knife,blossom knife,1.0,1 X (T1) Rare,,,N/A,2.0,2.0,N/A,,,https://www.mm2values.com/img/Blossom_2026.png,https://murder-mystery-2.fandom.com/wiki/Blossom_(2026),https://www.mm2values.com/?p=uncommon,997,2026-07-31T08:58:41.229070+00:00
058fbbdfce2638fc660ff36d,mm2values,uncommon,TIER 1,Blue,blue,3.0,3 X (T1) Common,,,N/A,0.0,0.5,Stable,,,https://www.mm2values.com/img/BlueUP.png,https://murder-mystery-2.fandom.com/wiki/Blue,https://www.mm2values.com/?p=uncommon,179,2026-07-31T08:58:41.229070+00:00
227c3c870556001972161dce,mm2values,uncommon,TIER 1,Bluesteel (Gun),bluesteel gun,3.0,3 X (T1) Common,,,N/A,0.0,0.5,Stable,,,https://www.mm2values.com/img/BluesteelgunUP.png,https://murder-mystery-2.fandom.com/wiki/Bluesteel_(Gun),https://www.mm2values.com/?p=uncommon,172,2026-07-31T08:58:41.229070+00:00
6e39a955e91d3651f4d87571,mm2values,uncommon,TIER 1,Bluesteel (Knife),bluesteel knife,3.0,3 X (T1) Common,,,N/A,0.0,0.5,Stable,,,https://www.mm2values.com/img/BluesteelUP.png,https://murder-mystery-2.fandom.com/wiki/Bluesteel_(Knife),https://www.mm2values.com/?p=uncommon,156,2026-07-31T08:58:41.229070+00:00
8d9b4e526af4bb899f9e0c9a,mm2values,uncommon,TIER 2,Bones,bones,4.0,4 X (T1) Uncommon,,,N/A,1.0,1.0,Stable,,,https://www.mm2values.com/img/Bones2024.png,https://murder-mystery-2.fandom.com/wiki/Bones_Knife_(2024),https://www.mm2values.com/?p=uncommon,848,2026-07-31T08:58:41.229070+00:00
0cecfa68287f81f21d0954c7,mm2values,uncommon,TIER 5,Bones Gun,bones gun,225.0,225,,,N/A,2.5,4.5,Stable,,,https://www.mm2values.com/img/bonesgun.png,https://murder-mystery-2.fandom.com/wiki/Bones_(2019),https://www.mm2values.com/?p=uncommon,398,2026-07-31T08:58:41.229070+00:00
aef0e64b568b67cf86452332,mm2values,uncommon,TIER 5,Brains 2019,brains 2019,140.0,140,,,N/A,2.5,4.0,Stable,,,https://www.mm2values.com/img/2019brains.png,https://murder-mystery-2.fandom.com/wiki/Brains_(2019),https://www.mm2values.com/?p=uncommon,385,2026-07-31T08:58:41.229070+00:00
98c7f750cf2f2d6fd1282aac,mm2values,uncommon,TIER 2,Brains Gun,brains gun,2.0,2 X (T1) Uncommon,,,N/A,2.0,2.0,Stable,,,https://www.mm2values.com/img/Brains_Gun_2022.png,https://murder-mystery-2.fandom.com/wiki/Brains_(2022),https://www.mm2values.com/?p=uncommon,643,2026-07-31T08:58:41.229070+00:00
a2c4a007f3c8d67c158e2c7a,mm2values,uncommon,TIER 5,Branches,branches,55.0,55,,,N/A,3.0,4.0,Stable,,,https://www.mm2values.com/img/branches.png,https://murder-mystery-2.fandom.com/wiki/Branches,https://www.mm2values.com/?p=uncommon,399,2026-07-31T08:58:41.229070+00:00
f300f4309688e834fae5e25a,mm2values,uncommon,TIER 1,Brush,brush,3.0,3 X (T1) Common,,,N/A,0.0,0.5,Stable,,,https://www.mm2values.com/img/BrushUP.png,https://murder-mystery-2.fandom.com/wiki/Brush,https://www.mm2values.com/?p=uncommon,176,2026-07-31T08:58:41.229070+00:00
042e2255aa3367a02e75933c,mm2values,uncommon,TIER 1,Camo,camo,3.0,3 X (T1) Common,,,N/A,0.0,0.5,Stable,,,https://www.mm2values.com/img/CamoUP.png,https://murder-mystery-2.fandom.com/wiki/Camo_(Gun),https://www.mm2values.com/?p=uncommon,158,2026-07-31T08:58:41.229070+00:00
747fd0315690bbfeb5824918,mm2values,uncommon,TIER 1,Camo,camo,3.0,3 X (T1) Common,,,N/A,0.0,0.5,Stable,,,https://www.mm2values.com/img/CamoknifeUP.png,https://murder-mystery-2.fandom.com/wiki/Camo_(Knife),https://www.mm2values.com/?p=uncommon,453,2026-07-31T08:58:41.229070+00:00
f5110f325da59b879b07596a,mm2values,uncommon,TIER 2,Canes Gun,canes gun,1.0,1 X (T1) Rare,,,N/A,2.0,2.0,Stable,,,https://www.mm2values.com/img/Canesgun2023.png,https://murder-mystery-2.fandom.com/wiki/Canes_(Gun),https://www.mm2values.com/?p=uncommon,783,2026-07-31T08:58:41.229070+00:00
d1f3ecd9403fb4c484b6b1c0,mm2values,uncommon,TIER 2,Canes Knife,canes knife,3.0,3 X (T1) Uncommon,,,N/A,2.0,2.0,Stable,,,https://www.mm2values.com/img/Canesknife2023.png,https://murder-mystery-2.fandom.com/wiki/Canes_(Knife),https://www.mm2values.com/?p=uncommon,782,2026-07-31T08:58:41.229070+00:00
f9cc8a14632abaf9d5aedb9e,mm2values,uncommon,TIER 2,Carrot,carrot,1.0,1 X (T1) Rare,,,N/A,2.0,2.5,Stable,,,https://www.mm2values.com/img/carrot23.png,https://murder-mystery-2.fandom.com/wiki/Carrot_(2023),https://www.mm2values.com/?p=uncommon,723,2026-07-31T08:58:41.229070+00:00
a9070a41faf21df6b6332862,mm2values,uncommon,TIER 2,Carrot Gun,carrot gun,2.0,2 X (T1) Uncommon,,,N/A,2.0,2.0,Stable,,,https://www.mm2values.com/img/Carrot_gun.png,https://murder-mystery-2.fandom.com/wiki/Carrot_Gun_(2024),https://www.mm2values.com/?p=uncommon,799,2026-07-31T08:58:41.229070+00:00
f72218c744cddd92c9ff7986,mm2values,uncommon,TIER 2,Carrot Knife,carrot knife,2.0,2 X (T1) Uncommon,,,N/A,2.0,2.0,Stable,,,https://www.mm2values.com/img/Carrotknife24.png,https://murder-mystery-2.fandom.com/wiki/Carrot_Knife_(2024),https://www.mm2values.com/?p=uncommon,798,2026-07-31T08:58:41.229070+00:00
7e03428786736285a99e0223,mm2values,uncommon,TIER 1,Caution,caution,3.0,3 X (T1) Common,,,N/A,0.0,0.5,Stable,,,https://www.mm2values.com/img/CautionUP.png,https://murder-mystery-2.fandom.com/wiki/Caution,https://www.mm2values.com/?p=uncommon,168,2026-07-31T08:58:41.229070+00:00
fa38c7145a48e0483853212c,mm2values,uncommon,TIER 2,Checkers,checkers,1.0,1 X (T1) Rare,,,N/A,2.0,2.5,Stable,,,https://www.mm2values.com/img/checker.png,https://murder-mystery-2.fandom.com/wiki/Checker,https://www.mm2values.com/?p=uncommon,151,2026-07-31T08:58:41.229070+00:00
9ca77195041a2ade63ed33cb,mm2values,uncommon,TIER 1,Cheddar,cheddar,3.0,3 X (T1) Common,,,N/A,0.0,0.5,Stable,,,https://www.mm2values.com/img/CheddarUP.png,https://murder-mystery-2.fandom.com/wiki/Cheddar,https://www.mm2values.com/?p=uncommon,164,2026-07-31T08:58:41.229070+00:00
0cd565d52654054bda251efa,mm2values,uncommon,TIER 1,Cheesy,cheesy,3.0,3 X (T1) Common,,,N/A,0.0,0.5,Stable,,,https://www.mm2values.com/img/CheesyKnifeUP.png,https://murder-mystery-2.fandom.com/wiki/Cheesy,https://www.mm2values.com/?p=uncommon,161,2026-07-31T08:58:41.229070+00:00
b82f411cf08eda931b39aca5,mm2values,uncommon,TIER 1,Circuit,circuit,3.0,3 X (T1) Common,,,N/A,0.0,0.5,Stable,,,https://www.mm2values.com/img/Circuit_UP.png,https://murder-mystery-2.fandom.com/wiki/Curcuit,https://www.mm2values.com/?p=uncommon,165,2026-07-31T08:58:41.229070+00:00
6eb1e057f5f8c0d2d41a0b9e,mm2values,uncommon,TIER 2,Clown,clown,3.0,3 X (T1) Uncommon,,,N/A,1.0,1.0,Stable,,,https://www.mm2values.com/img/Clown2024.png,https://murder-mystery-2.fandom.com/wiki/Clown_Gun_(2024),https://www.mm2values.com/?p=uncommon,840,2026-07-31T08:58:41.229070+00:00
957900c0890b4663efc62e81,mm2values,uncommon,TIER 2,Cookie Gun,cookie gun,3.0,3 X (T1) Uncommon,,,N/A,2.0,2.0,Stable,,,https://www.mm2values.com/img/CookieGun2021.png,https://murder-mystery-2.fandom.com/wiki/Cookie_(Gun),https://www.mm2values.com/?p=uncommon,554,2026-07-31T08:58:41.229070+00:00
07902032c3708beaf75577dd,mm2values,uncommon,TIER 2,Cookie Knife,cookie knife,3.0,3 X (T1) Rare,,,N/A,2.0,3.0,Stable,,,https://www.mm2values.com/img/Cookieknife2021.png,https://murder-mystery-2.fandom.com/wiki/Cookie_(Knife),https://www.mm2values.com/?p=uncommon,564,2026-07-31T08:58:41.229070+00:00
29702d420b52398b14cfc904,mm2values,uncommon,TIER 2,Decorated,decorated,3.0,3 X (T1) Uncommon,,,N/A,1.0,1.0,Stable,,,https://www.mm2values.com/img/DecoratedKnife2025.png,https://murder-mystery-2.fandom.com/wiki/Decorated,https://www.mm2values.com/?p=uncommon,893,2026-07-31T08:58:41.229070+00:00
1cac1f19710199c951219a25,mm2values,uncommon,TIER 1,Doge,doge,3.0,3 X (T1) Common,,,N/A,0.0,0.5,Stable,,,https://www.mm2values.com/img/DogeUP.png,https://murder-mystery-2.fandom.com/wiki/Doge,https://www.mm2values.com/?p=uncommon,167,2026-07-31T08:58:41.229070+00:00
40e9891b6289589d92f3cbb7,mm2values,uncommon,TIER 2,Donut,donut,1.0,1 X (T1) Rare,,,N/A,2.0,2.5,Stable,,,https://www.mm2values.com/img/donut.png,https://murder-mystery-2.fandom.com/wiki/Donut,https://www.mm2values.com/?p=uncommon,153,2026-07-31T08:58:41.229070+00:00
58e2b3ef0810a67bac3303fe,mm2values,uncommon,TIER 2,Eclipse,eclipse,3.0,3 X (T1) Uncommon,,,N/A,2.0,2.0,Stable,,,https://www.mm2values.com/img/Eclipse.png,,https://www.mm2values.com/?p=uncommon,758,2026-07-31T08:58:41.229070+00:00
9f4432c5990d262e357f1d82,mm2values,uncommon,TIER 2,Eyes,eyes,3.0,3 X (T1) Legend,,,N/A,4.0,3.0,N/A,,,https://www.mm2values.com/img/EyesGun2025.png,https://murder-mystery-2.fandom.com/wiki/Eyes,https://www.mm2values.com/?p=uncommon,936,2026-07-31T08:58:41.229070+00:00
eeb5bd321e65d6d47c08cccd,mm2values,uncommon,TIER 2,Fall Camo,fall camo,2.0,2 X (T1) Uncommon,,,N/A,2.0,2.0,Stable,,,https://www.mm2values.com/img/FallCamoGun.png,https://murder-mystery-2.fandom.com/wiki/Fall_Camo,https://www.mm2values.com/?p=uncommon,606,2026-07-31T08:58:41.229070+00:00
c81508face4a4ba20cf74992,mm2values,uncommon,TIER 2,Fireplace,fireplace,1.0,1 X (T1) Rare,,,N/A,2.0,2.0,Stable,,,https://www.mm2values.com/img/Fireplace2023.png,https://murder-mystery-2.fandom.com/wiki/Fireplace,https://www.mm2values.com/?p=uncommon,781,2026-07-31T08:58:41.229070+00:00
2ea401b24841c0b4876d825e,mm2values,uncommon,TIER 1,Floatie,floatie,5.0,5 X (T1) Common,,,N/A,0.0,0.5,Stable,,,https://www.mm2values.com/img/Floatie.png,https://murder-mystery-2.fandom.com/wiki/Floatie,https://www.mm2values.com/?p=uncommon,827,2026-07-31T08:58:41.229070+00:00
ec96d7dad7f379f63a7464f8,mm2values,uncommon,TIER 1,Floral,floral,0.0,0,,,N/A,0.0,0.0,N/A,,,https://www.mm2values.com/img/Floral2026.png,,https://www.mm2values.com/?p=uncommon,1013,2026-07-31T08:58:41.229070+00:00
4f9f8c3870ba707991cb168d,mm2values,uncommon,TIER 2,Forrest Gun,forrest gun,1.0,1 X (T1) Rare,,,N/A,2.0,2.0,Stable,,,https://www.mm2values.com/img/Forestgun2024.png,https://murder-mystery-2.fandom.com/wiki/Forest,https://www.mm2values.com/?p=uncommon,873,2026-07-31T08:58:41.229070+00:00
c08c94b3507d1b8874b28487,mm2values,uncommon,TIER 2,Frosty,frosty,4.0,4 X (T1) Rare,,,N/A,2.0,2.5,Stable,,,https://www.mm2values.com/img/Frosty2017UP.png,https://murder-mystery-2.fandom.com/wiki/Frosty_(2017),https://www.mm2values.com/?p=uncommon,186,2026-07-31T08:58:41.229070+00:00
efc06c294d972c6a633c6c7e,mm2values,uncommon,TIER 4,Frozen Gun,frozen gun,5.0,5,,,N/A,1.0,2.5,Stable,,,https://www.mm2values.com/img/frozengun.png,https://murder-mystery-2.fandom.com/wiki/Frozen_(Gun),https://www.mm2values.com/?p=uncommon,598,2026-07-31T08:58:41.229070+00:00
de859510f5bf323e3662d472,mm2values,uncommon,TIER 3,Frozen Knife,frozen knife,2.0,2,,,N/A,1.0,2.0,Stable,,,https://www.mm2values.com/img/FrozenKnife.png,https://murder-mystery-2.fandom.com/wiki/Frozen_(Knife),https://www.mm2values.com/?p=uncommon,610,2026-07-31T08:58:41.229070+00:00
fbdd27e91ad58e8f814c9c57,mm2values,uncommon,TIER 2,Future,future,1.0,1 X (T1) Rare,,,N/A,2.0,2.5,Stable,,,https://www.mm2values.com/img/future.png,https://murder-mystery-2.fandom.com/wiki/Future,https://www.mm2values.com/?p=uncommon,150,2026-07-31T08:58:41.229070+00:00
a7d2e89d1440d2f920c80729,mm2values,uncommon,TIER 2,Ghostly,ghostly,2.0,2 X (T1) Uncommon,,,N/A,2.0,2.0,Stable,,,https://www.mm2values.com/img/GhostlyKnife.png,https://murder-mystery-2.fandom.com/wiki/Ghostly_(Knife),https://www.mm2values.com/?p=uncommon,644,2026-07-31T08:58:41.229070+00:00
167ebce409999ca89ae2b71d,mm2values,uncommon,TIER 2,Ghosts knife 2020,ghosts knife 2020,2.0,2 X (T1) Uncommon,,,N/A,2.0,2.0,Stable,,,https://www.mm2values.com/img/Ghosts2020UP.png,https://murder-mystery-2.fandom.com/wiki/Ghosts_(Knife),https://www.mm2values.com/?p=uncommon,712,2026-07-31T08:58:41.229070+00:00
2035fe70d884106585be13a8,mm2values,uncommon,TIER 3,Gifted,gifted,1.0,1,,,N/A,1.0,3.0,Stable,,,https://www.mm2values.com/img/gifted.png,https://murder-mystery-2.fandom.com/wiki/Gifted,https://www.mm2values.com/?p=uncommon,139,2026-07-31T08:58:41.229070+00:00
071ec3946abee9c9f8ff9067,mm2values,uncommon,TIER 4,Gingerbread Gun,gingerbread gun,4.0,4,,,N/A,1.0,3.0,Stable,,,https://www.mm2values.com/img/2019gbgun.png,https://murder-mystery-2.fandom.com/wiki/Gingerbread_Gun_(2019),https://www.mm2values.com/?p=uncommon,387,2026-07-31T08:58:41.229070+00:00
4966aa7d18982919d8f87e5a,mm2values,uncommon,TIER 2,Gingerbread Gun,gingerbread gun,4.0,4 X (T1) Rare,,,N/A,2.0,3.0,Stable,,,https://www.mm2values.com/img/GingerbreadGun2020.png,https://murder-mystery-2.fandom.com/wiki/Gingerbread_Gun_(2020),https://www.mm2values.com/?p=uncommon,546,2026-07-31T08:58:41.229070+00:00
5e69310d570ef14a9dd12450,mm2values,uncommon,TIER 2,Gingerbread Gun,gingerbread gun,2.0,2 X (T1) Rare,,,N/A,2.0,1.5,Stable,,,https://www.mm2values.com/img/Gingerbread_2025.png,,https://www.mm2values.com/?p=uncommon,977,2026-07-31T08:58:41.229070+00:00
122d310844d4302a5851af0c,mm2values,uncommon,TIER 2,Gingerbread Gun,gingerbread gun,2.0,2 X (T1) Uncommon,,,N/A,2.0,2.0,Stable,,,https://www.mm2values.com/img/GingerbreadGun2021.png,https://murder-mystery-2.fandom.com/wiki/Gingerbread_Gun_(2021),https://www.mm2values.com/?p=uncommon,553,2026-07-31T08:58:41.229070+00:00
c7a599896b107b34d4594349,mm2values,uncommon,TIER 5,Gingerbread Knife,gingerbread knife,90.0,90,,,N/A,2.5,4.0,Stable,,,https://www.mm2values.com/img/2019gbknife.png,https://murder-mystery-2.fandom.com/wiki/Gingerbread_Knife_(2019),https://www.mm2values.com/?p=uncommon,388,2026-07-31T08:58:41.229070+00:00
1114cf988ec325a6212099a2,mm2values,uncommon,TIER 3,Gingerbread Knife,gingerbread knife,3.0,3,,,N/A,2.0,3.0,Stable,,,https://www.mm2values.com/img/Gingerbreadknife2020.png,https://murder-mystery-2.fandom.com/wiki/Gingerbread_Knife_(2020),https://www.mm2values.com/?p=uncommon,537,2026-07-31T08:58:41.229070+00:00
3ba09fccb977366f89c65af4,mm2values,uncommon,TIER 2,Gingerbread Knife,gingerbread knife,1.0,1 X (T1) Rare,,,N/A,2.0,1.5,Stable,,,https://www.mm2values.com/img/Gingermint_Knife_2025.png,,https://www.mm2values.com/?p=uncommon,969,2026-07-31T08:58:41.229070+00:00
22f820bb647f43b884f47e21,mm2values,uncommon,TIER 2,Gingerheart,gingerheart,1.0,1 X (T1) Rare,,,N/A,2.0,2.0,Stable,,,https://www.mm2values.com/img/Gingerheartknife2024.png,https://murder-mystery-2.fandom.com/wiki/Gingerheart,https://www.mm2values.com/?p=uncommon,874,2026-07-31T08:58:41.229070+00:00
3e799d70403bf996ccbd6111,mm2values,uncommon,TIER 2,Glowy,glowy,3.0,3 X (T1) Uncommon,,,N/A,2.0,2.0,Stable,,,https://www.mm2values.com/img/Glowy.png,,https://www.mm2values.com/?p=uncommon,757,2026-07-31T08:58:41.229070+00:00
0d744e9756de9787b9fad044,mm2values,uncommon,TIER 4,Gothic Gun,gothic gun,10.0,10,,,N/A,2.0,3.0,Stable,,,https://www.mm2values.com/img/GothicGun.png,https://murder-mystery-2.fandom.com/wiki/Gothic_(Gun),https://www.mm2values.com/?p=uncommon,603,2026-07-31T08:58:41.229070+00:00
4d2e347bd7ab5cfbf58126b5,mm2values,uncommon,TIER 2,Gothic Knife,gothic knife,2.0,2 X (T1) Rare,,,N/A,2.0,2.5,Stable,,,https://www.mm2values.com/img/gothicknife.png,https://murder-mystery-2.fandom.com/wiki/Gothic_(Knife),https://www.mm2values.com/?p=uncommon,604,2026-07-31T08:58:41.229070+00:00
3c4214df115f4b3c75da40e3,mm2values,uncommon,TIER 1,Graffiti,graffiti,3.0,3 X (T1) Common,,,N/A,0.0,0.5,Stable,,,https://www.mm2values.com/img/GraffitiUp.png,https://murder-mystery-2.fandom.com/wiki/Graffiti,https://www.mm2values.com/?p=uncommon,461,2026-07-31T08:58:41.229070+00:00
e3d569d46e60b1560f913fd7,mm2values,uncommon,TIER 3,Hazard Gun,hazard gun,3.0,3,,,N/A,2.0,3.0,Stable,,,https://www.mm2values.com/img/Hazard_Gun_2022.png,https://murder-mystery-2.fandom.com/wiki/Hazard_(Gun),https://www.mm2values.com/?p=uncommon,646,2026-07-31T08:58:41.229070+00:00
6efae8e620d821d4388f9f76,mm2values,uncommon,TIER 2,Hazard Knife,hazard knife,2.0,2 X (T1) Uncommon,,,N/A,2.0,2.0,Stable,,,https://www.mm2values.com/img/Hazard_Knife_2022.png,https://murder-mystery-2.fandom.com/wiki/Hazard_(Knife),https://www.mm2values.com/?p=uncommon,645,2026-07-31T08:58:41.229070+00:00
503d42f42f7e5aac528ace1c,mm2values,uncommon,TIER 1,Hazmat,hazmat,3.0,3 X (T1) Common,,,N/A,0.0,0.5,Stable,,,https://www.mm2values.com/img/HazmatUP.png,https://murder-mystery-2.fandom.com/wiki/Hazmat,https://www.mm2values.com/?p=uncommon,171,2026-07-31T08:58:41.229070+00:00
abcedbcc54eb9d0a2b4c7457,mm2values,uncommon,TIER 1,High Tech,high tech,3.0,3 X (T1) Common,,,N/A,0.0,0.5,Stable,,,https://www.mm2values.com/img/HighTechUp.png,https://murder-mystery-2.fandom.com/wiki/High_Tech,https://www.mm2values.com/?p=uncommon,462,2026-07-31T08:58:41.229070+00:00
03ccc0e5c48764dd0eb715c5,mm2values,uncommon,TIER 1,Hive,hive,3.0,3 X (T1) Common,,,N/A,0.0,0.5,Stable,,,https://www.mm2values.com/img/HiveUp.png,https://murder-mystery-2.fandom.com/wiki/Hive,https://www.mm2values.com/?p=uncommon,174,2026-07-31T08:58:41.229070+00:00
d391b41bcfbb2dc3e784ba3e,mm2values,uncommon,TIER 3,Holly Gun,holly gun,3.0,3,,,N/A,1.0,3.0,Stable,,,https://www.mm2values.com/img/Holly_gun2018UP.png,https://murder-mystery-2.fandom.com/wiki/Holly_Gun_(2018),https://www.mm2values.com/?p=uncommon,195,2026-07-31T08:58:41.229070+00:00
6da69bcbeb36f1cba6f714dc,mm2values,uncommon,TIER 2,Holly Knife,holly knife,2.0,2 X (T1) Rare,,,N/A,2.0,2.0,Stable,,,https://www.mm2values.com/img/Holly2018UP.png,https://murder-mystery-2.fandom.com/wiki/Holly_Knife_(2018),https://www.mm2values.com/?p=uncommon,198,2026-07-31T08:58:41.229070+00:00
91a4791182ad13b1d2a4f0ce,mm2values,uncommon,TIER 1,Jellyfish Knife,jellyfish knife,3.0,3 X (T1) Common,,,N/A,0.0,0.5,Stable,,,https://www.mm2values.com/img/Jellyfish.png,https://murder-mystery-2.fandom.com/wiki/Jellyfish_(Knife),https://www.mm2values.com/?p=uncommon,818,2026-07-31T08:58:41.229070+00:00
41ac787f49bd7991d77a66ed,mm2values,uncommon,TIER 1,Jigsaw,jigsaw,3.0,3 X (T1) Common,,,N/A,0.0,0.5,Stable,,,https://www.mm2values.com/img/JigsawUP.png,https://murder-mystery-2.fandom.com/wiki/Jigsaw,https://www.mm2values.com/?p=uncommon,175,2026-07-31T08:58:41.229070+00:00
09c7cd2a4ef2348f5801ef65,mm2values,uncommon,TIER 2,Lantern Knife,lantern knife,1.0,1 X (T1) Legend,,,N/A,2.0,3.0,Stable,,,https://www.mm2values.com/img/Lantern_Knife_2022.png,https://murder-mystery-2.fandom.com/wiki/Lantern_(Knife),https://www.mm2values.com/?p=uncommon,647,2026-07-31T08:58:41.229070+00:00
62fd241889dabfbbadabd83d,mm2values,uncommon,TIER 2,Lava Gun,lava gun,1.0,1 X (T1) Legend,,,N/A,2.0,2.0,Stable,,,https://www.mm2values.com/img/LavaG25.png,https://murder-mystery-2.fandom.com/wiki/Lava_(Gun),https://www.mm2values.com/?p=uncommon,906,2026-07-31T08:58:41.229070+00:00
c53ad5b575edabc18ae837de,mm2values,uncommon,TIER 2,Lava Knife,lava knife,1.0,1 X (T1) Legend,,,N/A,2.5,2.5,Fluctuating,,,https://www.mm2values.com/img/LavaK25.png,https://murder-mystery-2.fandom.com/wiki/Lava_(Knife),https://www.mm2values.com/?p=uncommon,916,2026-07-31T08:58:41.229070+00:00
47ab02b9ba5eb8dcad935e39,mm2values,uncommon,TIER 1,Leaves,leaves,5.0,5 X (T1) Common,,,N/A,0.0,0.5,Stable,,,https://www.mm2values.com/img/Leaves2024.png,https://murder-mystery-2.fandom.com/wiki/Leaves_(Gun),https://www.mm2values.com/?p=uncommon,850,2026-07-31T08:58:41.229070+00:00
e4ae85616a610f2519a37e5c,mm2values,uncommon,TIER 3,Lights Gun,lights gun,3.0,3,,,N/A,1.0,2.5,Stable,,,https://www.mm2values.com/img/lightsgun.png,https://murder-mystery-2.fandom.com/wiki/Lights_(Gun),https://www.mm2values.com/?p=uncommon,402,2026-07-31T08:58:41.229070+00:00
7d15ab04202e31912869eaa8,mm2values,uncommon,TIER 3,Lights Knife,lights knife,2.0,2,,,N/A,1.0,2.0,Stable,,,https://www.mm2values.com/img/lightsknife.png,https://murder-mystery-2.fandom.com/wiki/Lights_(Knife),https://www.mm2values.com/?p=uncommon,403,2026-07-31T08:58:41.229070+00:00
927f6937c5294b816f1a4f12,mm2values,uncommon,TIER 1,Love (Gun),love gun,5.0,5 X (T1) Common,,,N/A,0.0,0.5,Stable,,,https://www.mm2values.com/img/lovegun.png,https://murder-mystery-2.fandom.com/wiki/Love_(Gun),https://www.mm2values.com/?p=uncommon,152,2026-07-31T08:58:41.229070+00:00
79ba8b6d6be60776ee418f48,mm2values,uncommon,TIER 1,Lucky,lucky,3.0,3 X (T1) Common,,,N/A,0.0,0.5,Stable,,,https://www.mm2values.com/img/Lucky_UP.png,https://murder-mystery-2.fandom.com/wiki/Lucky,https://www.mm2values.com/?p=uncommon,177,2026-07-31T08:58:41.229070+00:00
65bd50f816e8cfa049f9cd8e,mm2values,uncommon,TIER 2,Marble,marble,3.0,3 X (T1) Uncommon,,,N/A,2.0,2.5,Stable,,,https://www.mm2values.com/img/marbleknife23.png,https://murder-mystery-2.fandom.com/wiki/Marble,https://www.mm2values.com/?p=uncommon,720,2026-07-31T08:58:41.229070+00:00
a1cfde8e6db16e0f899a613f,mm2values,uncommon,TIER 1,Marina,marina,3.0,3 X (T1) Common,,,N/A,0.5,0.5,Stable,,,https://www.mm2values.com/img/MarinaUP.png,https://murder-mystery-2.fandom.com/wiki/Marina,https://www.mm2values.com/?p=uncommon,163,2026-07-31T08:58:41.229070+00:00
b33839264db33b6945c045e3,mm2values,uncommon,TIER 2,Meadow,meadow,3.0,3 X (T1) Uncommon,,,N/A,1.0,1.0,Stable,,,https://www.mm2values.com/img/MeadowGun2025.png,https://murder-mystery-2.fandom.com/wiki/Meadow,https://www.mm2values.com/?p=uncommon,897,2026-07-31T08:58:41.229070+00:00
6fe0a3e0f9c9a8626384c899,mm2values,uncommon,TIER 2,Melon,melon,2.0,2 X (T1) Rare,,,N/A,2.0,3.0,Stable,,,https://www.mm2values.com/img/Melon_gun.png,https://murder-mystery-2.fandom.com/wiki/Melon_(Gun),https://www.mm2values.com/?p=uncommon,733,2026-07-31T08:58:41.229070+00:00
87f3d67612fe02830ecb2fc2,mm2values,uncommon,TIER 1,Melon,melon,3.0,3 X (T1) Common,,,N/A,0.0,0.5,Stable,,,https://www.mm2values.com/img/MelonUP.png,https://murder-mystery-2.fandom.com/wiki/Melon,https://www.mm2values.com/?p=uncommon,173,2026-07-31T08:58:41.229070+00:00
e52d177aea7da8ce5013fe65,mm2values,uncommon,TIER 2,Meltdown,meltdown,2.0,2 X (T1) Rare,,,N/A,2.0,3.0,Stable,,,https://www.mm2values.com/img/Meltdown_Knife_2023.png,,https://www.mm2values.com/?p=uncommon,761,2026-07-31T08:58:41.229070+00:00
46f6b7bcd0a583d9388081e0,mm2values,uncommon,TIER 1,Missing,missing,3.0,3 X (T1) Common,,,N/A,0.0,0.5,Stable,,,https://www.mm2values.com/img/MissingUP.png,https://murder-mystery-2.fandom.com/wiki/Missing,https://www.mm2values.com/?p=uncommon,160,2026-07-31T08:58:41.229070+00:00
752743673449db6924c81de5,mm2values,uncommon,TIER 2,Mistletoe Gun,mistletoe gun,1.0,1 X (T1) Rare,,,N/A,2.0,2.5,Stable,,,https://www.mm2values.com/img/MistletoeGun.png,https://murder-mystery-2.fandom.com/wiki/Mistletoe_(Gun),https://www.mm2values.com/?p=uncommon,670,2026-07-31T08:58:41.229070+00:00
96a7efb2daf08cc131cae441,mm2values,uncommon,TIER 2,Mistletoe Knife,mistletoe knife,4.0,4 X (T1) Uncommon,,,N/A,2.0,2.5,Stable,,,https://www.mm2values.com/img/MistletoeKnife.png,https://murder-mystery-2.fandom.com/wiki/Mistletoe_(Knife),https://www.mm2values.com/?p=uncommon,679,2026-07-31T08:58:41.229070+00:00
223d6f9de8bab5b1219fb977,mm2values,uncommon,TIER 2,Monster,monster,3.0,3 X (T1) Uncommon,,,N/A,1.0,1.0,Stable,,,https://www.mm2values.com/img/Monster.png,https://murder-mystery-2.fandom.com/wiki/Monster_Knife_(2024),https://www.mm2values.com/?p=uncommon,838,2026-07-31T08:58:41.229070+00:00
000244b5a93505602624d40d,mm2values,uncommon,TIER 2,Moonlight Gun,moonlight gun,2.0,2 X (T1) Legend,,,N/A,2.0,3.0,Stable,,,https://www.mm2values.com/img/Moonlight_Gun_2022.png,https://murder-mystery-2.fandom.com/wiki/Moonlight_(Gun),https://www.mm2values.com/?p=uncommon,648,2026-07-31T08:58:41.229070+00:00
18bcf76675e5fd1c0f325315,mm2values,uncommon,TIER 3,Moons,moons,3.0,3,,,N/A,1.0,2.5,Stable,,,https://www.mm2values.com/img/moons2016UP.png,https://murder-mystery-2.fandom.com/wiki/Moons,https://www.mm2values.com/?p=uncommon,148,2026-07-31T08:58:41.229070+00:00
b10b7ca26fd72626eefb6a61,mm2values,uncommon,TIER 2,Moons,moons,3.0,3 X (T1) Uncommon,,,N/A,1.0,1.0,Stable,,,https://www.mm2values.com/img/Moons24.png,https://murder-mystery-2.fandom.com/wiki/Moons_Knife_(2024),https://www.mm2values.com/?p=uncommon,839,2026-07-31T08:58:41.229070+00:00
75308d8df77a9e3a5698722d,mm2values,uncommon,TIER 4,Mummy (Knife),mummy knife,8.0,8,,,N/A,1.0,3.5,Stable,,,https://www.mm2values.com/img/Mummy_Knife2017UP.png,https://murder-mystery-2.fandom.com/wiki/Mummy_(2017),https://www.mm2values.com/?p=uncommon,181,2026-07-31T08:58:41.229070+00:00
02c871d8ca5cf96c973eaf0b,mm2values,uncommon,TIER 4,Mummy Gun,mummy gun,5.0,5,,,N/A,1.0,2.5,Stable,,,https://www.mm2values.com/img/MummyG2018UP.png,https://murder-mystery-2.fandom.com/wiki/Mummy_Gun_(2018),https://www.mm2values.com/?p=uncommon,187,2026-07-31T08:58:41.229070+00:00
46c49937e80df4373286d886,mm2values,uncommon,TIER 2,Mummy gun 2020,mummy gun 2020,2.0,2 X (T1) Uncommon,,,N/A,2.0,2.0,Stable,,,https://www.mm2values.com/img/Mummygun2020UP.png,https://murder-mystery-2.fandom.com/wiki/Mummy_Gun_(2020),https://www.mm2values.com/?p=uncommon,710,2026-07-31T08:58:41.229070+00:00
9f3d66a7f9b7322cb0f25249,mm2values,uncommon,TIER 3,Mummy Knife,mummy knife,1.0,1,,,N/A,1.0,2.0,Stable,,,https://www.mm2values.com/img/Mummy_2018UP.png,https://murder-mystery-2.fandom.com/wiki/Mummy_Knife_(2018),https://www.mm2values.com/?p=uncommon,190,2026-07-31T08:58:41.229070+00:00
7311c9e9da519b7ecd6fd2a1,mm2values,uncommon,TIER 2,Mummy Knife 2020,mummy knife 2020,2.0,2 X (T1) Uncommon,,,N/A,2.0,2.0,Stable,,,https://www.mm2values.com/img/MummyK2020UP.png,https://murder-mystery-2.fandom.com/wiki/Mummy_Knife_(2020),https://www.mm2values.com/?p=uncommon,709,2026-07-31T08:58:41.229070+00:00
f275f0c5449b5e38c2759259,mm2values,uncommon,TIER 1,Neopolitan,neopolitan,0.0,0,,,N/A,0.0,0.0,N/A,,,https://www.mm2values.com/img/Neapolitan.png,,https://www.mm2values.com/?p=uncommon,1012,2026-07-31T08:58:41.229070+00:00
4cb85f216c4543f90c85566a,mm2values,uncommon,TIER 2,Night,night,1.0,1 X (T1) Rare,,,N/A,2.0,2.5,Stable,,,https://www.mm2values.com/img/night.png,https://murder-mystery-2.fandom.com/wiki/Night,https://www.mm2values.com/?p=uncommon,149,2026-07-31T08:58:41.229070+00:00
5b8a21554b20db0a7b8ae013,mm2values,uncommon,TIER 3,Nutcracker,nutcracker,1.0,1,,,N/A,1.0,3.0,Stable,,,https://www.mm2values.com/img/Nutcracker2015UP.png,https://murder-mystery-2.fandom.com/wiki/Nutcracker,https://www.mm2values.com/?p=uncommon,143,2026-07-31T08:58:41.229070+00:00
e074a5b38d7b5251907080f5,mm2values,uncommon,TIER 2,Ornaments Knife,ornaments knife,1.0,1 X (T1) Rare,,,N/A,2.0,1.5,Stable,,,https://www.mm2values.com/img/Ornaments_Knife_2025.png,,https://www.mm2values.com/?p=uncommon,970,2026-07-31T08:58:41.229070+00:00
93b197958b3fd8b7ffaeec3e,mm2values,uncommon,TIER 2,Painted Gun,painted gun,3.0,3 X (T1) Uncommon,,,N/A,2.0,2.5,Stable,,,https://www.mm2values.com/img/painted.png,https://murder-mystery-2.fandom.com/wiki/Painted_(Knife),https://www.mm2values.com/?p=uncommon,722,2026-07-31T08:58:41.229070+00:00
019fb00c39f3aef9c7ca91c5,mm2values,uncommon,TIER 1,Paper,paper,3.0,3 X (T1) Common,,,N/A,0.0,0.5,Stable,,,https://www.mm2values.com/img/PaperUP.png,https://murder-mystery-2.fandom.com/wiki/Paper,https://www.mm2values.com/?p=uncommon,166,2026-07-31T08:58:41.229070+00:00
972ad6ac9d2a66241853dab0,mm2values,uncommon,TIER 2,Paws Gun,paws gun,1.0,1 X (T1) Rare,,,N/A,2.0,2.0,N/A,,,https://www.mm2values.com/img/Paws_2026.png,https://murder-mystery-2.fandom.com/wiki/Paws,https://www.mm2values.com/?p=uncommon,996,2026-07-31T08:58:41.229070+00:00
637c588e62b975ac14ec0064,mm2values,uncommon,TIER 1,Pink,pink,3.0,3 X (T1) Common,,,N/A,0.0,0.5,Stable,,,https://www.mm2values.com/img/PinkUP.png,https://murder-mystery-2.fandom.com/wiki/Pink,https://www.mm2values.com/?p=uncommon,178,2026-07-31T08:58:41.229070+00:00
6ddeebbea695cc3de5336962,mm2values,uncommon,TIER 1,Pirate,pirate,3.0,3 X (T1) Common,,,N/A,0.0,0.5,Stable,,,https://www.mm2values.com/img/PirateUP.png,https://murder-mystery-2.fandom.com/wiki/Pirate,https://www.mm2values.com/?p=uncommon,455,2026-07-31T08:58:41.229070+00:00
3af9f1441c1c6f66d9f5a637,mm2values,uncommon,TIER 2,Polar Bear Knife,polar bear knife,3.0,3 X (T1) Rare,,,N/A,2.0,1.5,Stable,,,https://www.mm2values.com/img/Polar_Bear_2025.png,,https://www.mm2values.com/?p=uncommon,976,2026-07-31T08:58:41.229070+00:00
e7400392993a4a1886a7ca06,mm2values,uncommon,TIER 2,Pool Knife,pool knife,2.0,2 X (T1) Rare,,,N/A,2.0,1.0,Stable,,,https://www.mm2values.com/img/PoolK25.png,https://murder-mystery-2.fandom.com/wiki/Pool_Knife_(Summer_2025),https://www.mm2values.com/?p=uncommon,918,2026-07-31T08:58:41.229070+00:00
f0bf9cb785111018c21444ed,mm2values,uncommon,TIER 2,Pool Noodle,pool noodle,2.0,2 X (T1) Rare,,,N/A,2.0,3.0,Stable,,,https://www.mm2values.com/img/Pool_Noodle_knife.png,https://murder-mystery-2.fandom.com/wiki/Pool_Noodle,https://www.mm2values.com/?p=uncommon,734,2026-07-31T08:58:41.229070+00:00
2ddf5f21f5836d750a852b3b,mm2values,uncommon,TIER 2,Popsicle,popsicle,3.0,3 X (T1) Uncommon,,,N/A,2.0,3.0,Stable,,,https://www.mm2values.com/img/Popsicle_knife.png,https://murder-mystery-2.fandom.com/wiki/Popsicle,https://www.mm2values.com/?p=uncommon,732,2026-07-31T08:58:41.229070+00:00
81ec556fb54eeacb3f0a5b7c,mm2values,uncommon,TIER 1,Popsicle Gun,popsicle gun,3.0,3 X (T1) Common,,,N/A,0.0,0.5,Stable,,,https://www.mm2values.com/img/PopsicleGun.png,https://murder-mystery-2.fandom.com/wiki/Popsicle_(Gun),https://www.mm2values.com/?p=uncommon,819,2026-07-31T08:58:41.229070+00:00
15a3c809842b2843d8006047,mm2values,uncommon,TIER 2,Portal gun,portal gun,2.0,2 X (T1) Uncommon,,,N/A,2.0,2.0,Stable,,,https://www.mm2values.com/img/PortalGun2020UP.png,https://murder-mystery-2.fandom.com/wiki/Portal_(Gun),https://www.mm2values.com/?p=uncommon,711,2026-07-31T08:58:41.229070+00:00
2fd5b595393759ee12334d12,mm2values,uncommon,TIER 3,Potion,potion,3.0,3,,,N/A,1.0,2.5,Stable,,,https://www.mm2values.com/img/Potion2017UP.png,https://murder-mystery-2.fandom.com/wiki/Potion_(2017),https://www.mm2values.com/?p=uncommon,182,2026-07-31T08:58:41.229070+00:00
7223b50edcb0b1faeff39da7,mm2values,uncommon,TIER 3,Potion Gun,potion gun,2.0,2,,,N/A,1.0,2.0,Stable,,,https://www.mm2values.com/img/PotionGun2018UP.png,https://murder-mystery-2.fandom.com/wiki/Potion_Gun_(2018),https://www.mm2values.com/?p=uncommon,192,2026-07-31T08:58:41.229070+00:00
efdb36f50ef72a860f712443,mm2values,uncommon,TIER 4,Potion Knife,potion knife,5.0,5,,,N/A,1.0,2.5,Stable,,,https://www.mm2values.com/img/PotionKnife_2018UP.png,https://murder-mystery-2.fandom.com/wiki/Potion_Knife_(2018),https://www.mm2values.com/?p=uncommon,189,2026-07-31T08:58:41.229070+00:00
eb324724ee56a7bf8d27ed18,mm2values,uncommon,TIER 2,Pumpkin,pumpkin,3.0,3 X (T1) Legend,,,N/A,4.0,3.0,N/A,,,https://www.mm2values.com/img/PumpinKnife2025.png,https://murder-mystery-2.fandom.com/wiki/Pumpkin_(2025),https://www.mm2values.com/?p=uncommon,938,2026-07-31T08:58:41.229070+00:00
aec2f5b3cc085e8129c35622,mm2values,uncommon,TIER 2,Pumpkin,pumpkin,2.0,2 X (T1) Uncommon,,,N/A,1.0,2.0,Stable,,,https://www.mm2values.com/img/Pumpkinknife2020.png,https://murder-mystery-2.fandom.com/wiki/Pumpkin_(2020),https://www.mm2values.com/?p=uncommon,602,2026-07-31T08:58:41.229070+00:00
d501f594bb2d1b4c547ec776,mm2values,uncommon,TIER 2,Pumpkin Patch,pumpkin patch,1.0,1 X (T1) Legend,,,N/A,3.0,3.0,N/A,,,https://www.mm2values.com/img/PumpkinPatchGun2025.png,https://murder-mystery-2.fandom.com/wiki/Pumpkin_Patch_(2025),https://www.mm2values.com/?p=uncommon,947,2026-07-31T08:58:41.229070+00:00
2d7d367c2dc86e9790d8596b,mm2values,uncommon,TIER 2,Pumpkin Pie,pumpkin pie,1.0,1 X (T1) Legend,,,N/A,2.0,3.0,Stable,,,https://www.mm2values.com/img/PumpkinPie.png,https://murder-mystery-2.fandom.com/wiki/Pumpkin_Pie,https://www.mm2values.com/?p=uncommon,766,2026-07-31T08:58:41.229070+00:00
1a85b34edd6395af7d26f9f9,mm2values,uncommon,TIER 1,Red,red,3.0,3 X (T1) Common,,,N/A,0.0,0.5,Stable,,,https://www.mm2values.com/img/RedUP.png,https://murder-mystery-2.fandom.com/wiki/Red,https://www.mm2values.com/?p=uncommon,180,2026-07-31T08:58:41.229070+00:00
92467867c95f0fd6d914863f,mm2values,uncommon,TIER 2,Retro Knife,retro knife,1.0,1 X (T1) Legend,,,N/A,2.0,2.0,Stable,,,https://www.mm2values.com/img/RetroK25.png,https://murder-mystery-2.fandom.com/wiki/Retro,https://www.mm2values.com/?p=uncommon,907,2026-07-31T08:58:41.229070+00:00
49a0425586cbc8558ff046a9,mm2values,uncommon,TIER 2,Rose,rose,2.0,2 X (T1) Rare,,,N/A,2.0,2.0,Stable,,,https://www.mm2values.com/img/Rose2023.png,https://murder-mystery-2.fandom.com/wiki/Rose,https://www.mm2values.com/?p=uncommon,700,2026-07-31T08:58:41.229070+00:00
d99fec1c235c45cd7491a8d8,mm2values,uncommon,TIER 1,Sketch,sketch,3.0,3 X (T1) Common,,,N/A,0.0,0.5,Stable,,,https://www.mm2values.com/img/SketchUP.png,https://murder-mystery-2.fandom.com/wiki/Sketch,https://www.mm2values.com/?p=uncommon,162,2026-07-31T08:58:41.229070+00:00
3f46e30b301c4ca77898f26e,mm2values,uncommon,TIER 4,Skulls,skulls,15.0,15,,,N/A,2.0,3.5,Stable,,,https://www.mm2values.com/img/Skulls2021UP.png,https://murder-mystery-2.fandom.com/wiki/Skulls_(2021),https://www.mm2values.com/?p=uncommon,607,2026-07-31T08:58:41.229070+00:00
eabbf55760dcbbc8ad1fb707,mm2values,uncommon,TIER 2,Snowflake Gun,snowflake gun,4.0,4 X (T1) Rare,,,N/A,2.0,3.0,Stable,,,https://www.mm2values.com/img/snowflakeg19.png,https://murder-mystery-2.fandom.com/wiki/Snowflake_Gun_(2018),https://www.mm2values.com/?p=uncommon,197,2026-07-31T08:58:41.229070+00:00
41ad21e337b95b6b2d21a3c7,mm2values,uncommon,TIER 2,Snowflake Gun 2022,snowflake gun 2022,3.0,3 X (T1) Uncommon,,,N/A,2.0,2.0,Stable,,,https://www.mm2values.com/img/SnowflakeGun.png,https://murder-mystery-2.fandom.com/wiki/Snowflake_(Gun),https://www.mm2values.com/?p=uncommon,680,2026-07-31T08:58:41.229070+00:00
8e23984533c865626a240c2c,mm2values,uncommon,TIER 5,Snowflake Knife,snowflake knife,50.0,50,,,N/A,3.0,4.0,Stable,,,https://www.mm2values.com/img/Snowflake_knife_2018up.png,https://murder-mystery-2.fandom.com/wiki/Snowflake_Knife_(2018),https://www.mm2values.com/?p=uncommon,194,2026-07-31T08:58:41.229070+00:00
4f5d5145905ab1da5b7b38bf,mm2values,uncommon,TIER 2,Snowflake Knife 2022,snowflake knife 2022,1.0,1 X (T1) Rare,,,N/A,2.0,3.0,Stable,,,https://www.mm2values.com/img/SnowflakeKnife22.png,https://murder-mystery-2.fandom.com/wiki/Snowflake_(Knife),https://www.mm2values.com/?p=uncommon,671,2026-07-31T08:58:41.229070+00:00
a40f475da8d675d6435372cf,mm2values,uncommon,TIER 3,Snowman (Gun),snowman gun,1.0,1,,,N/A,1.0,3.0,Stable,,,https://www.mm2values.com/img/SnowmanGun2015UP.png,https://murder-mystery-2.fandom.com/wiki/Snowman_Gun_(2015),https://www.mm2values.com/?p=uncommon,141,2026-07-31T08:58:41.229070+00:00
aaf8bb9c1dcb462d1916357c,mm2values,uncommon,TIER 3,Snowman (Knife),snowman knife,1.0,1,,,N/A,1.0,3.0,Stable,,,https://www.mm2values.com/img/snowman2015UP.png,https://murder-mystery-2.fandom.com/wiki/Snowman_Knife_(2015),https://www.mm2values.com/?p=uncommon,140,2026-07-31T08:58:41.229070+00:00
dad9a9b30e7bafaecdc45d34,mm2values,uncommon,TIER 4,Snowman Gun,snowman gun,4.0,4,,,N/A,2.0,3.0,Stable,,,https://www.mm2values.com/img/SnowmanGun2021.png,https://murder-mystery-2.fandom.com/wiki/Snowman_Gun_(2021),https://www.mm2values.com/?p=uncommon,563,2026-07-31T08:58:41.229070+00:00
e3eff5c1670ea20bc0848ccf,mm2values,uncommon,TIER 2,Snowman Gun 23,snowman gun 23,1.0,1 X (T1) Rare,,,N/A,2.0,2.0,Stable,,,https://www.mm2values.com/img/Snowmangun2023.png,https://murder-mystery-2.fandom.com/wiki/Snowman_(2023),https://www.mm2values.com/?p=uncommon,780,2026-07-31T08:58:41.229070+00:00
ec73ca498db76da7aa3b9422,mm2values,uncommon,TIER 2,Snowman Knife,snowman knife,2.0,2 X (T1) Uncommon,,,N/A,2.0,2.0,Stable,,,https://www.mm2values.com/img/snowmanknife2021.png,https://murder-mystery-2.fandom.com/wiki/Snowman_Knife_(2021),https://www.mm2values.com/?p=uncommon,552,2026-07-31T08:58:41.229070+00:00
116944eec810d0100948a1c8,mm2values,uncommon,TIER 2,Snowman Knife 24,snowman knife 24,2.0,2 X (T1) Uncommon,,,N/A,2.0,2.0,Stable,,,https://www.mm2values.com/img/Snowmanknife2024.png,https://murder-mystery-2.fandom.com/wiki/Snowman_(2024),https://www.mm2values.com/?p=uncommon,884,2026-07-31T08:58:41.229070+00:00
2785aac9a9ca09fd19b44359,mm2values,uncommon,TIER 3,Snowy,snowy,1.0,1,,,N/A,1.0,3.0,Stable,,,https://www.mm2values.com/img/snowy2015UP.png,https://murder-mystery-2.fandom.com/wiki/Snowy_(2015),https://www.mm2values.com/?p=uncommon,142,2026-07-31T08:58:41.229070+00:00
d7496c79f2a921741fda0bbf,mm2values,uncommon,TIER 1,Soda,soda,3.0,3 X (T1) Common,,,N/A,0.0,0.5,Stable,,,https://www.mm2values.com/img/SodaUP.png,https://murder-mystery-2.fandom.com/wiki/Soda,https://www.mm2values.com/?p=uncommon,169,2026-07-31T08:58:41.229070+00:00
be4788bfa94bb61a458a5e42,mm2values,uncommon,TIER 2,Soda Gun,soda gun,1.0,1 X (T1) Legend,,,N/A,2.0,2.0,Stable,,,https://www.mm2values.com/img/SodaG25.png,https://murder-mystery-2.fandom.com/wiki/Soda_Gun_(Summer_2025),https://www.mm2values.com/?p=uncommon,917,2026-07-31T08:58:41.229070+00:00
7af228c36d86219e15f9bffb,mm2values,uncommon,TIER 2,Soda Knife,soda knife,1.0,1 X (T1) Legend,,,N/A,2.0,2.0,Stable,,,https://www.mm2values.com/img/SodaK25.png,https://murder-mystery-2.fandom.com/wiki/Soda_Knife_(Summer_2025),https://www.mm2values.com/?p=uncommon,908,2026-07-31T08:58:41.229070+00:00
b1b96e74618c3f6d9e8d630f,mm2values,uncommon,TIER 1,Stalker,stalker,3.0,3 X (T1) Common,,,N/A,0.0,0.5,Stable,,,https://www.mm2values.com/img/Stalker2UP.png,https://murder-mystery-2.fandom.com/wiki/Stalker,https://www.mm2values.com/?p=uncommon,159,2026-07-31T08:58:41.229070+00:00
89a656405c1d4d777b917fcf,mm2values,uncommon,TIER 2,Starry Knife,starry knife,1.0,1 X (T1) Rare,,,N/A,1.0,1.0,N/A,,,https://www.mm2values.com/img/Starryknife26.png,https://murder-mystery-2.fandom.com/wiki/Starry_(2026),https://www.mm2values.com/?p=uncommon,998,2026-07-31T08:58:41.229070+00:00
abb5be30935809653f4e4b50,mm2values,uncommon,TIER 2,Stars Gun,stars gun,1.0,1 X (T1) Rare,,,N/A,2.0,2.0,Stable,,,https://www.mm2values.com/img/Stars2023gun.png,https://murder-mystery-2.fandom.com/wiki/Stars_(Gun),https://www.mm2values.com/?p=uncommon,784,2026-07-31T08:58:41.229070+00:00
d4441d6ceac428864693caf9,mm2values,uncommon,TIER 2,Stars Knife,stars knife,2.0,2 X (T1) Rare,,,N/A,2.0,2.0,Stable,,,https://www.mm2values.com/img/Starsknife2023.png,https://murder-mystery-2.fandom.com/wiki/Stars_(Knife),https://www.mm2values.com/?p=uncommon,785,2026-07-31T08:58:41.229070+00:00
d08effea0b4fe91fd5358df2,mm2values,uncommon,TIER 4,Steel Gun,steel gun,10.0,10,,,N/A,2.0,3.0,Stable,,,https://www.mm2values.com/img/Steel_Gun_2023.png,,https://www.mm2values.com/?p=uncommon,760,2026-07-31T08:58:41.229070+00:00
5923aa1e2a30244192faa215,mm2values,uncommon,TIER 2,Steel Knife,steel knife,3.0,3 X (T1) Uncommon,,,N/A,2.0,2.0,Stable,,,https://www.mm2values.com/img/Steel.png,,https://www.mm2values.com/?p=uncommon,756,2026-07-31T08:58:41.229070+00:00
5c315486b81c7f77a11bc506,mm2values,uncommon,TIER 2,Stockings 2022,stockings 2022,1.0,1 X (T1) Rare,,,N/A,2.0,3.0,Stable,,,https://www.mm2values.com/img/StockingsK2022.png,https://murder-mystery-2.fandom.com/wiki/Stockings_Knife_(2022),https://www.mm2values.com/?p=uncommon,669,2026-07-31T08:58:41.229070+00:00
0b21464c1dbac51c1e79ce22,mm2values,uncommon,TIER 2,Stockings Gun 2022,stockings gun 2022,3.0,3 X (T1) Uncommon,,,N/A,2.0,2.0,Stable,,,https://www.mm2values.com/img/StockingsG2022.png,https://murder-mystery-2.fandom.com/wiki/Stockings_Gun_(2022),https://www.mm2values.com/?p=uncommon,678,2026-07-31T08:58:41.229070+00:00
9079caee53adc4872ebe6fca,mm2values,uncommon,TIER 2,Sweater,sweater,2.0,2 X (T1) Rare,,,N/A,2.0,3.0,Stable,,,https://www.mm2values.com/img/Sweater2017UP.png,https://murder-mystery-2.fandom.com/wiki/Sweater,https://www.mm2values.com/?p=uncommon,185,2026-07-31T08:58:41.229070+00:00
cb3b6c2ea9a114ade6cadf8f,mm2values,uncommon,TIER 2,Sweater Gun,sweater gun,2.0,2 X (T1) Rare,,,N/A,2.0,3.0,Stable,,,https://www.mm2values.com/img/Sweater_2018up.png,https://murder-mystery-2.fandom.com/wiki/Sweater_Gun_(2018),https://www.mm2values.com/?p=uncommon,196,2026-07-31T08:58:41.229070+00:00
a17ee0d8899989a89ff99fe2,mm2values,uncommon,TIER 2,Sweater Gun,sweater gun,1.0,1 X (T1) Rare,,,N/A,2.0,1.5,Stable,,,https://www.mm2values.com/img/Sweater_Gun_2025.png,,https://www.mm2values.com/?p=uncommon,971,2026-07-31T08:58:41.229070+00:00
818c52e9f26ee9b53fc058bb,mm2values,uncommon,TIER 5,Sweater Knife,sweater knife,75.0,75,,,N/A,2.5,4.0,Stable,,,https://www.mm2values.com/img/Sweater_knife2018UP.png,https://murder-mystery-2.fandom.com/wiki/Sweater_knife_(2018),https://www.mm2values.com/?p=uncommon,193,2026-07-31T08:58:41.229070+00:00
6874d7715e50e3c2ba576ed8,mm2values,uncommon,TIER 2,Sweater Knife,sweater knife,2.0,2 X (T1) Rare,,,N/A,2.0,1.5,Stable,,,https://www.mm2values.com/img/Sweater_Knife_2025.png,,https://www.mm2values.com/?p=uncommon,978,2026-07-31T08:58:41.229070+00:00
f171708e4c5d7964a383f6ca,mm2values,uncommon,TIER 1,Tiger,tiger,3.0,3 X (T1) Common,,,N/A,0.0,0.5,Stable,,,https://www.mm2values.com/img/TigerUP.png,https://murder-mystery-2.fandom.com/wiki/Tiger,https://www.mm2values.com/?p=uncommon,454,2026-07-31T08:58:41.229070+00:00
9e57bc3ac7d8b5e2cb129b2d,mm2values,uncommon,TIER 2,Treats Gun,treats gun,3.0,3 X (T1) Legend,,,N/A,3.0,3.0,N/A,,,https://www.mm2values.com/img/TreatsGun2025.png,https://murder-mystery-2.fandom.com/wiki/Treats_(Gun),https://www.mm2values.com/?p=uncommon,937,2026-07-31T08:58:41.229070+00:00
976e2623aa56c31cd75a76d3,mm2values,uncommon,TIER 2,Treats knife,treats knife,1.0,1 X (T1) Legend,,,N/A,3.0,3.0,N/A,,,https://www.mm2values.com/img/TreatsKnife2025.png,https://murder-mystery-2.fandom.com/wiki/Treats_(Knife),https://www.mm2values.com/?p=uncommon,946,2026-07-31T08:58:41.229070+00:00
9a8aa6b9bb236221143ad450,mm2values,uncommon,TIER 2,Tree,tree,1.0,1 X (T1) Legend,,,N/A,2.0,3.0,Stable,,,https://www.mm2values.com/img/Tree2017UP.png,https://murder-mystery-2.fandom.com/wiki/Tree_Knife_(2017),https://www.mm2values.com/?p=uncommon,184,2026-07-31T08:58:41.229070+00:00
4067598b4ed95141254ae4de,mm2values,uncommon,TIER 3,Tree Knife,tree knife,3.0,3,,,N/A,2.0,3.0,Stable,,,https://www.mm2values.com/img/TreeKnife2021.png,https://murder-mystery-2.fandom.com/wiki/Tree_Knife_(2021),https://www.mm2values.com/?p=uncommon,562,2026-07-31T08:58:41.229070+00:00
2ed24c8bf8a56edf936b2109,mm2values,uncommon,TIER 1,Turtle Knife,turtle knife,3.0,3 X (T1) Common,,,N/A,0.0,0.5,Stable,,,https://www.mm2values.com/img/Turtle.png,https://murder-mystery-2.fandom.com/wiki/Turtle,https://www.mm2values.com/?p=uncommon,820,2026-07-31T08:58:41.229070+00:00
324c99e80d6f33e45a33d42a,mm2values,uncommon,TIER 1,Turtles,turtles,0.0,0,,,N/A,0.0,0.0,N/A,,,https://www.mm2values.com/img/Turtles2026.png,,https://www.mm2values.com/?p=uncommon,1014,2026-07-31T08:58:41.229070+00:00
d42ca9738c2fefcc9eb96177,mm2values,uncommon,TIER 3,Vampire,vampire,2.0,2,,,N/A,1.0,3.0,Stable,,,https://www.mm2values.com/img/vampire2016UP.png,https://murder-mystery-2.fandom.com/wiki/Vampire_(2016),https://www.mm2values.com/?p=uncommon,147,2026-07-31T08:58:41.229070+00:00
80bca699eecb0d0b8d94555d,mm2values,uncommon,TIER 4,Void,void,11.0,11,,,N/A,2.0,3.0,Stable,,,https://www.mm2values.com/img/Void.png,https://murder-mystery-2.fandom.com/wiki/Void,https://www.mm2values.com/?p=uncommon,658,2026-07-31T08:58:41.229070+00:00
45e63e4163c6b7f2bba92d9e,mm2values,uncommon,TIER 1,Wanwood,wanwood,3.0,3 X (T1) Common,,,N/A,0.0,0.5,Stable,,,https://www.mm2values.com/img/WanvvoodUP.png,https://murder-mystery-2.fandom.com/wiki/Wanwood,https://www.mm2values.com/?p=uncommon,154,2026-07-31T08:58:41.229070+00:00
4a48fa818f57d34ee59f03e4,mm2values,uncommon,TIER 3,Webs,webs,3.0,3,,,N/A,1.0,3.5,Stable,,,https://www.mm2values.com/img/Webs2017UP.png,https://murder-mystery-2.fandom.com/wiki/Webs,https://www.mm2values.com/?p=uncommon,183,2026-07-31T08:58:41.229070+00:00
3d4ffb2499567250d4eb9de5,mm2values,uncommon,TIER 2,Witchbrew,witchbrew,2.0,2 X (T1) Uncommon,,,N/A,2.0,2.0,Stable,,,https://www.mm2values.com/img/Witchbrew.png,https://murder-mystery-2.fandom.com/wiki/Witchbrew,https://www.mm2values.com/?p=uncommon,649,2026-07-31T08:58:41.229070+00:00
c82a97aba047bd0b6deab6dd,mm2values,uncommon,TIER 1,Witchs Brew,witchs brew,5.0,5 X (T1) Common,,,N/A,0.0,0.5,Stable,,,https://www.mm2values.com/img/WitchsBrew.png,https://murder-mystery-2.fandom.com/wiki/Witch%E2%80%99s_Brew,https://www.mm2values.com/?p=uncommon,849,2026-07-31T08:58:41.229070+00:00
5ddf27ccf43709f83c4bc15d,mm2values,uncommon,TIER 4,Wolf,wolf,4.0,4,,,N/A,1.0,3.0,Stable,,,https://www.mm2values.com/img/Wolf2016UP.png,https://murder-mystery-2.fandom.com/wiki/Wolf,https://www.mm2values.com/?p=uncommon,146,2026-07-31T08:58:41.229070+00:00
61fa08316d4f272b7c24eddb,mm2values,uncommon,TIER 1,Wooden,wooden,3.0,3 X (T1) Common,,,N/A,0.0,0.5,Stable,,,https://www.mm2values.com/img/WoodenGunUP.png,https://murder-mystery-2.fandom.com/wiki/Wooden,https://www.mm2values.com/?p=uncommon,170,2026-07-31T08:58:41.229070+00:00
0617fa9c49cd01465297f5df,mm2values,uncommon,TIER 2,Wraiths Gun,wraiths gun,2.0,2 X (T1) Rare,,,N/A,2.0,2.5,Stable,,,https://www.mm2values.com/img/WraithsGun.png,https://murder-mystery-2.fandom.com/wiki/Wraiths_(Gun),https://www.mm2values.com/?p=uncommon,605,2026-07-31T08:58:41.229070+00:00
6b4d97ea4f0960975fa57aa2,mm2values,uncommon,TIER 2,Wraiths Knife,wraiths knife,3.0,3 X (T1) Legend,,,N/A,2.0,3.0,Stable,,,https://www.mm2values.com/img/WraithsKnife.png,https://murder-mystery-2.fandom.com/wiki/Wraiths_(Knife),https://www.mm2values.com/?p=uncommon,609,2026-07-31T08:58:41.229070+00:00
c1140f2d4cf1ad8828112b08,mm2values,uncommon,TIER 4,Wrap Gun,wrap gun,6.0,6,,,N/A,2.0,3.0,Stable,,,https://www.mm2values.com/img/wrapgun2020.png,https://murder-mystery-2.fandom.com/wiki/Wrap_(Gun),https://www.mm2values.com/?p=uncommon,542,2026-07-31T08:58:41.229070+00:00
c64b231078ef4fe8dc98a4b2,mm2values,uncommon,TIER 4,Wrap Knife,wrap knife,4.0,4,,,N/A,2.0,3.0,Stable,,,https://www.mm2values.com/img/wrapknife2020.png,https://murder-mystery-2.fandom.com/wiki/Wrap_(Knife),https://www.mm2values.com/?p=uncommon,543,2026-07-31T08:58:41.229070+00:00
0ce0bc1ff9617891595af946,mm2values,uncommon,TIER 3,Wrapped (Gun),wrapped gun,1.0,1,,,N/A,1.0,3.0,Stable,,,https://www.mm2values.com/img/Wrappedgun2015UP.png,https://murder-mystery-2.fandom.com/wiki/Wrapped_Gun_(2015),https://www.mm2values.com/?p=uncommon,145,2026-07-31T08:58:41.229070+00:00
5a523b2f8acf8c15472ed5a0,mm2values,uncommon,TIER 3,Wrapped (Knife),wrapped knife,1.0,1,,,N/A,1.0,3.0,Stable,,,https://www.mm2values.com/img/wrapped2015UP.png,https://murder-mystery-2.fandom.com/wiki/Wrapped_Knife_(2015),https://www.mm2values.com/?p=uncommon,144,2026-07-31T08:58:41.229070+00:00
d00e4f20d6c1f19b0a5aa34c,mm2values,uncommon,TIER 2,Wrapped Gun 24,wrapped gun 24,1.0,1 X (T1) Rare,,,N/A,2.0,2.0,Stable,,,https://www.mm2values.com/img/Wrappedgunxmas2024.png,https://murder-mystery-2.fandom.com/wiki/Wrapped_Gun_(2024),https://www.mm2values.com/?p=uncommon,875,2026-07-31T08:58:41.229070+00:00
3e6b1e61f0d230de83a0c514,mm2values,uncommon,TIER 2,Wrapped Knife 24,wrapped knife 24,3.0,3 X (T1) Uncommon,,,N/A,2.0,2.0,Stable,,,https://www.mm2values.com/img/WrappedKnife2024.png,https://murder-mystery-2.fandom.com/wiki/Wrapped_Knife_(2024),https://www.mm2values.com/?p=uncommon,883,2026-07-31T08:58:41.229070+00:00
675292a427822828c2802ad7,mm2values,uncommon,TIER 2,Wreaths 2024,wreaths 2024,3.0,3 X (T1) Uncommon,,,N/A,2.0,2.0,Stable,,,https://www.mm2values.com/img/Wreaths2024.png,https://murder-mystery-2.fandom.com/wiki/Wreaths,https://www.mm2values.com/?p=uncommon,885,2026-07-31T08:58:41.229070+00:00
be142adbfb80ed9f1e1d6bfc,mm2values,uncommon,TIER 4,Zombie,zombie,8.0,8,,,N/A,2.0,3.0,Stable,,,https://www.mm2values.com/img/Zombie2021.png,https://murder-mystery-2.fandom.com/wiki/Zombie_Knife_(2021),https://www.mm2values.com/?p=uncommon,608,2026-07-31T08:58:41.229070+00:00
44fa13ec98e996e7f1aa230c,mm2values,uncommon,TIER 4,Zombie Gun,zombie gun,6.0,6,,,N/A,1.0,3.0,Stable,,,https://www.mm2values.com/img/ZombieGun2018UP.png,https://murder-mystery-2.fandom.com/wiki/Zombie_Gun_(2018),https://www.mm2values.com/?p=uncommon,188,2026-07-31T08:58:41.229070+00:00
e9b670b8fcb50f00fc5f0000,mm2values,uncommon,TIER 3,Zombie Knife,zombie knife,2.0,2,,,N/A,1.0,2.0,Stable,,,https://www.mm2values.com/img/ZombieKnife2018UP.png,https://murder-mystery-2.fandom.com/wiki/Zombie_Knife_(2018),https://www.mm2values.com/?p=uncommon,191,2026-07-31T08:58:41.229070+00:00
1a84c11a862fe058217ba04c,mm2values,uncommon,TIER 2,Zombie Knife,zombie knife,4.0,4 X (T1) Rare,,,N/A,2.0,3.0,Stable,,,https://www.mm2values.com/img/Zombie_Knife_2023.png,,https://www.mm2values.com/?p=uncommon,759,2026-07-31T08:58:41.229070+00:00
202daff042101ba848ecdad1,mm2values,uncommon,TIER 5,Zombified Knife,zombified knife,125.0,125,,,N/A,3.0,4.0,Stable,,,https://www.mm2values.com/img/zombifiedknife.png,https://murder-mystery-2.fandom.com/wiki/Zombified_(Knife),https://www.mm2values.com/?p=uncommon,425,2026-07-31T08:58:41.229070+00:00
a9e88096bcbe39a0b2267832,mm2values,uncommon,TIER 5,ZombifiedGun,zombifiedgun,20.0,20,,,N/A,2.0,4.0,Stable,,,https://www.mm2values.com/img/zombifiedgun.png,https://murder-mystery-2.fandom.com/wiki/Zombified%20(Gun),https://www.mm2values.com/?p=uncommon,424,2026-07-31T08:58:41.229070+00:00
2a044eb60f733486f3673b58,mm2values,unique,TIER 1,Blue Candy,blue candy,50000.0,"50,000",,,N/A,10.0,10.0,N/A,,,https://www.mm2values.com/img/bluecandy.png,https://murder-mystery-2.fandom.com/wiki/Blue_Candy,https://www.mm2values.com/?p=unique,487,2026-07-31T08:58:29.576316+00:00
552730f4a3176e6fa3ed349d,mm2values,unique,TIER 1,Blue Elderwood Blade,blue elderwood blade,45000.0,"45,000",,,N/A,10.0,10.0,N/A,,,https://www.mm2values.com/img/BlueElderwoodBlade.png,https://murder-mystery-2.fandom.com/wiki/Blue_Elderwood_Blade,https://www.mm2values.com/?p=unique,683,2026-07-31T08:58:29.576316+00:00
b9827d4ca2c6f6be51f20e24,mm2values,unique,TIER 1,Blue EW Revolver,blue ew revolver,50000.0,"50,000",,,N/A,10.0,10.0,N/A,,,https://www.mm2values.com/img/blueewr.png,https://murder-mystery-2.fandom.com/wiki/Blue_Elderwood,https://www.mm2values.com/?p=unique,496,2026-07-31T08:58:29.576316+00:00
ff76f92b463d4d84c7dff3cc,mm2values,unique,TIER 1,Blue Gingerscope,blue gingerscope,45000.0,"45,000",,,N/A,10.0,10.0,N/A,,,https://www.mm2values.com/img/BlueGscope.png,https://murder-mystery-2.fandom.com/wiki/Blue_Gingerscope,https://www.mm2values.com/?p=unique,802,2026-07-31T08:58:29.576316+00:00
6523f02549c149575e8b7689,mm2values,unique,TIER 1,Blue Gingerscythe,blue gingerscythe,40000.0,"40,000",,,N/A,10.0,10.0,N/A,,,https://www.mm2values.com/img/BlueGscythe.png,https://murder-mystery-2.fandom.com/wiki/Blue_Gingerscythe,https://www.mm2values.com/?p=unique,803,2026-07-31T08:58:29.576316+00:00
de573a15dcc267e6face0ddc,mm2values,unique,TIER 1,Blue Harvester,blue harvester,45000.0,"45,000",,,N/A,10.0,10.0,N/A,,,https://www.mm2values.com/img/BlueHarvester.png,https://murder-mystery-2.fandom.com/wiki/Blue_Harvester,https://www.mm2values.com/?p=unique,571,2026-07-31T08:58:29.576316+00:00
d34c51e3995d317876ab5955,mm2values,unique,TIER 1,Blue LogChopper,blue logchopper,50000.0,"50,000",,,N/A,10.0,10.0,N/A,,,https://www.mm2values.com/img/bluelogchopper.png,https://murder-mystery-2.fandom.com/wiki/Blue_Logchopper,https://www.mm2values.com/?p=unique,507,2026-07-31T08:58:29.576316+00:00
5799a14097d20e99bba523ad,mm2values,unique,TIER 1,Blue Minty,blue minty,50000.0,"50,000",,,N/A,10.0,10.0,N/A,,,https://www.mm2values.com/img/blueminty.png,https://murder-mystery-2.fandom.com/wiki/Blue_Minty,https://www.mm2values.com/?p=unique,506,2026-07-31T08:58:29.576316+00:00
92f0f5bfc571a3899663230a,mm2values,unique,TIER 1,Blue Sugar,blue sugar,50000.0,"50,000",,,N/A,10.0,10.0,N/A,,,https://www.mm2values.com/img/bluesugar.png,https://murder-mystery-2.fandom.com/wiki/Blue_Sugar,https://www.mm2values.com/?p=unique,495,2026-07-31T08:58:29.576316+00:00
a5503138002b0ee586e59ed3,mm2values,unique,TIER 1,Blue Swirly Axe,blue swirly axe,40000.0,"40,000",,,N/A,10.0,10.0,N/A,,,https://www.mm2values.com/img/Blueswirly.png,https://murder-mystery-2.fandom.com/wiki/Blue_Swirly_Axe,https://www.mm2values.com/?p=unique,577,2026-07-31T08:58:29.576316+00:00
26d44dd7bece3631cb10d23d,mm2values,unique,TIER 1,Blue Swirly Gun,blue swirly gun,40000.0,"40,000",,,N/A,10.0,10.0,N/A,,,https://www.mm2values.com/img/BlueSwirlyGun.png,https://murder-mystery-2.fandom.com/wiki/Blue_Swirly_Gun,https://www.mm2values.com/?p=unique,581,2026-07-31T08:58:29.576316+00:00
667f681e0c418b298ee6155d,mm2values,unique,TIER 1,Blue Synthwave,blue synthwave,40000.0,"40,000",,,N/A,10.0,10.0,N/A,,,https://www.mm2values.com/img/BlueSynthwave.png,,https://www.mm2values.com/?p=unique,929,2026-07-31T08:58:29.576316+00:00
833fccf5627f327be60f3e9f,mm2values,unique,TIER 1,Blue Vampires Edge,blue vampires edge,40000.0,"40,000",,,N/A,10.0,10.0,N/A,,,https://www.mm2values.com/img/bluevampire.png,https://murder-mystery-2.fandom.com/wiki/Blue_Vampire%27s_Edge,https://www.mm2values.com/?p=unique,508,2026-07-31T08:58:29.576316+00:00
d6fbf6f3139be6ec5c960bc5,mm2values,unique,TIER 1,Bronze Candy,bronze candy,,,,,,10.0,10.0,N/A,,,https://www.mm2values.com/img/bronzecandy.png,https://murder-mystery-2.fandom.com/wiki/Bronze_Candy,https://www.mm2values.com/?p=unique,486,2026-07-31T08:58:29.576316+00:00
5d56bac79eeffe152a1ebe81,mm2values,unique,TIER 1,Bronze Elderwood Blade,bronze elderwood blade,,,,,,10.0,10.0,N/A,,,https://www.mm2values.com/img/BronzeElderwoodBlade.png,https://murder-mystery-2.fandom.com/wiki/Bronze_Elderwood_Blade,https://www.mm2values.com/?p=unique,684,2026-07-31T08:58:29.576316+00:00
f66c1cdc61594134f430bad8,mm2values,unique,TIER 1,Bronze EW Revolver,bronze ew revolver,,,,,,10.0,10.0,N/A,,,https://www.mm2values.com/img/bronzeewr.png,https://murder-mystery-2.fandom.com/wiki/Bronze_Elderwood,https://www.mm2values.com/?p=unique,497,2026-07-31T08:58:29.576316+00:00
bae65079809d971b8667a554,mm2values,unique,TIER 1,Bronze Gingerscope,bronze gingerscope,,,,,,10.0,10.0,N/A,,,https://www.mm2values.com/img/BronzeGscope.png,https://murder-mystery-2.fandom.com/wiki/Bronze_Gingerscope,https://www.mm2values.com/?p=unique,804,2026-07-31T08:58:29.576316+00:00
c3e21dbe83f641ff32b7ecec,mm2values,unique,TIER 1,Bronze Gingerscythe,bronze gingerscythe,,,,,,10.0,10.0,N/A,,,https://www.mm2values.com/img/BronzeGscythe.png,https://murder-mystery-2.fandom.com/wiki/Bronze_Gingerscythe,https://www.mm2values.com/?p=unique,805,2026-07-31T08:58:29.576316+00:00
d8b0afdc7a38b558083be1a9,mm2values,unique,TIER 1,Bronze Hallows,bronze hallows,,,,,,10.0,10.0,N/A,,,https://www.mm2values.com/img/bronzehallows.png,https://murder-mystery-2.fandom.com/wiki/Bronze_Hallow,https://www.mm2values.com/?p=unique,491,2026-07-31T08:58:29.576316+00:00
1f07cff3bccb1a58af006cb6,mm2values,unique,TIER 1,Bronze Harvester,bronze harvester,,,,,,10.0,10.0,N/A,,,https://www.mm2values.com/img/BronzeHarvester.png,https://murder-mystery-2.fandom.com/wiki/Bronze_Harvester,https://www.mm2values.com/?p=unique,570,2026-07-31T08:58:29.576316+00:00
4add69f9c3789a31b60750eb,mm2values,unique,TIER 1,Bronze Iceblaster,bronze iceblaster,,,,,,10.0,10.0,N/A,,,https://www.mm2values.com/img/bronzeiceblaster.png,https://murder-mystery-2.fandom.com/wiki/Bronze_Iceblaster,https://www.mm2values.com/?p=unique,518,2026-07-31T08:58:29.576316+00:00
ae2fa0ef9b891ec68aec1869,mm2values,unique,TIER 1,Bronze Icebreaker,bronze icebreaker,,,,,,10.0,10.0,N/A,,,https://www.mm2values.com/img/bronzeicebreaker.png,https://murder-mystery-2.fandom.com/wiki/Bronze_Icebreaker,https://www.mm2values.com/?p=unique,515,2026-07-31T08:58:29.576316+00:00
9dc9e52bf9f5ff38042ef51b,mm2values,unique,TIER 1,Bronze Icecrusher,bronze icecrusher,,,,,,10.0,10.0,N/A,,,https://www.mm2values.com/img/Bronze-Icecrusher.png,https://murder-mystery-2.fandom.com/wiki/Bronze_Icecrusher,https://www.mm2values.com/?p=unique,692,2026-07-31T08:58:29.576316+00:00
6150390472c57c44a484c986,mm2values,unique,TIER 1,Bronze Icepiercer,bronze icepiercer,,,,,,10.0,10.0,N/A,,,https://www.mm2values.com/img/Bronze-Icepiercer.png,https://murder-mystery-2.fandom.com/wiki/Bronze_Icepiercer,https://www.mm2values.com/?p=unique,691,2026-07-31T08:58:29.576316+00:00
6248f5bf6309c4e57a421f1f,mm2values,unique,TIER 1,Bronze LogChopper,bronze logchopper,,,,,,10.0,10.0,N/A,,,https://www.mm2values.com/img/bronzelogchopper.png,https://murder-mystery-2.fandom.com/wiki/Bronze_Logchopper,https://www.mm2values.com/?p=unique,504,2026-07-31T08:58:29.576316+00:00
5862058042024d1ace1c037f,mm2values,unique,TIER 1,Bronze Minty,bronze minty,,,,,,10.0,10.0,N/A,,,https://www.mm2values.com/img/bronzeminty.png,https://murder-mystery-2.fandom.com/wiki/Bronze_Minty,https://www.mm2values.com/?p=unique,505,2026-07-31T08:58:29.576316+00:00
010d0a319362cba5daeaa8dd,mm2values,unique,TIER 1,Bronze Sugar,bronze sugar,,,,,,10.0,10.0,N/A,,,https://www.mm2values.com/img/bronzesugar.png,https://murder-mystery-2.fandom.com/wiki/Bronze_Sugar,https://www.mm2values.com/?p=unique,492,2026-07-31T08:58:29.576316+00:00
efd0e5a35a8ba0ed508d491d,mm2values,unique,TIER 1,Bronze Swirly Axe,bronze swirly axe,,,,,,10.0,10.0,N/A,,,https://www.mm2values.com/img/Bronzeswirly.png,https://murder-mystery-2.fandom.com/wiki/Bronze_Swirly_Axe,https://www.mm2values.com/?p=unique,576,2026-07-31T08:58:29.576316+00:00
6390e61b4e5a5b7dd9488f8a,mm2values,unique,TIER 1,Bronze Swirly Gun,bronze swirly gun,,,,,,10.0,10.0,N/A,,,https://www.mm2values.com/img/BronzeSwirlyGun.png,https://murder-mystery-2.fandom.com/wiki/Bronze_Swirly_Gun,https://www.mm2values.com/?p=unique,580,2026-07-31T08:58:29.576316+00:00
16002afdd4a21ec76cd6b498,mm2values,unique,TIER 1,Bronze Synthwave,bronze synthwave,,,,,,10.0,10.0,N/A,,,https://www.mm2values.com/img/BrozenSynthwave.png,,https://www.mm2values.com/?p=unique,930,2026-07-31T08:58:29.576316+00:00
b36bdd55f0097c8381250274,mm2values,unique,TIER 1,Bronze Travelers Axe,bronze travelers axe,,,,,,10.0,10.0,N/A,,,https://www.mm2values.com/img/bronzetravsaxe.png,https://murder-mystery-2.fandom.com/wiki/Bronze_Traveler%27s_Axe,https://www.mm2values.com/?p=unique,862,2026-07-31T08:58:29.576316+00:00
bf440967a85f26e4ece94a9a,mm2values,unique,TIER 1,Bronze Vampires Axe,bronze vampires axe,,,,,,10.0,10.0,N/A,,,https://www.mm2values.com/img/BronzeVampiresAxe.png,https://murder-mystery-2.fandom.com/wiki/Bronze_Vampire%E2%80%99s_Axe,https://www.mm2values.com/?p=unique,866,2026-07-31T08:58:29.576316+00:00
3cf1251d4b9fdabdc5f599c9,mm2values,unique,TIER 1,Bronze Vampires Edge,bronze vampires edge,,,,,,10.0,10.0,N/A,,,https://www.mm2values.com/img/bronzevampire.png,https://murder-mystery-2.fandom.com/wiki/Bronze_Vampire%27s_Edge,https://www.mm2values.com/?p=unique,509,2026-07-31T08:58:29.576316+00:00
07db71c0c5ead6b55c655c74,mm2values,unique,,Corrupt,corrupt,475.0,475,,,N/A,3.5,3.0,Stable,,,https://www.mm2values.com/img/CorruptUp.png,https://murder-mystery-2.fandom.com/wiki/Corrupt,https://www.mm2values.com/?p=unique,5,2026-07-31T08:58:29.576316+00:00
77c63916bfdfacf9157b529c,mm2values,unique,Gold Trophies,Gold Candy,gold candy,,,,,,10.0,10.0,N/A,,,https://www.mm2values.com/img/goldcandy.png,https://murder-mystery-2.fandom.com/wiki/Gold_Candy,https://www.mm2values.com/?p=unique,484,2026-07-31T08:58:29.576316+00:00
411bfce91c39e628d8c2dea4,mm2values,unique,Gold Trophies,Gold Edlerwood Blade,gold edlerwood blade,,,,,,10.0,10.0,N/A,,,https://www.mm2values.com/img/GoldElderwoodBlade.png,https://murder-mystery-2.fandom.com/wiki/Gold_Elderwood_Blade,https://www.mm2values.com/?p=unique,686,2026-07-31T08:58:29.576316+00:00
5fe8329c27a41b7805136478,mm2values,unique,Gold Trophies,Gold EW Revolver,gold ew revolver,,,,,,10.0,10.0,N/A,,,https://www.mm2values.com/img/goldewr.png,https://murder-mystery-2.fandom.com/wiki/Gold_Elderwood,https://www.mm2values.com/?p=unique,499,2026-07-31T08:58:29.576316+00:00
712867fc2aac9b5d7dc85739,mm2values,unique,Gold Trophies,Gold Gingerscope,gold gingerscope,,,,,,10.0,10.0,N/A,,,https://www.mm2values.com/img/GoldGscope.png,https://murder-mystery-2.fandom.com/wiki/Gold_Gingerscope,https://www.mm2values.com/?p=unique,808,2026-07-31T08:58:29.576316+00:00
154a5200aa7723125bdcb911,mm2values,unique,Gold Trophies,Gold Gingerscythe,gold gingerscythe,,,,,,10.0,10.0,N/A,,,https://www.mm2values.com/img/GoldenGscythe.png,https://murder-mystery-2.fandom.com/wiki/Gold_Gingerscythe,https://www.mm2values.com/?p=unique,809,2026-07-31T08:58:29.576316+00:00
f64090f26e165167b86d8100,mm2values,unique,Gold Trophies,Gold Hallows,gold hallows,,,,,,10.0,10.0,N/A,,,https://www.mm2values.com/img/goldhallows.png,https://murder-mystery-2.fandom.com/wiki/Gold_Hallow,https://www.mm2values.com/?p=unique,489,2026-07-31T08:58:29.576316+00:00
609e5223b7255845dce3014b,mm2values,unique,Gold Trophies,Gold Harvester,gold harvester,,,,,,10.0,10.0,N/A,,,https://www.mm2values.com/img/GoldHarvester.png,https://murder-mystery-2.fandom.com/wiki/Gold_Harvester,https://www.mm2values.com/?p=unique,568,2026-07-31T08:58:29.576316+00:00
d3da1eb0e1bf4cea003f1262,mm2values,unique,Gold Trophies,Gold Iceblaster,gold iceblaster,,,,,,10.0,10.0,N/A,,,https://www.mm2values.com/img/goldiceblaster.png,https://murder-mystery-2.fandom.com/wiki/Gold_Iceblaster,https://www.mm2values.com/?p=unique,520,2026-07-31T08:58:29.576316+00:00
5cd018fe7ad9fa3c1f014fa4,mm2values,unique,Gold Trophies,Gold Icebreaker,gold icebreaker,,,,,,10.0,10.0,N/A,,,https://www.mm2values.com/img/goldicebreaker.png,https://murder-mystery-2.fandom.com/wiki/Gold_Icebreaker,https://www.mm2values.com/?p=unique,513,2026-07-31T08:58:29.576316+00:00
be9f265eec57407b8bdb428a,mm2values,unique,Gold Trophies,Gold Icecrusher,gold icecrusher,,,,,,10.0,10.0,N/A,,,https://www.mm2values.com/img/Gold-Icecrusher.png,https://murder-mystery-2.fandom.com/wiki/Gold_Icecrusher,https://www.mm2values.com/?p=unique,688,2026-07-31T08:58:29.576316+00:00
7153b618f7bf618b82215076,mm2values,unique,Gold Trophies,Gold Icepiercer,gold icepiercer,,,,,,10.0,10.0,N/A,,,https://www.mm2values.com/img/Gold-Icepiercer.png,https://murder-mystery-2.fandom.com/wiki/Gold_Icepiercer,https://www.mm2values.com/?p=unique,687,2026-07-31T08:58:29.576316+00:00
779b3ce1061bdee552a69944,mm2values,unique,Gold Trophies,Gold LogChopper,gold logchopper,,,,,,10.0,10.0,N/A,,,https://www.mm2values.com/img/goldlogchopper.png,https://murder-mystery-2.fandom.com/wiki/Gold_Logchopper,https://www.mm2values.com/?p=unique,500,2026-07-31T08:58:29.576316+00:00
f819652b214e62356e0ed1e9,mm2values,unique,Gold Trophies,Gold Minty,gold minty,,,,,,10.0,10.0,N/A,,,https://www.mm2values.com/img/goldminty.png,https://murder-mystery-2.fandom.com/wiki/Gold_Minty,https://www.mm2values.com/?p=unique,501,2026-07-31T08:58:29.576316+00:00
3558386bc42b2365e431f938,mm2values,unique,Gold Trophies,Gold Sugar,gold sugar,,,,,,10.0,10.0,N/A,,,https://www.mm2values.com/img/goldsugar.png,https://murder-mystery-2.fandom.com/wiki/Gold_Sugar,https://www.mm2values.com/?p=unique,494,2026-07-31T08:58:29.576316+00:00
4f01f8d3c24f3db87d8afd1f,mm2values,unique,Gold Trophies,Gold Swirly Axe,gold swirly axe,,,,,,10.0,10.0,N/A,,,https://www.mm2values.com/img/Goldswirly.png,https://murder-mystery-2.fandom.com/wiki/Gold_Swirly_Axe,https://www.mm2values.com/?p=unique,574,2026-07-31T08:58:29.576316+00:00
de33c8cbdb1f3d844dd76b49,mm2values,unique,Gold Trophies,Gold Swirly Gun,gold swirly gun,,,,,,10.0,10.0,N/A,,,https://www.mm2values.com/img/GoldSwirlyGun.png,https://murder-mystery-2.fandom.com/wiki/Gold_Swirly_Gun,https://www.mm2values.com/?p=unique,578,2026-07-31T08:58:29.576316+00:00
0175826617138dea83d4f13e,mm2values,unique,Gold Trophies,Gold Synthwave,gold synthwave,,,,,,10.0,10.0,N/A,,,https://www.mm2values.com/img/GoldSynthwave.png,,https://www.mm2values.com/?p=unique,932,2026-07-31T08:58:29.576316+00:00
a590b0972b6b91c1fdaeb1d0,mm2values,unique,Gold Trophies,Gold Travelers Axe,gold travelers axe,,,,,,10.0,10.0,N/A,,,https://www.mm2values.com/img/goldtravsaxe.png,https://murder-mystery-2.fandom.com/wiki/Gold_Traveler%27s_Axe,https://www.mm2values.com/?p=unique,864,2026-07-31T08:58:29.576316+00:00
0c2f4359a0cc240331f1830e,mm2values,unique,Gold Trophies,Gold Vampires Axe,gold vampires axe,,,,,,10.0,10.0,N/A,,,https://www.mm2values.com/img/GoldVampiresAxe.png,https://murder-mystery-2.fandom.com/wiki/Gold_Vampire%E2%80%99s_Axe,https://www.mm2values.com/?p=unique,868,2026-07-31T08:58:29.576316+00:00
2bf9d5093cc70b640e789f6f,mm2values,unique,Gold Trophies,Gold Vampires Edge,gold vampires edge,,,,,,10.0,10.0,N/A,,,https://www.mm2values.com/img/goldvampire.png,https://murder-mystery-2.fandom.com/wiki/Gold_Vampire%27s_Edge,https://www.mm2values.com/?p=unique,511,2026-07-31T08:58:29.576316+00:00
5097ce31452a76c0296a9dcd,mm2values,unique,TIER 1,Purple Vampires Axe,purple vampires axe,40000.0,"40,000",,,N/A,10.0,10.0,N/A,,,https://www.mm2values.com/img/PurpleVampiresAxe.png,https://murder-mystery-2.fandom.com/wiki/Purple_Vampire%E2%80%99s_Axe,https://www.mm2values.com/?p=unique,865,2026-07-31T08:58:29.576316+00:00
4a6258cdd4abba2590f99bf0,mm2values,unique,TIER 1,Red Hallows,red hallows,50000.0,"50,000",,,N/A,10.0,10.0,N/A,,,https://www.mm2values.com/img/redhallows.png,https://murder-mystery-2.fandom.com/wiki/Red_Hallow,https://www.mm2values.com/?p=unique,488,2026-07-31T08:58:29.576316+00:00
075d85a82423c30182e43823,mm2values,unique,TIER 1,Red Iceblaster,red iceblaster,45000.0,"45,000",,,N/A,10.0,10.0,N/A,,,https://www.mm2values.com/img/rediceblaster.png,https://murder-mystery-2.fandom.com/wiki/Red_Iceblaster,https://www.mm2values.com/?p=unique,517,2026-07-31T08:58:29.576316+00:00
27c876918db0c4726a52ee58,mm2values,unique,TIER 1,Red Icebreaker,red icebreaker,45000.0,"45,000",,,N/A,10.0,10.0,N/A,,,https://www.mm2values.com/img/redicebreaker.png,https://murder-mystery-2.fandom.com/wiki/Red_Icebreaker,https://www.mm2values.com/?p=unique,516,2026-07-31T08:58:29.576316+00:00
331660a7f40d4d03c8e87a32,mm2values,unique,TIER 1,Red Icecrusher,red icecrusher,45000.0,"45,000",,,N/A,10.0,10.0,N/A,,,https://www.mm2values.com/img/Red-Icecrusher.png,https://murder-mystery-2.fandom.com/wiki/Red_Icecrusher,https://www.mm2values.com/?p=unique,693,2026-07-31T08:58:29.576316+00:00
82f84945a16b02ed99258ebf,mm2values,unique,TIER 1,Red Icepiercer,red icepiercer,45000.0,"45,000",,,N/A,10.0,10.0,N/A,,,https://www.mm2values.com/img/Red-Icepiercer.png,https://murder-mystery-2.fandom.com/wiki/Red_Icepiercer,https://www.mm2values.com/?p=unique,694,2026-07-31T08:58:29.576316+00:00
e3e2a8bc483dcc229e397d4a,mm2values,unique,TIER 1,Red Travelers Axe,red travelers axe,40000.0,"40,000",,,N/A,10.0,10.0,N/A,,,https://www.mm2values.com/img/redtravsaxe.png,https://murder-mystery-2.fandom.com/wiki/Red_Traveler%27s_Axe,https://www.mm2values.com/?p=unique,861,2026-07-31T08:58:29.576316+00:00
7fbf2ef697e4fb18ea915837,mm2values,unique,Gold Trophies,Silver Candy,silver candy,,,,,,10.0,10.0,N/A,,,https://www.mm2values.com/img/silvercandy.png,https://murder-mystery-2.fandom.com/wiki/Silver_Candy,https://www.mm2values.com/?p=unique,485,2026-07-31T08:58:29.576316+00:00
759c5a4f3bced306e5fe1439,mm2values,unique,Gold Trophies,Silver Elderwood Blade,silver elderwood blade,,,,,,10.0,10.0,N/A,,,https://www.mm2values.com/img/SilverElderwoodBlade.png,https://murder-mystery-2.fandom.com/wiki/Silver_Elderwood_Blade,https://www.mm2values.com/?p=unique,685,2026-07-31T08:58:29.576316+00:00
5153dec8c25b100f5518cda8,mm2values,unique,Gold Trophies,Silver EW Revolver,silver ew revolver,,,,,,10.0,10.0,N/A,,,https://www.mm2values.com/img/silverewr.png,https://murder-mystery-2.fandom.com/wiki/Silver_Elderwood,https://www.mm2values.com/?p=unique,498,2026-07-31T08:58:29.576316+00:00
27005891271089a812b64c5f,mm2values,unique,Gold Trophies,Silver Gingerscope,silver gingerscope,,,,,,10.0,10.0,N/A,,,https://www.mm2values.com/img/SilverGscope2.png,https://murder-mystery-2.fandom.com/wiki/Silver_Gingerscope,https://www.mm2values.com/?p=unique,806,2026-07-31T08:58:29.576316+00:00
fc0dd92b375d09f8c0f7e2db,mm2values,unique,Gold Trophies,Silver Gingerscythe,silver gingerscythe,,,,,,10.0,10.0,N/A,,,https://www.mm2values.com/img/SilverGscythe.png,https://murder-mystery-2.fandom.com/wiki/Silver_Gingerscythe,https://www.mm2values.com/?p=unique,807,2026-07-31T08:58:29.576316+00:00
10b2fb09ae3ea7b15a58c4df,mm2values,unique,Gold Trophies,Silver Hallows,silver hallows,,,,,,10.0,10.0,N/A,,,https://www.mm2values.com/img/silverhallows.png,https://murder-mystery-2.fandom.com/wiki/Silver_Hallow,https://www.mm2values.com/?p=unique,490,2026-07-31T08:58:29.576316+00:00
884fd06c75753b8410c096e5,mm2values,unique,Gold Trophies,Silver Harvester,silver harvester,,,,,,10.0,10.0,N/A,,,https://www.mm2values.com/img/SilverHarvester.png,https://murder-mystery-2.fandom.com/wiki/Silver_Harvester,https://www.mm2values.com/?p=unique,569,2026-07-31T08:58:29.576316+00:00
67ff915b34ddb7576df1aafc,mm2values,unique,Gold Trophies,Silver Iceblaster,silver iceblaster,,,,,,10.0,10.0,N/A,,,https://www.mm2values.com/img/silvericeblaster.png,https://murder-mystery-2.fandom.com/wiki/Silver_Iceblaster,https://www.mm2values.com/?p=unique,519,2026-07-31T08:58:29.576316+00:00
c50979224d9b3a6703800b68,mm2values,unique,Gold Trophies,Silver Icebreaker,silver icebreaker,,,,,,10.0,10.0,N/A,,,https://www.mm2values.com/img/silvericebreaker.png,https://murder-mystery-2.fandom.com/wiki/Silver_Icebreaker,https://www.mm2values.com/?p=unique,514,2026-07-31T08:58:29.576316+00:00
128761fd472c21ba5849ac6c,mm2values,unique,Top 100 Trophies,Silver Icecrusher,silver icecrusher,,,,,,10.0,10.0,N/A,,,https://www.mm2values.com/img/Silver-Icecrusher.png,https://murder-mystery-2.fandom.com/wiki/Silver_Icecrusher,https://www.mm2values.com/?p=unique,689,2026-07-31T08:58:29.576316+00:00
28637d58e9dea1265bea8050,mm2values,unique,Gold Trophies,Silver Icepiercer,silver icepiercer,,,,,,10.0,10.0,N/A,,,https://www.mm2values.com/img/Silver-Icepiercer.png,https://murder-mystery-2.fandom.com/wiki/Silver_Icepiercer,https://www.mm2values.com/?p=unique,690,2026-07-31T08:58:29.576316+00:00
3cd4931e71fe904a81851590,mm2values,unique,Gold Trophies,Silver LogChopper,silver logchopper,,,,,,10.0,10.0,N/A,,,https://www.mm2values.com/img/silverlogchopper.png,https://murder-mystery-2.fandom.com/wiki/Silver_Logchopper,https://www.mm2values.com/?p=unique,503,2026-07-31T08:58:29.576316+00:00
9af6a13121f898ba07cf31a4,mm2values,unique,Gold Trophies,Silver Minty,silver minty,,,,,,10.0,10.0,N/A,,,https://www.mm2values.com/img/silverminty.png,https://murder-mystery-2.fandom.com/wiki/Silver_Minty,https://www.mm2values.com/?p=unique,502,2026-07-31T08:58:29.576316+00:00
b53ed0bb579550b6ecd42dd5,mm2values,unique,Gold Trophies,Silver Sugar,silver sugar,,,,,,10.0,10.0,N/A,,,https://www.mm2values.com/img/silversugar.png,https://murder-mystery-2.fandom.com/wiki/Silver_Sugar,https://www.mm2values.com/?p=unique,493,2026-07-31T08:58:29.576316+00:00
1bdce5e3e4d4c9ae5e8d8a86,mm2values,unique,Gold Trophies,Silver Swirly Axe,silver swirly axe,,,,,,10.0,10.0,N/A,,,https://www.mm2values.com/img/Silverswirly.png,https://murder-mystery-2.fandom.com/wiki/Silver_Swirly_Axe,https://www.mm2values.com/?p=unique,575,2026-07-31T08:58:29.576316+00:00
295a2cb9f5d2fffeb35af307,mm2values,unique,Gold Trophies,Silver Swirly Gun,silver swirly gun,,,,,,10.0,10.0,N/A,,,https://www.mm2values.com/img/SilverSwirlyGun.png,https://murder-mystery-2.fandom.com/wiki/Silver_Swirly_Gun,https://www.mm2values.com/?p=unique,579,2026-07-31T08:58:29.576316+00:00
8d66dbaa2c7a7e10d38c19f0,mm2values,unique,TIER 1,Silver Synthwave,silver synthwave,,,,,,10.0,10.0,N/A,,,https://www.mm2values.com/img/SilverSynthwave.png,,https://www.mm2values.com/?p=unique,931,2026-07-31T08:58:29.576316+00:00
56a0292e5f172a2f07aa6a04,mm2values,unique,Top 100 Trophies,Silver Travelers Axe,silver travelers axe,,,,,,10.0,10.0,N/A,,,https://www.mm2values.com/img/Silvertravsaxe.png,https://murder-mystery-2.fandom.com/wiki/Silver_Traveler%27s_Axe,https://www.mm2values.com/?p=unique,863,2026-07-31T08:58:29.576316+00:00
a78bc4d94e3bc31e1baa4deb,mm2values,unique,TIER 1,Silver Vampires Axe,silver vampires axe,,,,,,10.0,10.0,N/A,,,https://www.mm2values.com/img/SilverVampiresAxe.png,https://murder-mystery-2.fandom.com/wiki/Silver_Vampire%E2%80%99s_Axe,https://www.mm2values.com/?p=unique,867,2026-07-31T08:58:29.576316+00:00
79d01bea52bc736d19177663,mm2values,unique,Gold Trophies,Silver Vampires Edge,silver vampires edge,,,,,,10.0,10.0,N/A,,,https://www.mm2values.com/img/silvervampire.png,https://murder-mystery-2.fandom.com/wiki/Silver_Vampire%27s_Edge,https://www.mm2values.com/?p=unique,510,2026-07-31T08:58:29.576316+00:00
0d9845ac074f82180d91ab72,mm2values,vintage,TIER 2,America,america,8.0,8,,,N/A,1.0,3.0,Stable,,,https://www.mm2values.com/img/america.png,https://murder-mystery-2.fandom.com/wiki/America,https://www.mm2values.com/?p=vintage,369,2026-07-31T08:58:46.082693+00:00
f6d33d489b332ae4bdf931c1,mm2values,vintage,TIER 2,Blood,blood,8.0,8,,,N/A,1.0,3.0,Stable,,,https://www.mm2values.com/img/blood.png,https://murder-mystery-2.fandom.com/wiki/Blood,https://www.mm2values.com/?p=vintage,371,2026-07-31T08:58:46.082693+00:00
450674c6af7c84762adafe27,mm2values,vintage,TIER 1,Cowboy,cowboy,4.0,4,,,N/A,1.0,3.0,Stable,,,https://www.mm2values.com/img/cowboy.png,https://murder-mystery-2.fandom.com/wiki/Cowboy,https://www.mm2values.com/?p=vintage,378,2026-07-31T08:58:46.082693+00:00
7c820bab3759d6a73fbfeeb3,mm2values,vintage,TIER 3,Ghost,ghost,10.0,10,,,N/A,1.5,3.0,Stable,,,https://www.mm2values.com/img/ghost.png,https://murder-mystery-2.fandom.com/wiki/Ghost,https://www.mm2values.com/?p=vintage,376,2026-07-31T08:58:46.082693+00:00
693dfb74687f6cf7a6a3c7e5,mm2values,vintage,TIER 2,Golden,golden,5.0,5,,,N/A,1.0,3.0,Stable,,,https://www.mm2values.com/img/golden.png,https://murder-mystery-2.fandom.com/wiki/Golden,https://www.mm2values.com/?p=vintage,370,2026-07-31T08:58:46.082693+00:00
65cd7a53481213c43dfcb707,mm2values,vintage,TIER 2,Laser,laser,8.0,8,,,N/A,1.0,3.0,Stable,,,https://www.mm2values.com/img/laserc.png,https://murder-mystery-2.fandom.com/wiki/Laser_(Vintage),https://www.mm2values.com/?p=vintage,375,2026-07-31T08:58:46.082693+00:00
f92e5582bf1a3c409a21c82f,mm2values,vintage,TIER 2,Phaser,phaser,6.0,6,,,N/A,1.0,3.0,Stable,,,https://www.mm2values.com/img/phaser.png,https://murder-mystery-2.fandom.com/wiki/Phaser,https://www.mm2values.com/?p=vintage,372,2026-07-31T08:58:46.082693+00:00
636f403cd39a23a3c6805347,mm2values,vintage,TIER 2,Prince,prince,6.0,6,,,N/A,1.0,3.0,Stable,,,https://www.mm2values.com/img/prince.png,https://murder-mystery-2.fandom.com/wiki/Prince,https://www.mm2values.com/?p=vintage,373,2026-07-31T08:58:46.082693+00:00
ca956a422707847bdacfa2bf,mm2values,vintage,TIER 2,Shadow,shadow,7.0,7,,,N/A,1.0,3.0,Stable,,,https://www.mm2values.com/img/shadow.png,https://murder-mystery-2.fandom.com/wiki/Shadow,https://www.mm2values.com/?p=vintage,374,2026-07-31T08:58:46.082693+00:00
24d921905e1213eb01b2cab3,mm2values,vintage,TIER 1,Splitter,splitter,3.0,3,,,N/A,1.0,3.0,Stable,,,https://www.mm2values.com/img/splitter.png,https://murder-mystery-2.fandom.com/wiki/Splitter,https://www.mm2values.com/?p=vintage,377,2026-07-31T08:58:46.082693+00:00
